,subject,animale,group,FP,PL,IL,dACC,Vacc,OA,AU,M2,M1,S1,SS,GA,AuA,RS,AA,ViA,TeAA,Prh,lpEC,Ech,VA,aOn,TT,DPA,PC,PAA,FC,IG,CA1,CA2,CA3,DG,proSub,Sub,Clst,dEPn,vEPn,LAn,BLA,BMe,CCA,PAn,aAA,CA,IAn,MAn,LSN,SFn,DLS,DMS,NACC SHELL,NACC CORE,FStr,OT,MGCn,Gpe,Gpi,SubInn,MSn,DBn,TnS,BNST,VALCT,VMT,VPLT,VPMT,PTTn,MGC,dLGC,LPT,PCT,PlnT,EnT,AVT,AMn,IADT,IMDT,MDT,SMT,pRE ,PVT,PT ,RE,XiT,Rh,CMT,PCn,CLT,RT,IGLLGC,vlLGC,subGn,MHb,LHb,SON,PVH,IPVH,ArH,ADPO,AVPO,AVPV,DMH,MePO,MPA,PSN,SPZ,SCN,AHN,SMN,MPO,VMHn,PHn,LHA,LPO,PSTN,STN,ZI ,FF,TN ,reSN,cSN,VTA,PAG,SCO,PreCN,APTN
0,FT83,SS1,SS,3.915579526,2.031171194,2.445041438,1.264894532,1.154089662,3.724678896,0.909954933,1.894566028,1.505119622,1.181647844,0.781028081,0.576263368,-0.436735101,-0.402215856,0.117301686,0.834539959,-0.524123601,-0.471279222,-0.357427073,0.096804071,0.268214553,2.726444182,1.353166121,2.770047221,0.484820121,-0.307343902,-0.54431027,-1.192630285,-0.774369472,-0.84309287,-0.805008101,-1.181357426,-0.92946561,-0.980684773,1.209827919,0.665426338,-0.570948049,-0.849087925,-0.471167281,-0.288857076,-0.897898287,-0.670799299,-0.408637945,-0.625409352,0.104022183,-0.597109043,0.880390107,-0.290478146,0.096841384,0.314039825,0.752632416,0.946057934,-0.196348318,-0.632540399,-0.19142292,-0.276949885,-0.308575252,-0.275880228,0.376191879,-0.558381651,-0.708005124,0.23777493,-0.401345205,-1.048964553,-0.688220614,-0.673784388,-1.561894169,-1.464140774,-0.944726881,-1.288364598,-1.214454608,-1.340537332,-1.372569003,-0.288251766,0.040510255,0.313666689,-0.154557063,-0.416030188,-0.629277531,-0.291556095,0.394881857,0.706935668,-0.421270678,-0.067935565,0.698801299,0.34777963,-0.591756612,-0.792988969,-0.299491458,0.458634251,0.102139918,-0.40677641,-0.897637091,-0.068225782,-0.85521565,0.656607885,-0.342364808,0.306502473,2.114898294,0.091028751,-0.2691922,0.188790438,0.83815938,0.402672112,1.242937539,1.308340024,0.940605999,0.549853616,0.606752742,0.239814741,-0.496196429,0.387162084,0.067591651,0.295822486,-0.013905442,-0.71333268,-0.342480895,-0.635148207,-0.913238331,-1.310296716,-1.35571983,-0.759033574,-0.388977813,-1.494315055,-0.262335384,-1.028711549
1,FT100,SS2,SS,2.516747633,1.477853406,1.517816233,0.959710017,0.758402596,2.649568905,0.579784622,0.832695542,0.470619951,1.199661066,0.773865464,0.010258245,-0.557879298,0.063351162,0.301553595,0.879142173,-0.205436567,-0.38005439,-0.70150562,0.084520241,0.160526985,3.889464931,2.040652256,1.382244374,0.395255399,-0.388793599,-1.239104291,-1.631977951,-1.063790116,-1.366791906,-1.093624901,-1.293454509,-0.785822156,-0.70181511,1.006175991,0.493286186,-0.193989326,-0.558215868,0.103166981,0.045892088,-0.328358044,-0.223452723,-0.117158567,-0.378135556,0.50024583,-0.45551179,0.707673405,-0.803621669,-0.316906934,0.199228642,0.620652705,0.828618018,-0.465504431,-0.418628383,-0.112841189,-1.247928609,-1.456385236,-0.400558067,-0.624264788,-0.351082308,-1.019026334,0.123024599,-0.968800063,-0.666130975,-1.005749236,0.19707769,-0.986769795,-1.216275574,-1.198998325,-1.229962746,-0.927142782,-1.005958142,-1.005764711,-0.674417555,-0.377149058,-0.0220099,0.952417672,0.246143376,-0.692789623,0.039679087,1.254108,0.578407394,-0.556904406,-0.042118978,0.302485932,0.988391953,-0.462227711,0.043806903,-0.571113841,-0.785427557,-0.556327982,-1.165422587,-0.90368348,0.080570382,-0.589404669,1.227201759,-0.402848289,0.66067743,1.875980651,-0.047674314,-0.173934409,1.48016684,1.21238882,0.348050518,0.960812573,2.157039637,3.013880556,0.554267216,0.371008688,0.471830829,-0.186039315,1.368278662,-0.404384131,-0.027201586,-0.518930049,-0.624744497,-0.140981518,-0.996213092,-0.550888705,-0.544598332,-0.604964251,-0.768912425,0.48123544,-2.272675299,-0.693315756,-0.61608266
2,FT27,SS3,SS,0.026768289,0.928498479,2.02159234,0.72315076,1.308821735,1.062209347,0.201780877,0.081387168,0.403390734,1.473361725,0.943614587,0.13137077,0.367448811,-0.341250488,1.641865988,1.550922344,0.019403715,0.358997458,-0.167678706,0.630144706,0.534207642,2.578879446,0.26119558,1.432953305,0.451661835,-0.019456868,-0.788031929,-1.422879654,-0.67745628,-1.158491842,-0.769408488,-1.173290973,-0.583659841,-0.948286551,1.399193174,0.897986334,0.125434651,-0.20772075,0.161594753,0.237755732,0.189023573,-0.196519516,-0.850513489,-0.016377661,0.562348632,-0.288632271,1.00885426,-0.561014495,-0.582326067,0.013726941,0.734529007,1.234241525,-0.343992135,-0.792169099,-1.162904824,-1.425761265,-1.166280425,-0.78140834,-0.495997117,-1.04743867,-1.031346931,0.206720781,-1.154688116,-0.874591407,-1.156581746,-1.29567711,-0.994766937,-1.295265451,-1.237172173,-1.373480608,-1.463222209,-0.990535085,-1.150077538,-0.309750363,-0.154884353,-0.256251196,0.801077756,-0.349298416,-1.089995948,-0.050360088,2.515109394,0.472557632,-0.482255949,0.271211236,0.066349275,0.941008787,-1.15290975,-0.762451456,-0.586726699,1.134875344,0.683660339,-1.255836779,-0.571503559,-0.329374134,-0.394119818,2.35354158,-0.119259408,0.090307812,2.181105977,-0.283346573,-0.61305639,1.998070161,0.260108801,0.078316194,0.705223023,2.35548461,2.476648971,1.533583279,1.218993686,0.116942132,-0.422730098,2.809074885,0.078974848,-0.345548205,-0.184227387,-0.843511174,-0.023178263,-0.84356469,-0.747495895,-1.389946957,-1.084257426,-0.911772423,0.445663968,-1.04365141,0.563274864,-0.991934725
3,FT98,SS4,SS,-0.42259694,-0.011596504,-0.000133341,-0.37801762,-0.545268661,0.519281309,-0.116765467,0.453017241,1.623403007,3.321376879,3.21072719,0.877528968,2.048591092,-0.023974179,1.592865267,2.659441137,0.518125467,0.194842043,-0.032804943,0.476677083,1.344267049,1.90292542,0.075317135,0.518471584,0.324769533,-0.389223576,-1.090985077,-1.675066573,-1.084205617,-1.252434678,-1.058919975,-1.409619728,-1.00306484,-1.18750745,1.422073665,0.341068817,-0.519195522,-0.734883983,-0.02272625,-0.309797511,-0.927071373,-0.464207269,-0.015781669,-0.232508484,0.923899209,-0.718038532,-0.050688747,-1.060726773,-1.245906073,-1.075622534,-0.171232956,0.203631526,-1.050968795,-0.270902141,-0.39923241,-1.134043385,-0.808584818,-0.823896555,0.051381034,-0.306507805,-1.357933882,-0.263023995,-0.930583356,-0.474682885,-0.61069125,1.108868933,0.208296176,-0.375201048,-0.781590816,-0.928852767,-0.683356907,-0.325766554,-0.470275442,-1.220909392,-0.446037679,-0.709880951,1.287894326,-0.372521017,-0.979465331,0.989842562,0.507522835,-0.122173159,0.017213823,0.503445632,1.008590073,0.672693994,-0.080829562,-0.271219681,-0.905812127,1.581281439,0.66653691,-0.931685217,-0.938598044,-0.233823096,-0.798223516,2.086308391,-0.102644501,0.779469706,2.083717271,-0.084243108,-0.307904978,1.910836261,1.676552708,0.416220805,0.467649445,1.424660947,2.476648971,5.72E-05,-0.138882068,0.115444556,-0.47472099,1.360788611,0.019388966,-0.361118187,0.206047999,1.386912556,0.052425738,0.083411207,-0.624377187,-1.42492829,-0.876319092,2.342302095,0.053270392,-1.64299512,-0.355405658,-0.662361219
4,FT99,SS5,SS,0.702254718,-0.132074941,-0.024125736,-0.320818169,0.092217423,1.338993625,-0.407149259,-0.101049706,-0.155242256,-0.258078511,-0.210253585,-0.283242704,-0.052382439,-0.701585633,-0.597317987,-0.419059839,0.02751623,-0.308777998,-0.419266006,0.140089473,-0.485852157,1.559463058,0.709894689,0.157855205,0.384327052,-0.116247182,-1.381713923,-1.512877567,-0.891224216,-0.953893189,-0.953062629,-0.8205265,-0.911145869,-0.588729646,0.211924055,0.015428935,-0.347578687,-0.374439342,0.030502711,0.159445638,0.066122532,-0.300419387,0.473438454,-0.585289597,0.113093336,-0.101562179,1.155981847,-0.12622568,-0.675626223,-0.640813399,1.514642284,0.924703357,0.174819829,0.512645586,1.620971602,-0.655304016,-0.941322873,1.748465468,3.522075728,1.367321013,-0.173873891,0.281467234,-1.514055666,-1.281728667,-1.280998246,-1.108088667,-0.897138273,0.204337098,-0.372536712,-1.007396551,-1.170321742,-0.450762481,-0.881275171,-0.819831422,-1.033432538,-0.335815369,-0.337988961,-1.02357185,-1.245537468,-1.102622288,0.998870575,0.391053996,-0.802501586,-0.493533362,-0.769161387,0.077326253,-1.461382863,-1.02786602,-1.017928756,1.405497309,0.200932392,-1.426475791,-0.904348238,0.314094684,-0.524322978,0.500363905,-0.211779223,0.393321837,3.435220385,2.913681881,0.971114564,0.816524423,2.787884478,2.448645002,2.119896497,0.561012438,-0.699747798,0.609455866,0.5734296,1.091492712,1.088429655,0.628971074,0.119843843,1.895474542,-0.148150101,-0.340292145,-0.029927873,-0.523421732,-0.482688962,-0.125966498,0.149367002,-0.100136679,0.382860318,-1.501685627,-0.091448199,0.389257396
5,FT26,SS6,SS,0.863011665,0.135218586,-0.247194797,0.7342085,0.641825322,1.653366987,-0.085449285,1.25337142,1.875569111,4.10091986,3.227143512,0.622835858,0.793264887,0.725574361,1.527304315,1.978325249,-0.507432282,-0.799360022,-0.837899746,-0.08174239,0.434376713,0.510740177,-0.012249557,0.172248747,-0.286743248,-1.21138272,-0.987558167,-1.411294092,-0.503115212,-0.949748536,-0.672888216,-1.334059455,-0.703280529,-1.185519098,0.818377254,-0.099899477,-0.733401261,-1.040876096,-0.362873928,-0.46871268,-0.819629794,-0.932208676,-0.543891065,-0.213709289,-0.157248788,-1.101159885,0.151957813,-1.11758168,-0.529945237,-0.220100246,-0.147478948,0.257644903,-0.600009446,-1.067205284,-1.1380666,-0.803842862,-0.747675102,-0.839247067,-0.866281659,-1.287446387,-1.278216181,-0.259472346,0.137324216,0.03331246,-0.306706169,0.793702237,0.541647434,-0.395587019,-1.188562914,-1.078897349,-0.422487584,0.690300655,0.180466698,0.137839161,0.596478453,1.549115393,1.622011798,0.165702602,-0.023627717,0.241212527,1.024154057,0.304265025,-0.303101557,0.585777481,1.495628167,2.065428482,0.446132264,0.215430026,-0.571772141,0.921189825,0.442220801,-1.170592759,-0.486848606,0.061592089,-1.13561885,-0.97650802,-0.384674426,-0.292844989,0.740930996,-0.661407773,-1.412366305,-0.038211935,-0.16708564,-0.258520051,-0.410185346,0.101274567,4.190040547,0.28202365,-0.196095362,-0.57406823,-0.413849917,1.072587066,-0.047047115,-0.365364003,0.197368168,0.000151438,0.353029574,0.045075064,-1.002932438,-0.720312498,-0.34457576,0.474595298,1.05977341,-1.499737591,0.268271808,0.529348723
6,FT28,SS7,SS,-0.51800156,1.381534379,1.456797159,0.964233264,2.36644779,0.428583737,-0.424372451,-0.444325993,-0.669887589,0.340223353,0.211778613,-0.24831955,0.308643988,0.341423039,1.420934378,1.608934669,0.478220233,-0.281531478,-0.580541896,0.510801398,-0.371108039,0.609785806,0.507037435,1.004688658,0.169785477,-0.665196033,-1.405855833,-1.416574678,-0.54305892,-1.192192155,-0.810424011,-1.196116901,-0.751781663,-1.209915352,1.233531869,-0.336787122,-0.64270295,-0.494745789,-0.490128441,-0.142359648,-0.588745935,-0.092113002,-0.140628142,-0.602111509,-0.17088002,-0.109770237,1.598442569,-0.150951214,-1.032064983,0.009373844,-0.240647331,0.578231177,-0.50776094,-1.196232335,-0.65468332,-1.11952251,-1.050596216,-0.824061679,-0.012929598,-0.714543945,-0.080338763,0.563187691,-1.292516418,-0.586833033,-1.072396697,-1.426056733,-0.73210636,-1.03478592,-1.13576156,-1.229130942,-1.34855124,-0.395122373,-1.202890386,-0.280373018,-0.025074874,0.089340548,0.422515222,-0.497652245,-1.295047715,1.851506246,3.325240202,1.676430409,0.20314582,0.658972936,-0.651484157,0.370108317,-1.286814817,-0.617332269,0.080068747,1.306828154,0.62372855,-1.294140735,0.187995145,0.593245805,-0.866772153,3.010184498,-0.449945141,-0.052115221,2.72272982,0.561035676,-0.204203259,1.623396864,0.420717754,0.652776619,1.522689195,1.469680386,2.234890462,0.836930493,0.161853532,0.297995228,-0.334461958,1.692298422,0.27302032,0.165881344,0.031537117,-1.000939107,0.047982298,0.182211092,-0.675345954,-1.006438699,-1.194640998,-0.573570524,0.994200681,-1.396373778,0.100504637,0.04734329
7,FT102,SS8,SS,-0.711581571,1.267857691,0.825763551,1.271528094,1.322931205,0.484180176,-0.276906887,0.367720639,0.219695641,1.33165278,0.806901761,0.216963231,1.147832621,1.092759107,1.829685601,2.814291429,0.298183992,0.193868826,0.046484693,0.669730668,-0.028528428,1.445700339,0.458408708,0.913427908,0.468484836,-0.549510002,-0.883609835,-1.349928631,-0.638590085,-1.072259778,-0.652179313,-1.114722838,-0.346032798,-0.595089991,0.760404172,0.127149067,-0.095924007,-0.511792248,0.092539503,-0.216607419,-0.472365333,-0.359659895,-0.414631454,-0.721841219,-0.049071029,-0.223776356,0.416452513,-0.438826979,-0.928024616,-0.153059937,0.085836649,1.077844456,-0.712895342,-0.697357305,-0.188257931,-1.409936796,-1.167183374,-0.686002362,-0.472201424,-0.337821001,-0.036413967,-0.234839998,-1.023242428,-0.922789924,-1.265357899,-1.432658335,-1.148942057,-0.926973017,-1.164503398,-1.293124784,-1.534322655,-0.663615821,-1.412849814,-0.761315523,-0.008434431,-0.403733854,0.139042919,-0.739596063,-1.386923956,0.308781551,1.204027646,0.323993329,-0.5778391,0.010302099,-0.761912692,0.464971737,-1.181288206,-0.740933138,-0.418566941,0.860411252,-0.006246755,-1.09299004,-0.384650675,-0.160849346,0.487154367,1.903737425,-0.029559636,0.595072936,1.764602958,0.735576521,-0.143994626,1.621061095,0.82245145,0.572767959,0.540660677,2.019794965,5.180224062,0.485415295,0.371008688,0.287059177,-0.076607786,1.296757741,-0.148783627,0.187699054,-0.061465671,0.26789152,0.037850508,-0.383950051,-0.257631448,-1.297203009,-1.127295422,-0.905081689,0.432575199,-1.55020484,-0.06720767,-0.72928398
8,FT97,SC1,SC,-0.023686551,1.155261947,1.223653491,0.749012728,1.101439932,0.985146256,-0.470939766,0.080537184,0.033839887,1.556411292,0.96506685,0.297461664,0.294275142,0.747207272,1.447263914,1.310671443,-0.276986298,-0.570099591,-0.474140674,-0.067208115,-0.222560066,2.309635382,0.195766288,0.822360285,0.331110764,-0.561014766,-0.893233088,-1.516248541,-0.64150862,-1.140224529,-0.7236317,-1.221214703,-0.914017414,-1.054749486,0.927314114,0.45124553,-0.619533844,-0.693643864,-0.386489733,-0.187925518,-0.577386153,-0.509627598,-0.162260707,-0.473273911,0.422624374,-0.620637978,0.44085157,-0.605475023,-1.114311557,0.11084511,0.485466478,1.088909635,-0.68555168,-0.052063143,-0.151762447,-1.336447404,-1.160397444,-0.54253941,1.346302229,1.778435647,-1.192492845,-0.15109709,-0.767408618,-0.708562255,-1.237420651,-1.416265111,-1.038439239,-1.354764513,-0.932100748,-1.226523176,-1.568757825,-0.757428257,-1.320996728,-0.805287232,0.160674982,0.63081649,0.613761762,-0.420962437,-1.102835042,0.426102215,2.405838862,0.13178049,-0.522467197,0.001870365,-0.024236819,0.565769716,-1.121004692,-0.285085675,-0.313109808,1.497712387,0.881195858,-1.372387491,-0.664357351,0.324780878,0.156208096,1.168623042,-0.592455598,0.619415501,2.990817454,1.19643498,4.035852893,0.789858477,1.873711224,0.889291638,1.356505574,1.421109975,0.208667028,0.380188961,-0.335825467,-0.330998929,0.521593584,1.532580709,-0.180336848,-0.269127888,-0.183235648,-0.523736771,-0.049563557,-0.580418025,-0.777011343,-1.208867829,-1.198362376,-0.834807519,0.093725645,-0.931633199,0.284866629,-0.866708707
9,FT42,SC2,SC,0.473797927,1.685009452,1.526512493,1.434986195,1.730715853,0.815335321,-0.258716466,0.158928004,-0.061172881,1.724805962,1.153877236,0.428837355,0.975765762,1.105864436,0.990913405,1.869115938,0.51510231,-0.622089652,-0.522274103,0.345178752,-0.125954692,1.620438418,-0.010043,1.036384708,0.374793062,-0.042527134,-0.834197186,-1.368742385,-0.449316537,-0.997513665,-0.628692678,-1.066008412,-0.414355761,-0.78450627,1.171610963,0.293748917,-0.50756423,-0.488257774,-0.271573925,-0.166768612,-0.580566383,-0.534539762,-0.739261959,-0.599362107,0.429068401,0.117623621,0.662488835,-0.470260575,-1.013934083,-0.28517316,-0.116445361,0.898600743,-0.727632688,-0.524450791,-0.794043975,-1.319290621,-1.05840419,-0.864423564,-0.315687331,-0.851671494,-1.015429796,-0.075599015,-0.797821766,-0.27824586,-0.906165717,-1.053588723,-1.088650835,-1.270244199,-0.594866861,-1.076085222,-1.390225528,-0.681885752,-1.356582115,-0.522132233,0.237078006,-0.671675179,0.72622081,-0.311824418,-0.907758713,1.481008763,2.684830898,0.692654411,-0.018960531,0.212185933,-1.015154163,0.529581138,-1.006775737,-0.356890379,-0.736351601,1.421857157,0.408010866,-1.104459185,0.121952677,0.202554999,-1.203768056,0.0130453,-0.573456679,-0.2227018,5.166385287,0.561064077,-0.020667022,0.570739598,2.777601597,0.492638238,0.861609201,0.8414191,0.317206078,0.011367182,0.804001949,-0.65502777,-0.584968401,1.682613878,-0.12251739,0.056360181,0.106298356,-0.202163104,-0.027225461,-0.472246752,-0.945285306,-1.146209445,-0.863089988,-0.76376085,0.703578387,-0.78432792,0.608022986,-0.591178246
10,FT43,SC3,SC,1.699631625,1.308979739,1.493707707,0.034698592,0.155764196,0.868537396,-0.023328698,0.354339232,0.474861509,0.97442711,0.826626728,-0.097553333,0.247704385,0.254435426,1.398051164,1.546739496,0.152470084,0.146984036,-0.081688194,0.681723054,0.15981586,2.540806892,0.936766809,1.019889582,0.085075842,-1.0107613,-0.504365306,-1.195393021,-0.649399379,-0.979816516,-0.856788727,-0.924071199,-0.460719098,-0.423024645,0.785815132,0.302918795,-0.485212265,-0.46744393,-0.256782203,-0.03955709,-0.638197535,-0.286354698,-0.375618615,-0.249871088,0.44489161,-0.159573298,0.610839102,-0.819795941,-1.012009399,-0.518016778,0.430591251,0.807781054,-0.798596887,-0.25153522,-0.477984467,-1.37701937,-1.137477501,-0.69549211,-0.391278843,-0.187161874,-0.990322902,-0.105544892,-1.196324438,-0.991987034,-1.278599622,-1.26804356,-0.958508796,-1.082880931,-1.130948267,-1.192288297,-1.316477253,-0.422798,-1.177385622,-1.242895297,-0.737887115,1.070248204,0.59602336,-0.660911695,-0.622928503,-0.483169356,2.273176587,1.01777837,-0.329972965,-0.080654321,0.670362869,0.087450955,-1.045822947,-0.409913396,-1.105747223,0.989966253,-0.260222237,-1.182353181,-0.693508192,-0.174267956,-0.345776009,0.50763808,-0.320379368,-0.342640238,0.952038946,-0.152460375,0.014741426,1.454970067,-0.629942074,0.189602581,0.301605496,1.829573635,5.598242751,0.787876669,1.81067518,-0.135834579,0.099248906,2.361164462,0.049079673,-0.084476236,0.388522242,0.478183564,-0.117302482,-0.135449593,-0.359070437,-0.87429316,-0.754596739,-0.282098122,1.603248576,-1.0013633,0.170570624,-0.536927651
11,FT72,SC4,SC,2.241772679,2.03875243,1.434150507,0.886691903,0.808628874,1.986202159,0.208381086,1.549161939,2.181649651,2.889156256,1.910216873,0.886415408,0.260034759,0.043342741,0.096902355,1.4132818,-0.303334422,0.224439306,-0.240497441,0.849413317,0.941327971,2.416367571,0.347536221,1.319528316,0.390167547,-0.231067062,-1.42422074,-1.703086686,-0.95312861,-1.07676241,-0.902092355,-1.418551238,-0.9332773,-1.20009287,1.613641787,0.034309657,-0.4389837,-1.181739468,-0.414834628,-0.027652202,-0.407358509,-0.258544819,-0.457632389,-0.56899032,-0.04656128,-0.330892711,0.64603067,-0.483604184,-0.602521452,0.248883665,0.376906496,1.211716508,-0.790823009,-0.417175445,-0.547190119,-1.118706524,-0.782670415,-0.522576641,-0.415666799,0.055025351,0.022602887,0.406496894,-0.826123175,-0.822944818,-1.219812643,-1.490483045,-1.272129369,-0.993027194,-1.230037612,-1.622696261,-1.665813468,-1.101196031,-1.445956515,-0.965310523,-0.551764376,1.343986097,1.541038874,-0.238352587,-0.552491855,-0.386030766,1.80873225,1.085529822,-0.386108614,0.527580492,1.402162919,1.443954021,-0.519073469,-0.392212993,-0.654108014,-0.009747098,0.016648836,-0.961501327,-1.036157823,-0.179628143,-0.749359406,0.341300306,-0.891445932,0.006458765,2.292277419,-0.020117026,-0.733333399,-0.36047774,-0.134959339,0.38154518,1.263643992,-0.072127727,1.676446554,-0.02021098,0.168909326,0.000480554,-0.9044627,0.622907048,-0.125429636,0.243222216,0.207162358,0.279730373,0.0262886,-0.028178349,-0.876426583,-0.801047977,-0.206402581,-0.386307261,0.260424,-1.389390348,0.097592252,-0.554537385
12,FT66,SC5,SC,2.758450561,1.24909342,0.811302092,0.974048857,0.576071704,2.164167153,0.271146698,1.516898765,1.506901024,3.352063389,2.727710555,0.674086144,0.321629194,0.196334333,1.906194952,1.183038223,-0.477129356,-0.275522469,-0.474206236,0.001725864,1.712817913,1.192658,0.414562465,0.463179529,0.244984926,-0.452720237,-1.165028808,-1.488891609,-0.979537182,-1.358238202,-1.1318168,-1.34840201,-0.80282406,-0.962038087,1.127943964,0.373849103,-0.427536903,-0.895550061,-0.291994357,-0.061848186,-0.689023553,-0.541090514,0.285289844,0.033587568,0.657300302,-0.368431355,0.271262525,-1.006049484,-0.709153151,-0.80600322,0.085813573,0.279282055,-0.182951921,-0.567974684,-0.19459868,-1.044848645,-0.89919253,-0.355714716,0.164365946,-0.139772653,-1.391108824,-0.358607355,-1.249339027,-0.661487092,-1.011170278,-0.311584443,-0.267987586,-1.12073089,-1.295237193,-1.3128765,-1.091792306,-0.13595949,-0.604935845,-0.470789325,-0.049232134,0.230131575,0.991996022,-0.662389327,-0.973712278,0.104851954,0.975295527,0.707145748,-0.072778643,0.8937926,1.042402316,1.374248069,-0.513840574,-0.145820067,-0.566569514,0.350820769,-0.297014564,-1.030284862,-1.32667826,-0.752948134,-1.138985912,-0.041505222,-0.367132868,-0.848804525,2.802272416,0.322309806,-0.367620562,0.241452187,-0.958221876,0.409472151,0.961570936,1.94744173,3.090918125,0.585142825,0.380085498,0.1431939,-0.584221013,1.549568213,0.345657302,0.34685825,0.516810704,0.606016158,0.311469904,0.109180244,-0.836197617,-1.186371546,-1.086958033,-0.849807347,0.67057779,-1.691589713,0.237038551,0.071051664
13,FT32,SC6,SC,1.515975377,2.280434277,1.862124476,2.305720668,1.918208972,1.918159479,-0.035938639,2.355362083,2.041189921,2.703031965,1.451459085,0.174806784,-0.442905558,0.01584897,1.235111961,1.684449333,-1.032654391,-0.562066552,-0.93302511,-0.048955281,0.0233494,1.894110411,1.230756583,2.015134139,0.69804161,-1.001829291,-1.040636252,-1.528366645,-0.951207015,-1.218666844,-1.104257172,-1.162384377,-0.765666995,-0.948961836,1.389709898,0.439566999,-0.88201589,-1.162798318,-0.606880156,-0.660926443,-0.90562852,-0.727606927,-0.63088423,-0.877120589,0.038683211,-0.640143909,1.192710013,-0.344401116,-0.669479722,0.397713972,0.372936008,0.71555761,-0.535016412,-0.082713963,-0.17179225,-0.435135167,-0.222747478,-0.534548479,0.402199831,0.472106355,-0.640170905,0.06006416,-0.924458333,-0.863699004,-0.407140162,-0.250612002,-0.852045667,-1.537815297,-0.960988619,-1.278598291,-1.099199894,-0.461073965,-1.237906099,-0.797189496,0.16825122,0.89843851,-0.464349498,-0.777104362,-1.351150437,-0.767993163,1.116409902,0.838025632,-0.32594475,-0.066457783,0.728052327,-0.475948842,-1.04051477,-0.290309836,-0.251511873,0.549166857,0.004830043,-0.891561593,-1.125255676,-0.058084478,0.454117922,0.122537744,-0.983768868,-0.172687623,3.015332395,0.22108268,0.098164722,0.119959612,0.207553111,0.084153722,0.620441185,0.168071245,0.897169691,-0.124459006,0.119838129,-0.617449148,-0.564793163,0.949740189,0.081139152,-0.043115115,0.713145954,-0.074741101,0.561801054,0.770836721,-1.054827227,-1.303938675,-0.910456331,-0.635604057,0.395729755,-1.236065861,-0.233334467,0.419612346
14,FT78,SC7,SC,0.939373873,2.224173438,1.70239093,2.036528704,1.614722969,2.230083205,0.476797382,0.921522251,0.753182991,2.384264884,1.666530418,0.561770824,1.364366898,0.95980119,1.663521364,2.068506453,0.728722634,0.117919664,-0.098145076,0.744715004,0.726933278,1.408940037,0.511172589,1.343611067,0.904163401,-0.655033211,-0.849408999,-1.394180538,-0.437479671,-0.987615783,-0.626906771,-1.047419416,-0.635613103,-0.775157458,1.757602349,0.583215138,-0.070025625,-0.325928001,0.027508257,0.251100874,-0.381744026,-0.705827157,-0.474413097,-0.346051266,0.65124212,-0.528551602,0.778684809,-0.231312306,-0.654785078,0.400962936,0.016943368,-1.105458157,-0.801463344,-1.050914252,-1.350844571,-1.218530081,-0.741935803,-0.665507234,-0.711411905,-0.923471563,-0.170830675,0.038468063,-1.169364728,-1.003929677,-1.025255166,-1.378453776,-0.794811584,-1.274429983,-1.269925139,-1.3225364,-1.497278199,-0.558130758,-1.321138466,-0.601226716,-0.003805473,-0.058265502,0.16925531,-0.730343432,-1.223901644,0.881841883,2.305879208,0.431790884,0.042438197,0.409430924,-0.291371063,0.804165659,-0.999638019,-0.569046266,-0.470607221,0.524935253,0.129627365,-1.32638072,-0.442515729,-0.501564478,-0.590737468,0.509498562,-0.582796104,-0.357022395,2.802272416,0.322309806,-0.152329013,0.504481468,0.58767639,-0.6155171,0.961570936,0.760613013,1.499027009,0.352728482,0.477129113,-0.235480163,-0.39802657,0.7451239,-0.423636625,-1.020264541,-0.164795093,-0.853903358,-0.206537414,-0.665727409,-0.854965241,-1.000574635,-0.96456035,-0.640604091,0.704144864,-1.223774499,0.829975022,-0.313707286
15,FT30,SC8,SC,0.972303483,0.428755326,-0.115372831,0.625763205,0.896469469,1.006162411,-0.081079863,0.220070629,0.200995934,0.755667796,0.354269524,-0.398120813,0.81237718,-0.514020905,1.121924226,2.826067347,0.481477692,-0.131109647,-0.173073208,0.240243868,-0.112749388,2.766454122,-0.09003337,-0.041455506,0.123210663,-0.824386096,-0.883380911,-1.465984948,-0.217187763,-0.820687157,-0.667770786,-1.222561721,-0.158431094,-0.052729012,1.199586583,0.511042317,0.296588351,-0.341238581,0.635143069,0.89556682,-0.404696705,-0.069049668,-0.961216116,-0.32177978,0.905684168,-0.532308184,0.650737766,-0.853685689,-1.046468404,-0.332358054,0.359616277,1.205559429,-0.811395637,-1.334244331,-1.199380934,-1.296936132,-0.903039447,-0.837814436,-0.905935605,-1.137148108,-0.949239696,-0.281210522,-1.01306272,-0.664344562,-0.860680256,-1.133568242,-0.085919596,-1.192221201,-1.464832631,-1.24832754,-1.417042184,-0.346573811,-0.641582451,-0.503154552,0.06984684,-0.060234439,1.465341723,-0.338138847,-0.860115621,0.79382871,2.552745322,1.256503385,0.143614364,0.922016348,1.765904534,1.49287827,-1.268189652,-0.279247741,-0.379718303,2.33888672,0.880724971,0.736435617,-0.8948119,-0.349854075,-1.30759891,1.608305912,-0.350933412,-1.538196844,2.396782992,0.127854502,-0.17990261,0.714868075,0.97799209,0.38870077,1.365620168,1.79079075,-1.295461166,0.849193724,0.392219179,-0.052725171,-0.768583202,2.167256713,0.046831219,0.005985405,0.189407461,-1.052675554,0.493577025,0.163545616,-1.135938174,-1.499018049,-1.100093419,-0.731843479,1.201729894,-1.53205115,0.38205958,-0.137263022
