id;name;tot_objects;tot_area;avrg_density;densities_stdev;slices_count;ideal_count
997;root;1201.0;9081094.606490668;0.00013225277921249617;0.00013832050705484748;30;30
184;Frontal pole, cerebral cortex;0;0;0;0;0;0
68;Frontal pole, layer 1;0;0;0;0;0;0
667;Frontal pole, layer 2/3;0;0;0;0;0;0
526157192;Frontal pole, layer 5;0;0;0;0;0;0
526157196;Frontal pole, layer 6a;261.0;203463.50047890242;0.0012827853614317604;0.0004606315232592082;2;5
526322264;Frontal pole, layer 6b;0;0;0;0;0;1
985;Primary motor area;0;0;0;0;0;0
320;Primary motor area, Layer 1;1975.0;6866116.264649406;0.0002876444155436751;0.00011079417094412356;23;31
943;Primary motor area, Layer 2/3;24981.0;20820579.01806657;0.001199822539917037;0.00043053914873112363;23;32
648;Primary motor area, Layer 5;20551.0;19294582.242133982;0.0010651176450517986;0.0003487948914471427;24;33
844;Primary motor area, Layer 6a;23628.0;18488105.761677664;0.0012780108630153103;0.00028464988367383364;24;32
882;Primary motor area, Layer 6b;616.0;1206328.1862487972;0.0005106404766314182;0.0004802680827685374;22;27
993;Secondary motor area;0;0;0;0;0;0
656;Secondary motor area, layer 1;1808.0;7435125.159478107;0.00024317008271141315;0.0001215848986469901;22;31
962;Secondary motor area, layer 2/3;14624.0;12425611.794546612;0.0011769239407928569;0.00026986395282826585;22;32
767;Secondary motor area, layer 5;24413.0;19379483.72358839;0.0012597342812742168;0.0003744543412923586;24;33
1021;Secondary motor area, layer 6a;17390.0;13610770.65823021;0.0012776646111132988;0.0001769573706816969;25;35
1085;Secondary motor area, layer 6b;322.0;462344.30013797065;0.0006964506751871068;0.0003493336686276331;23;31
353;Primary somatosensory area, nose;0;0;0;0;0;0
558;Primary somatosensory area, nose, layer 1;1102.0;2623333.610593588;0.00042007619448395197;0.00020961953708807977;10;12
838;Primary somatosensory area, nose, layer 2/3;6796.0;4045784.0524607277;0.001679773292859399;0.00015078839701847065;9;12
654;Primary somatosensory area, nose, layer 4;10853.0;3386880.239372066;0.0032044239042866678;0.0006148764273512301;10;12
702;Primary somatosensory area, nose, layer 5;5290.0;3598032.4571814802;0.0014702479933001835;0.00048328828869160194;9;12
889;Primary somatosensory area, nose, layer 6a;11556.0;5037928.828582979;0.0022937997723263518;0.00019793903146418177;9;12
929;Primary somatosensory area, nose, layer 6b;324.0;318726.0445028006;0.0010165469863168118;0.00020502629491658798;8;10
329;Primary somatosensory area, barrel field;0;0;0;0;0;0
981;Primary somatosensory area, barrel field, layer 1;2049.0;2582524.6912076906;0.0007934096455983182;0.0001529090859484393;11;23
201;Primary somatosensory area, barrel field, layer 2/3;9428.0;4618300.240223803;0.002041443715132544;0.00012631015432592124;11;22
1047;Primary somatosensory area, barrel field, layer 4;13411.0;4524871.629153601;0.002963840988016845;0.0004858805243979887;11;21
1070;Primary somatosensory area, barrel field, layer 5;7042.0;4872160.901974431;0.001445354564777663;0.00014876916474608823;11;20
1038;Primary somatosensory area, barrel field, layer 6a;12059.0;5089043.940997448;0.002369600290312378;0.0003841791111236946;11;19
1062;Primary somatosensory area, barrel field, layer 6b;631.0;590344.9745135752;0.0010688665564061474;0.0004000017198327458;10;18
337;Primary somatosensory area, lower limb;0;0;0;0;0;0
1030;Primary somatosensory area, lower limb, layer 1;861.0;1664789.7857060172;0.0005171824138954939;0.00025792577498393824;12;16
113;Primary somatosensory area, lower limb, layer 2/3;6656.0;3796195.029689703;0.00175333457526392;0.0005469213188600729;11;15
1094;Primary somatosensory area, lower limb, layer 4;4518.0;1520075.803685349;0.002972220193918179;0.0006531755201207303;10;15
1128;Primary somatosensory area, lower limb, layer 5;4144.0;2937081.3579775984;0.0014109244841802597;0.00027394601648026307;10;15
478;Primary somatosensory area, lower limb, layer 6a;4438.0;2496347.1550169885;0.0017777976076287347;0.0002464971953582773;10;15
510;Primary somatosensory area, lower limb, layer 6b;115.0;205413.0568499325;0.000559847566476823;0.0004658501263415201;9;13
345;Primary somatosensory area, mouth;0;0;0;0;0;0
878;Primary somatosensory area, mouth, layer 1;1881.0;4805236.164529912;0.00039144798207519835;0.00016978174646984403;14;18
657;Primary somatosensory area, mouth, layer 2/3;11935.0;9068263.44480472;0.0013161285038358315;0.00038731918398320726;14;18
950;Primary somatosensory area, mouth, layer 4;12027.0;5946117.964507535;0.002022664210799271;0.0006682430445643425;14;17
974;Primary somatosensory area, mouth, layer 5;7344.0;8047205.245508195;0.0009126149732665621;0.00018930109773120712;16;18
1102;Primary somatosensory area, mouth, layer 6a;18937.0;11063698.98520106;0.0017116336973132008;0.00028905314010402094;15;16
2;Primary somatosensory area, mouth, layer 6b;279.0;815261.0187383376;0.00034222168555509775;0.0002484913058500556;13;14
369;Primary somatosensory area, upper limb;0;0;0;0;0;0
450;Primary somatosensory area, upper limb, layer 1;1768.0;3068660.1683004946;0.0005761472118234472;0.00034356176304923256;18;24
854;Primary somatosensory area, upper limb, layer 2/3;12867.0;6476730.6402651165;0.0019866504745476503;0.0005534351435457457;18;25
577;Primary somatosensory area, upper limb, layer 4;10934.0;3420434.9952271436;0.003196669433933767;0.0008320922811594993;18;23
625;Primary somatosensory area, upper limb, layer 5;7740.0;5083873.511120546;0.0015224611672712551;0.00035737636916864554;18;24
945;Primary somatosensory area, upper limb, layer 6a;12748.0;6095520.121216663;0.002091371982454469;0.00034193004848702635;17;23
1026;Primary somatosensory area, upper limb, layer 6b;291.0;454336.8793319616;0.0006404939005344988;0.00032496690347351713;16;21
361;Primary somatosensory area, trunk;0;0;0;0;0;0
1006;Primary somatosensory area, trunk, layer 1;309.0;705316.0279767292;0.00043810148606206775;0.0001675652586311999;4;9
670;Primary somatosensory area, trunk, layer 2/3;2302.0;1615868.112845318;0.0014246212185885022;0.000951585441379304;5;11
1086;Primary somatosensory area, trunk, layer 4;1484.0;565729.3071288454;0.0026231626703794183;0.0006156142823172048;5;10
1111;Primary somatosensory area, trunk, layer 5;1971.0;1326065.5141219618;0.001486351902684894;0.0002730338965067801;5;11
9;Primary somatosensory area, trunk, layer 6a;1447.0;908752.0414598036;0.0015922935344118338;0.0007699010510689548;5;10
461;Primary somatosensory area, trunk, layer 6b;100.0;140598.3785044137;0.000711245755916458;0.0003078153677673603;4;8
182305689;Primary somatosensory area, unassigned;0;0;0;0;0;0
182305693;Primary somatosensory area, unassigned, layer 1;749.0;950056.4854990843;0.0007883741771485669;0.00041091325113773414;16;20
182305697;Primary somatosensory area, unassigned, layer 2/3;4131.0;1821823.8310737975;0.002267507938769884;0.0005472852270805502;16;20
182305701;Primary somatosensory area, unassigned, layer 4;3320.0;986045.0537691237;0.0033669861101269286;0.0005099166213733881;14;19
182305705;Primary somatosensory area, unassigned, layer 5;2195.0;1370197.704284586;0.0016019586028616678;0.00023616227342766006;12;19
182305709;Primary somatosensory area, unassigned, layer 6a;3548.0;1580115.747950207;0.002245405125923601;0.0002936311668134319;12;19
182305713;Primary somatosensory area, unassigned, layer 6b;105.0;127568.4473134787;0.000823087544069417;0.0004927465024072497;11;17
378;Supplemental somatosensory area;0;0;0;0;0;0
873;Supplemental somatosensory area, layer 1;2542.0;6140487.989928154;0.00041397361319971284;0.0002662252176038205;24;37
806;Supplemental somatosensory area, layer 2/3;14182.0;11135972.549986312;0.001273530438077223;0.00043418814085857693;24;36
1035;Supplemental somatosensory area, layer 4;12343.0;6140195.645522982;0.0020101965332325667;0.000733285717606903;24;35
1090;Supplemental somatosensory area, layer 5;13180.0;11058094.994423008;0.001191887029967381;0.00031025922906585804;23;36
862;Supplemental somatosensory area, layer 6a;21656.0;12167538.972829591;0.0017798175989703728;0.00028043840926907283;24;34
893;Supplemental somatosensory area, layer 6b;937.0;1140452.2749632148;0.0008216038676675207;0.0004348099404870674;24;32
1057;Gustatory areas;0;0;0;0;0;0
36;Gustatory areas, layer 1;206.0;1100425.550261957;0.00018720030623694766;0.00013195638533228647;16;22
180;Gustatory areas, layer 2/3;2186.0;2400377.098078226;0.0009106902418583066;0.0003108407571127348;17;22
148;Gustatory areas, layer 4;1470.0;959675.4788431359;0.0015317678031870183;0.0006654394742356833;16;21
187;Gustatory areas, layer 5;4007.0;3992401.8410998085;0.0010036564853642513;0.00028017413472609715;18;21
638;Gustatory areas, layer 6a;4251.0;3207494.0909716105;0.0013253336964721553;0.00016897127781773702;16;19
662;Gustatory areas, layer 6b;90.0;266322.9720793663;0.0003379355498224889;0.00026805943817604337;14;17
677;Visceral area;0;0;0;0;0;0
897;Visceral area, layer 1;327.0;1259425.0931946824;0.00025964227786705866;0.00017757491033327288;16;23
1106;Visceral area, layer 2/3;1934.0;2241470.744417853;0.00086282634061427;0.00033090587229468054;16;22
1010;Visceral area, layer 4;1128.0;815165.7170137225;0.0013837677130636877;0.0006496280593565686;15;21
1058;Visceral area, layer 5;3423.0;3273800.3119877316;0.0010455738511191233;0.0002921919369115786;16;22
857;Visceral area, layer 6a;3421.0;2342966.6880054427;0.0014601146561380616;0.00045380176076589206;14;21
849;Visceral area, layer 6b;134.0;205400.527697469;0.0006523839130411893;0.00035936899208457345;12;20
1011;Dorsal auditory area;0;0;0;0;0;0
527;Dorsal auditory area, layer 1;502.0;846187.4214845167;0.0005932491871828013;0.00032902277636066694;6;13
600;Dorsal auditory area, layer 2/3;2130.0;1420995.1298195368;0.001498949542684573;0.0005837767624715647;6;13
678;Dorsal auditory area, layer 4;1461.0;583467.4834054217;0.0025039955808211266;0.001051647226004175;6;12
252;Dorsal auditory area, layer 5;2203.0;1389583.4875972609;0.001585367140343056;0.0006079985668812315;6;12
156;Dorsal auditory area, layer 6a;1462.0;742701.1216439557;0.00196849036226563;0.00017994493178509572;5;11
243;Dorsal auditory area, layer 6b;114.0;117076.1659918609;0.0009737250877170444;0.00027632190687272904;5;10
1002;Primary auditory area;0;0;0;0;0;0
735;Primary auditory area, layer 1;393.0;664020.8305406126;0.0005918489028123395;0.00014736604175169402;4;8
251;Primary auditory area, layer 2/3;1107.0;861722.4369112366;0.0012846363893783918;3.726270491898187e-05;3;9
816;Primary auditory area, layer 4;790.0;414305.71407427604;0.0019068045000662727;0.00035662136617809295;3;10
847;Primary auditory area, layer 5;1699.0;1364384.1975963537;0.0012452504235926666;0.00019127395386432094;3;11
954;Primary auditory area, layer 6a;818.0;497859.99073096423;0.0016430322083102163;0.0005779965323938126;3;10
1005;Primary auditory area, layer 6b;17.0;71262.641105514;0.00023855416718037708;0.00012993634438106957;2;9
1027;Posterior auditory area;0;0;0;0;0;0
696;Posterior auditory area, layer 1;0;0;0;0;0;4
643;Posterior auditory area, layer 2/3;0;0;0;0;0;4
759;Posterior auditory area, layer 4;0;0;0;0;0;4
791;Posterior auditory area, layer 5;0;0;0;0;0;4
249;Posterior auditory area, layer 6a;0;0;0;0;0;4
456;Posterior auditory area, layer 6b;0;0;0;0;0;4
1018;Ventral auditory area;0;0;0;0;0;0
959;Ventral auditory area, layer 1;213.0;774623.7858780737;0.00027497219151172093;0.00017834139258214395;6;8
755;Ventral auditory area, layer 2/3;970.0;1149470.2533160592;0.0008438669875985804;0.00033907858211048344;6;8
990;Ventral auditory area, layer 4;887.0;680726.2310248169;0.0013030201563771723;0.0006306257526539493;6;8
1023;Ventral auditory area, layer 5;1974.0;1781903.298630369;0.0011078042234487601;0.00047544233426515355;6;12
520;Ventral auditory area, layer 6a;1661.0;950229.7654663565;0.0017479982845883695;0.0004339126780485596;5;12
598;Ventral auditory area, layer 6b;106.0;122239.3655485356;0.000867151097556313;0.00028394091932515127;5;12
402;Anterolateral visual area;0;0;0;0;0;0
1074;Anterolateral visual area, layer 1;17.0;24406.588019484;0.0006965332469425365;0.0;1;6
905;Anterolateral visual area, layer 2/3;94.0;62369.6397350301;0.0015071435461123021;0.0;1;5
1114;Anterolateral visual area, layer 4;86.0;40133.526886282496;0.0021428468084471915;0.0;1;5
233;Anterolateral visual area, layer 5;38.0;31998.7480565412;0.0011875464606569824;0.0;1;5
601;Anterolateral visual area, layer 6a;3.0;2170.4751707364;0.0013821858183165295;0.0;1;5
649;Anterolateral visual area, layer 6b;0;0;0;0;0;5
394;Anteromedial visual area;0;0;0;0;0;0
281;Anteromedial visual area, layer 1;125.0;535497.1242403173;0.00023342795757742152;9.701271217168591e-05;4;4
1066;Anteromedial visual area, layer 2/3;1155.0;960156.0792469096;0.0012029294246680337;0.00020371249921029028;4;8
401;Anteromedial visual area, layer 4;592.0;280093.6880541789;0.0021135785105071293;0.00020900394155381246;4;8
433;Anteromedial visual area, layer 5;1968.0;1044779.673614457;0.0018836507348880796;0.00012014805722781906;4;9
1046;Anteromedial visual area, layer 6a;1197.0;625501.0136741193;0.0019136659634953475;9.941721654133402e-05;4;10
441;Anteromedial visual area, layer 6b;60.0;105885.6732846545;0.0005666488972375029;0.00033618917440595135;4;9
409;Lateral visual area;0;0;0;0;0;0
421;Lateral visual area, layer 1;0;0;0;0;0;0
973;Lateral visual area, layer 2/3;0;0;0;0;0;0
573;Lateral visual area, layer 4;0;0;0;0;0;0
613;Lateral visual area, layer 5;0;0;0;0;0;0
74;Lateral visual area, layer 6a;0;0;0;0;0;0
121;Lateral visual area, layer 6b;0;0;0;0;0;0
385;Primary visual area;0;0;0;0;0;0
593;Primary visual area, layer 1;59.0;103048.0369442568;0.0005725485098946201;0.0;1;5
821;Primary visual area, layer 2/3;285.0;190909.5022841391;0.0014928539260231366;0.0;1;7
721;Primary visual area, layer 4;198.0;97624.1005476759;0.0020281877004675124;0.0;1;7
778;Primary visual area, layer 5;237.0;178976.3919056091;0.001324196993115115;0.0;1;7
33;Primary visual area, layer 6a;284.0;112268.05335936628;0.002529659965608609;0.0;1;7
305;Primary visual area, layer 6b;39.0;17354.7952448508;0.002247217524019557;0.0;1;6
425;Posterolateral visual area;0;0;0;0;0;0
750;Posterolateral visual area, layer 1;0;0;0;0;0;0
269;Posterolateral visual area, layer 2/3;0;0;0;0;0;0
869;Posterolateral visual area, layer 4;0;0;0;0;0;0
902;Posterolateral visual area, layer 5;0;0;0;0;0;0
377;Posterolateral visual area, layer 6a;0;0;0;0;0;0
393;Posterolateral visual area, layer 6b;0;0;0;0;0;0
533;posteromedial visual area;0;0;0;0;0;0
805;posteromedial visual area, layer 1;3.0;20067.8892082713;0.0001494925534452075;0.0;1;1
41;posteromedial visual area, layer 2/3;52.0;36880.065660438;0.0014099757977324174;0.0;1;2
501;posteromedial visual area, layer 4;48.0;16812.1764521667;0.0028550735317683343;0.0;1;4
565;posteromedial visual area, layer 5;24.0;54777.4796979729;0.00043813625841000763;0.0;1;6
257;posteromedial visual area, layer 6a;85.0;34169.2232272776;0.002487618739080487;0.0;1;6
469;posteromedial visual area, layer 6b;16.0;7592.1600370572005;0.002107437135400766;0.0;1;6
312782574;Laterointermediate area;0;0;0;0;0;0
312782578;Laterointermediate area, layer 1;0;0;0;0;0;0
312782582;Laterointermediate area, layer 2/3;0;0;0;0;0;0
312782586;Laterointermediate area, layer 4;0;0;0;0;0;0
312782590;Laterointermediate area, layer 5;0;0;0;0;0;0
312782594;Laterointermediate area, layer 6a;0;0;0;0;0;0
312782598;Laterointermediate area, layer 6b;0;0;0;0;0;0
312782628;Postrhinal area;0;0;0;0;0;0
312782632;Postrhinal area, layer 1;0;0;0;0;0;0
312782636;Postrhinal area, layer 2/3;0;0;0;0;0;0
312782640;Postrhinal area, layer 4;0;0;0;0;0;0
312782644;Postrhinal area, layer 5;0;0;0;0;0;0
312782648;Postrhinal area, layer 6a;0;0;0;0;0;0
312782652;Postrhinal area, layer 6b;0;0;0;0;0;0
39;Anterior cingulate area, dorsal part;0;0;0;0;0;0
935;Anterior cingulate area, dorsal part, layer 1;1404.0;3696355.7118615755;0.0003798335737804063;0.00019027781794783824;23;31
211;Anterior cingulate area, dorsal part, layer 2/3;5476.0;3815921.6520782635;0.001435039945596789;0.00032582842887024873;23;31
1015;Anterior cingulate area, dorsal part, layer 5;11403.0;7739053.05423147;0.001473436080628133;0.00047565368827367106;23;32
919;Anterior cingulate area, dorsal part, layer 6a;8024.0;4874595.384133483;0.001646085339947935;0.0002539289484290178;24;34
927;Anterior cingulate area, dorsal part, layer 6b;139.0;163153.20906560175;0.0008519599509937309;0.00045492953378291676;22;28
48;Anterior cingulate area, ventral part;0;0;0;0;0;0
588;Anterior cingulate area, ventral part, layer 1;1895.0;3399263.042253001;0.0005574737748873977;0.00033348424637316974;20;25
296;Anterior cingulate area, ventral part, layer 2/3;6537.0;3635940.867588063;0.0017978840245376111;0.0004952634172099471;20;25
772;Anterior cingulate area, ventral part, layer 5;11069.0;6850317.634103399;0.0016158374824686158;0.0005702418457553358;20;25
810;Anterior cingulate area, ventral part, 6a;3893.0;2443513.8044454525;0.0015931974654358474;0.00039863576283685683;19;23
819;Anterior cingulate area, ventral part, 6b;226.0;395018.5669556944;0.0005721250060262315;0.0005207860320346094;17;21
972;Prelimbic area;0;0;0;0;0;0
171;Prelimbic area, layer 1;989.0;945938.5263356641;0.0010455224863619263;0.00010950182756034163;4;9
195;Prelimbic area, layer 2;0;0;0;0;0;0
304;Prelimbic area, layer 2/3;1538.0;832689.4110555758;0.0018470272103620518;0.0002616415285045229;4;9
363;Prelimbic area, layer 5;5141.0;2623324.96919242;0.001959726705754886;0.0001756909627649062;6;10
84;Prelimbic area, layer 6a;3490.0;2012981.5726082292;0.001733746621176463;9.0511604850877e-05;7;11
132;Prelimbic area, layer 6b;122.0;142309.6575473334;0.0008572854583633705;6.466331959043204e-05;5;7
44;Infralimbic area;0;0;0;0;0;0
707;Infralimbic area, layer 1;565.0;673191.9258910686;0.0008392851700533088;0.00021136017662244888;4;9
747;Infralimbic area, layer 2;0;0;0;0;0;0
556;Infralimbic area, layer 2/3;915.0;629892.1984175693;0.00145262951708036;0.000318524743862994;4;9
827;Infralimbic area, layer 5;2790.0;1438851.680862023;0.0019390462805231581;0.0004028961695826311;5;10
1054;Infralimbic area, layer 6a;1573.0;910954.5118058594;0.0017267602054922742;0.00014887633830316902;5;9
1081;Infralimbic area, layer 6b;22.0;51528.4729871152;0.00042694841753803075;0.000458813075989124;4;5
723;Orbital area, lateral part;0;0;0;0;0;0
448;Orbital area, lateral part, layer 1;7.0;55349.703328001604;0.00012646860920858226;0.0;1;3
412;Orbital area, lateral part, layer 2/3;709.0;887895.9884563743;0.0007985169538074063;0.0003135335963035198;2;6
630;Orbital area, lateral part, layer 5;5137.0;2724350.7554533565;0.0018855868649501988;0.00013918698942551205;3;8
440;Orbital area, lateral part, layer 6a;2592.0;1710119.5823996821;0.0015156834800773647;0.0001786963368727223;4;9
488;Orbital area, lateral part, layer 6b;102.0;156644.34098807382;0.0006511566224263781;0.00044297617022906515;3;5
731;Orbital area, medial part;0;0;0;0;0;0
484;Orbital area, medial part, layer 1;74.0;136596.6092959152;0.0005417411192080952;0.0;1;4
524;Orbital area, medial part, layer 2;0;0;0;0;0;0
582;Orbital area, medial part, layer 2/3;218.0;230570.7865138288;0.0009454797084058399;0.0004975834974975662;2;4
620;Orbital area, medial part, layer 5;1253.0;652584.0083164624;0.0019200593088888158;4.211244906765813e-05;2;5
910;Orbital area, medial part, layer 6a;1167.0;645157.1874383822;0.0018088615034013832;0.0005710307305322608;3;6
527696977;Orbital area, medial part, layer 6b;6.0;13316.1158115612;0.0004505818427015131;0.0;1;2
738;Orbital area, ventral part;0;0;0;0;0;0
746;Orbital area, ventrolateral part;0;0;0;0;0;0
969;Orbital area, ventrolateral part, layer 1;0;0;0;0;0;1
288;Orbital area, ventrolateral part, layer 2/3;298.0;303872.2622846272;0.0009806752276746904;0.00025579756518209935;2;4
1125;Orbital area, ventrolateral part, layer 5;1567.0;702154.0755699936;0.0022317039158790655;0.00021723089088159495;2;6
608;Orbital area, ventrolateral part, layer 6a;1432.0;735551.0347112321;0.0019468397601563906;8.423341596425164e-05;3;7
680;Orbital area, ventrolateral part, layer 6b;46.0;59063.25673550529;0.0007788260001644568;0.00044521757069156207;2;4
104;Agranular insular area, dorsal part;0;0;0;0;0;0
996;Agranular insular area, dorsal part, layer 1;118.0;878518.3886212166;0.00013431705190052325;4.96213187827879e-05;8;16
328;Agranular insular area, dorsal part, layer 2/3;1906.0;2530824.221331671;0.0007531143348221551;0.00010623491613748869;9;18
1101;Agranular insular area, dorsal part, layer 5;6036.0;5986875.348964634;0.0010082053906540515;7.241108101519299e-05;11;19
783;Agranular insular area, dorsal part, layer 6a;5020.0;4134018.010611817;0.0012143149805138517;0.00023475325976679708;14;21
831;Agranular insular area, dorsal part, layer 6b;168.0;337977.7080249911;0.0004970742034488783;0.0003572901281238428;12;17
111;Agranular insular area, posterior part;0;0;0;0;0;0
120;Agranular insular area, posterior part, layer 1;559.0;2394472.1290147933;0.00023345437736625518;0.00013028302919895608;18;25
163;Agranular insular area, posterior part, layer 2/3;3406.0;4839977.466825276;0.0007037222845242138;0.00018645557147224325;18;26
344;Agranular insular area, posterior part, layer 5;4354.0;4703911.116089654;0.0009256127279078917;0.000251773212598893;18;24
314;Agranular insular area, posterior part, layer 6a;3271.0;2739143.2011455684;0.001194169037468358;0.00028006393930245243;18;23
355;Agranular insular area, posterior part, layer 6b;52.0;83355.2536746168;0.0006238359036490456;0.0004190696510772893;10;16
119;Agranular insular area, ventral part;0;0;0;0;0;0
704;Agranular insular area, ventral part, layer 1;119.0;788493.7264969242;0.00015092066810561263;6.696166640054934e-05;8;16
694;Agranular insular area, ventral part, layer 2/3;2603.0;2807235.071670851;0.0009272468936670517;0.00016328505712075842;10;18
800;Agranular insular area, ventral part, layer 5;4967.0;3708646.977115574;0.0013393024546820358;0.0002406976077487531;11;19
675;Agranular insular area, ventral part, layer 6a;1925.0;1177422.0594290416;0.0016349277513396307;0.00031290880394448074;14;20
699;Agranular insular area, ventral part, layer 6b;16.0;22831.089249883;0.0007007988022333185;0.00040984239880589266;3;3
894;Retrosplenial area, lateral agranular part;0;0;0;0;0;0
671;Retrosplenial area, lateral agranular part, layer 1;164.0;800070.8773539764;0.00020498183928702266;0.00021867234188055338;9;11
965;Retrosplenial area, lateral agranular part, layer 2/3;1824.0;1418791.0511368369;0.0012856015679958517;0.000311862094240495;9;18
774;Retrosplenial area, lateral agranular part, layer 5;2287.0;1650630.1577936208;0.0013855314524587432;0.0001816393099403945;9;19
906;Retrosplenial area, lateral agranular part, layer 6a;1659.0;1004074.8474423027;0.0016522672629694882;0.00016911057361232163;8;21
279;Retrosplenial area, lateral agranular part, layer 6b;80.0;96118.77427284919;0.0008323035807022116;0.00037273046831448993;7;19
879;Retrosplenial area, dorsal part;0;0;0;0;0;0
442;Retrosplenial area, dorsal part, layer 1;285.0;1590765.694655784;0.00017915900560180827;0.00013288323254016367;9;15
434;Retrosplenial area, dorsal part, layer 2/3;3091.0;2446138.9527243925;0.001263624045787502;0.00022106872771073864;9;16
545;Retrosplenial area, dorsal part, layer 4;0;0;0;0;0;0
610;Retrosplenial area, dorsal part, layer 5;2157.0;2988365.22964353;0.0007217993231226625;0.00016276445117751947;9;18
274;Retrosplenial area, dorsal part, layer 6a;2816.0;1890932.7476924728;0.0014892121379971855;0.00027435858912792043;9;22
330;Retrosplenial area, dorsal part, layer 6b;114.0;95511.9144198627;0.001193568369898494;0.0004515519364317987;8;21
886;Retrosplenial area, ventral part;0;0;0;0;0;0
542;Retrosplenial area, ventral part, layer 1;511.0;1951218.6958598879;0.00026188760956639257;0.0002808773683155168;10;24
606;Retrosplenial area, ventral part, layer 2;0;0;0;0;0;0
430;Retrosplenial area, ventral part, layer 2/3;3422.0;2439722.6187599073;0.001402618467233532;0.0005213128473058854;10;24
687;Retrosplenial area, ventral part, layer 5;4024.0;3556449.0623537693;0.0011314656640510944;0.00021669893871164865;10;24
590;Retrosplenial area, ventral part, layer 6a;1616.0;1225751.6623345497;0.0013183747162310094;0.00028841707657784965;10;23
622;Retrosplenial area, ventral part, layer 6b;161.0;158157.9557805988;0.001017969657013927;0.0003942850797675899;9;23
312782546;Anterior area;0;0;0;0;0;0
312782550;Anterior area, layer 1;684.0;1117529.7364271898;0.0006120642500187864;0.00030607257803305;6;10
312782554;Anterior area, layer 2/3;3374.0;2155399.76260577;0.0015653708692632514;0.00038369377220046866;6;10
312782558;Anterior area, layer 4;1891.0;775209.7876606184;0.0024393396859791285;0.00043099750877898755;6;10
312782562;Anterior area, layer 5;2632.0;1764000.8984060993;0.001492062732155182;0.00016450943217420999;6;10
312782566;Anterior area, layer 6a;1995.0;1076350.1900195149;0.0018534859922901387;0.0002536148227963308;6;9
312782570;Anterior area, layer 6b;221.0;194468.17643918708;0.001136432726663171;0.0006788134952612171;6;9
417;Rostrolateral visual area;0;0;0;0;0;0
312782604;Rostrolateral area, layer 1;423.0;515945.73276687064;0.0008198536650968523;0.0001521044340567214;4;13
312782608;Rostrolateral area, layer 2/3;1632.0;954590.5399253275;0.0017096335357855762;0.00035347193263619793;4;13
312782612;Rostrolateral area, layer 4;836.0;502753.59890751436;0.0016628423979791122;0.00016630841107695372;4;12
312782616;Rostrolateral area, layer 5;1070.0;807158.2718239686;0.0013256383999907194;0.00016397797096992473;4;12
312782620;Rostrolateral area, layer 6a;1079.0;496597.6755311144;0.0021727850394104293;0.00014845300654742961;4;11
312782624;Rostrolateral area, layer 6b;144.0;92433.2854112678;0.001557880360514007;0.0007608006814446192;4;10
541;Temporal association areas;0;0;0;0;0;0
97;Temporal association areas, layer 1;276.0;673774.1753058414;0.00040963279703428427;0.0001777999148242441;5;7
1127;Temporal association areas, layer 2/3;998.0;1019846.672503267;0.0009785784735173541;0.0002716154726397604;5;7
234;Temporal association areas, layer 4;530.0;395114.05393135233;0.0013413848349015775;0.0004169095227293794;5;8
289;Temporal association areas, layer 5;1950.0;1632199.5079681757;0.0011947068912105203;0.00018427978376168067;5;11
729;Temporal association areas, layer 6a;1761.0;1201902.0966950154;0.0014651775754800573;0.00031172257031705786;5;12
786;Temporal association areas, layer 6b;94.0;138683.0633518062;0.0006778044681746335;0.0002607075382639263;5;12
922;Perirhinal area;0;0;0;0;0;0
540;Perirhinal area, layer 1;74.0;391921.14947067614;0.0001888134899072007;8.206297246174247e-05;5;7
888;Perirhinal area, layer 2/3;816.0;606410.2627054091;0.001345623664677998;0.00023477108338328147;5;9
692;Perirhinal area, layer 5;411.0;267624.1540805744;0.0015357358210509617;0.0002399018817539013;5;12
335;Perirhinal area, layer 6a;22.0;15545.404105727497;0.001415209270236622;0.0007139633539288401;4;7
368;Perirhinal area, layer 6b;0;0;0;0;0;1
895;Ectorhinal area;0;0;0;0;0;0
836;Ectorhinal area/Layer 1;192.0;484466.7667637437;0.00039631201389223714;0.00019709017596566288;5;7
427;Ectorhinal area/Layer 2/3;1159.0;955234.6371857638;0.0012133144621038381;0.0002272252658794818;5;9
988;Ectorhinal area/Layer 5;2003.0;1362028.1246417859;0.0014706010571747849;0.00022414651486287327;5;13
977;Ectorhinal area/Layer 6a;1790.0;1173586.0716999713;0.001525239642122828;0.0002557130134780144;5;13
1045;Ectorhinal area/Layer 6b;128.0;149069.4668123866;0.0008586600779963621;0.00031106341282711623;5;12
698;Olfactory areas;10915.0;10146610.968555063;0.0010757286382444562;0.00042294275031243056;33;54
507;Main olfactory bulb;0;0;0;0;0;0
188;Accessory olfactory bulb, glomerular layer;0;0;0;0;0;0
204;Accessory olfactory bulb, mitral layer;0;0;0;0;0;0
159;Anterior olfactory nucleus;7391.0;4523309.962596555;0.001633980439350055;0.00010234025971528611;3;8
597;Taenia tecta, dorsal part;3812.0;3055376.20122205;0.0012476368698804833;0.00039845859641146527;6;11
605;Taenia tecta, ventral part;700.0;1109614.6833573678;0.0006308496187901964;5.265038687981351e-05;2;6
814;Dorsal peduncular area;4185.0;2917997.406153515;0.001434202782762799;0.0004575224099790842;7;9
961;Piriform area;55172.0;61819774.68358665;0.000892465239195515;0.00028087659316849934;30;54
260;Nucleus of the lateral olfactory tract, molecular layer;265.0;809487.376593396;0.00032736767448457573;0.00023543508827214758;5;6
268;Nucleus of the lateral olfactory tract, pyramidal layer;1013.0;1009396.9366359836;0.0010035695208032078;0.0004408444728446555;5;6
1139;Nucleus of the lateral olfactory tract, layer 3;430.0;407707.03502584365;0.001054678882283067;0.0002897521423154001;5;6
639;Cortical amygdalar area, anterior part;3357.0;4832405.958327081;0.0006946850138315266;0.00012134684332465388;11;16
655;Cortical amygdalar area, posterior part, lateral zone;1099.0;4828291.106894797;0.0002276167645382087;7.136185335034146e-05;8;16
232;Cortical amygdalar area, posterior part, lateral zone, layer 3;0;0;0;0;0;0
663;Cortical amygdalar area, posterior part, medial zone;1539.0;4380962.855039512;0.00035129263838191565;0.0001366151080063724;7;13
788;Piriform-amygdalar area;2790.0;5867540.062568018;0.00047549739247607526;0.00025560910215219367;14;24
566;Postpiriform transition area;195.0;654621.1654727745;0.0002978822107885389;0.0;1;5
1089;Hippocampal formation;189.0;600979.9011256973;0.0003144863907195291;0.00014985064814338416;11;23
382;Field CA1;8584.0;18628260.39598756;0.0004608052398628137;0.00012871745675627197;9;21
423;Field CA2;621.0;1915639.5189337255;0.00032417372572563034;0.0001395872267681387;10;21
463;Field CA3;7001.0;19312175.16728167;0.0003625174243376254;9.62568054448085e-05;10;24
726;Dentate gyrus;0;0;0;0;0;0
10703;Dentate gyrus, molecular layer;846.0;7884119.01618993;0.00010730431621627612;3.848259557219492e-05;10;23
10704;Dentate gyrus, polymorph layer;570.0;1057161.31399944;0.0005391797755477665;0.0001491921050548056;10;22
632;Dentate gyrus, granule cell layer;1523.0;3179416.8435218767;0.00047901866126901285;0.00011651964457065237;10;23
982;Fasciola cinerea;98.0;257946.08076441017;0.00037992436136103313;0.00011803405454768079;6;11
19;Induseum griseum;160.0;705297.9055871288;0.00022685449472135776;9.886840892731585e-05;16;21
1121;Entorhinal area, lateral part, layer 1;82.0;629548.0244294549;0.0001302521758754064;7.16822665728466e-05;6;9
20;Entorhinal area, lateral part, layer 2;656.0;871446.9008521482;0.0007527710516366832;0.0004637160744584362;6;10
52;Entorhinal area, lateral part, layer 3;833.0;941421.3369195573;0.0008848322927603014;0.0001992080876748275;5;14
139;Entorhinal area, lateral part, layer 5;749.0;1020260.4917080662;0.0007341262413739689;0.0002670298621440909;5;14
28;Entorhinal area, lateral part, layer 6a;222.0;295969.550627125;0.0007500771600646345;0.00030591268980090946;5;14
526;Entorhinal area, medial part, dorsal zone, layer 1;0;0;0;0;0;0
543;Entorhinal area, medial part, dorsal zone, layer 2;0;0;0;0;0;0
664;Entorhinal area, medial part, dorsal zone, layer 3;0;0;0;0;0;0
727;Entorhinal area, medial part, dorsal zone, layer 5;0;0;0;0;0;0
743;Entorhinal area, medial part, dorsal zone, layer 6;0;0;0;0;0;0
1037;Postsubiculum;0;0;0;0;0;1
1084;Presubiculum;0;0;0;0;0;0
502;Subiculum;119.0;592425.1522570634;0.00020086925672656763;0.0003420318381663023;3;9
484682470;Prosubiculum;34.0;137945.1447549045;0.0002464747857592948;0.00013510638627282982;2;7
589508447;Hippocampo-amygdalar transition area;35.0;71589.6561501396;0.0004888974452761322;0.0;1;4
703;Cortical subplate;1587.0;2132044.348447955;0.0007443559985772688;0.0003161549525850493;30;45
583;Claustrum;5701.0;3964344.732250234;0.0014380686809655951;0.00028548824108529385;23;29
952;Endopiriform nucleus, dorsal part;10300.0;10735261.865138043;0.0009594549373265385;0.0002414547281180338;33;52
966;Endopiriform nucleus, ventral part;2583.0;4983105.060181212;0.0005183515034912927;0.0001076135596543485;19;31
131;Lateral amygdalar nucleus;1689.0;4383240.711244704;0.0003853313361657422;0.00014845546299456955;10;17
303;Basolateral amygdalar nucleus, anterior part;3243.0;3901772.9131363877;0.0008311606216449839;0.0003168394593694834;12;17
311;Basolateral amygdalar nucleus, posterior part;2024.0;3212521.158455791;0.0006300347609143547;6.148063845616833e-05;7;16
451;Basolateral amygdalar nucleus, ventral part;869.0;2145146.6376509503;0.00040510051142778807;9.262395950566512e-05;6;10
327;Basomedial amygdalar nucleus, anterior part;3588.0;4442357.500207625;0.0008076792558528452;0.00012327063936662242;11;15
334;Basomedial amygdalar nucleus, posterior part;2318.0;3762372.685733525;0.0006161005816328573;0.00011104154843192059;7;13
780;Posterior amygdalar nucleus;1415.0;3540572.0453682635;0.00039965293231388616;0.00011343788523679732;6;12
623;Cerebral nuclei;0;0;0;0;0;0
477;Striatum;13306.0;16454862.080903891;0.0008086363735276644;0.00030460778060450246;30;44
672;Caudoputamen;138555.0;166234892.08931676;0.0008334892768815072;0.0002883985449272212;28;39
56;Nucleus accumbens;32608.0;26125700.540269926;0.0012481196417963344;0.0005578369775203686;12;16
998;Fundus of striatum;1932.0;3631168.9110475406;0.0005320600741326147;0.00011434729399019988;10;9
754;Olfactory tubercle;8157.0;19372201.84977904;0.00042106726242340073;0.0002494846734654865;14;22
250;Lateral septal nucleus, caudal (caudodorsal) part;1998.0;4541248.10754479;0.00043996715279232164;0.00023835352121633427;12;12
258;Lateral septal nucleus, rostral (rostroventral) part;12689.0;12701864.132244553;0.0009989872248584444;0.00041359674688115725;15;18
266;Lateral septal nucleus, ventral part;5950.0;4481996.710479582;0.0013275333259589429;0.0002963757980063749;10;14
310;Septofimbrial nucleus;1043.0;2987080.53728802;0.00034917036450143494;0.00021697047982510652;10;11
333;Septohippocampal nucleus;44.0;135703.1564517825;0.00032423711541031033;4.660798253784123e-05;2;5
23;Anterior amygdalar area;3151.0;3722962.3532423005;0.0008463690204269235;0.0002874514497032073;8;9
292;Bed nucleus of the accessory olfactory tract;6.0;147624.3956334112;4.0643688831075876e-05;8.203091627439003e-07;2;2
544;Central amygdalar nucleus, capsular part;1330.0;1729599.345076332;0.0007689642134671965;0.0001906135944440196;9;14
551;Central amygdalar nucleus, lateral part;1223.0;1340798.9317501062;0.0009121427315008771;0.00028004177317103845;8;13
559;Central amygdalar nucleus, medial part;2565.0;4196271.420040743;0.000611256933417118;0.0001857435481198084;11;15
1105;Intercalated amygdalar nucleus;930.0;1054492.6122050884;0.0008819407449951145;0.0004327437191762493;15;20
403;Medial amygdalar nucleus;7299.0;11013261.223693794;0.0006627464700734621;0.00036017712252479976;12;18
803;Pallidum;2919.0;7403207.605756389;0.00039428855105053676;0.00018689592657212905;23;33
1022;Globus pallidus, external segment;1855.0;9953964.585299244;0.00018635790635015943;8.213756329356445e-05;12;17
1031;Globus pallidus, internal segment;917.0;2246656.527240378;0.0004081620794640884;0.00015034739714247586;5;8
835;Pallidum, ventral region;0;0;0;0;0;0
342;Substantia innominata;7536.0;19091972.577942993;0.0003947208686391243;0.00017277499575483904;23;35
298;Magnocellular nucleus;1184.0;2814722.1695145983;0.00042064542384450754;0.00019566223329097262;11;11
564;Medial septal nucleus;1619.0;3060035.8650538106;0.0005290787661965949;0.0002717706748916304;9;10
596;Diagonal band nucleus;2322.0;4510905.43110093;0.0005147525337132358;0.00021060279822959587;15;18
581;Triangular nucleus of septum;421.0;2251577.54151115;0.00018698001389614373;4.530157077116822e-05;7;7
351;Bed nuclei of the stria terminalis;8710.0;12047146.681261735;0.0007229927741767791;0.00028329373684417265;11;12
287;Bed nucleus of the anterior commissure;16.0;28478.151998871603;0.0005618342089273901;0.0;1;1
549;Thalamus;1719.0;3986843.3913513864;0.0004311681777440787;0.00019770175070999866;16;29
629;Ventral anterior-lateral complex of the thalamus;833.0;3420127.497637388;0.00024355817161068806;0.0001392227458623674;7;11
685;Ventral medial nucleus of the thalamus;2137.0;4203143.891407067;0.0005084289415760655;0.0002313435022546459;9;15
718;Ventral posterolateral nucleus of the thalamus;527.0;4003012.924884107;0.0001316508364796892;6.750963239601321e-05;10;15
725;Ventral posterolateral nucleus of the thalamus, parvicellular part;21.0;442120.4563205331;4.7498367695466236e-05;2.2387744721887342e-05;4;5
733;Ventral posteromedial nucleus of the thalamus;1148.0;7429296.7279083785;0.00015452337442486356;7.148085998064533e-05;8;14
741;Ventral posteromedial nucleus of the thalamus, parvicellular part;266.0;1014909.8070650344;0.0002620922550440534;0.00021128427488971711;4;6
563807435;Posterior triangular thalamic nucleus;275.0;510723.1099921311;0.0005384522349189114;0.00032745824292572834;2;7
414;Subparafascicular nucleus, magnocellular part;502.0;377335.2730010899;0.0013303818538018045;0.0002640631330657403;2;4
422;Subparafascicular nucleus, parvicellular part;217.0;458612.54215424904;0.00047316630064385493;0.0003982482514641104;2;6
609;Subparafascicular area;1075.0;1089632.1128011881;0.0009865715110363511;0.00019606439511774416;2;3
1044;Peripeduncular nucleus;0;0;0;0;0;2
1072;Medial geniculate complex, dorsal part;3.0;46642.7008682316;6.431874535900437e-05;0.0;1;6
1079;Medial geniculate complex, ventral part;4.0;89489.3217179346;4.469807037545529e-05;0.0;1;5
1088;Medial geniculate complex, medial part;33.0;360501.7385602197;9.153908697305088e-05;4.223599028060206e-05;2;7
496345664;Dorsal part of the lateral geniculate complex, shell;69.0;705931.0194591956;9.774326116574391e-05;6.00360937396185e-05;5;10
496345668;Dorsal part of the lateral geniculate complex, core;310.0;1936757.3837778014;0.00016006134924102884;6.572181237937071e-05;7;14
496345672;Dorsal part of the lateral geniculate complex, ipsilateral zone;31.0;460624.65446402744;6.729991479954739e-05;8.695293686436846e-05;5;9
218;Lateral posterior nucleus of the thalamus;806.0;4366149.812354606;0.0001846020028262235;8.95888840278733e-05;8;18
1020;Posterior complex of the thalamus;670.0;5718433.58702179;0.00011716495257033173;5.16711776421553e-05;7;13
1029;Posterior limiting nucleus of the thalamus;75.0;213972.1250882337;0.0003505129463432349;0.00011857080365271581;3;9
325;Suprageniculate nucleus;19.0;98709.33813304409;0.00019248432174057432;0.0;1;6
560581551;Ethmoid nucleus of the thalamus;376.0;1082240.361527103;0.0003474274415985027;0.0001876681862536382;7;13
255;Anteroventral nucleus of thalamus;965.0;2153440.4513631742;0.000448120123028772;0.00016004411304371304;5;8
1096;Anteromedial nucleus, dorsal part;716.0;1055744.8178700889;0.0006781941884824908;0.0001077150184351903;4;7
1104;Anteromedial nucleus, ventral part;518.0;758344.2486413666;0.0006830670911370895;0.0003136379155433466;5;7
64;Anterodorsal nucleus;75.0;839397.5593946106;8.934979517225595e-05;3.096429592157765e-05;4;6
1120;Interanteromedial nucleus of the thalamus;229.0;136203.7670308546;0.0016813044528212206;0.0005822970634223074;2;4
1113;Interanterodorsal nucleus of the thalamus;419.0;442062.3921544064;0.0009478300064341347;0.0002513427385948422;4;6
155;Lateral dorsal nucleus of thalamus;432.0;4386673.728318593;9.848008462794543e-05;0.00013775975981730493;7;11
59;Intermediodorsal nucleus of the thalamus;1025.0;877315.5884734845;0.001168336700574857;0.0004827069682180788;7;13
362;Mediodorsal nucleus of thalamus;3359.0;5710295.244594864;0.0005882357839867377;0.000589675380762473;10;16
366;Submedial nucleus of the thalamus;415.0;1303216.984636314;0.00031844274966675115;0.0003123482964170783;5;8
1077;Perireunensis nucleus;625.0;718172.3467552844;0.0008702646416612409;0.00033822511647415416;7;10
149;Paraventricular nucleus of the thalamus;3452.0;2765437.8050559987;0.0012482652814280518;0.0003318278921956224;13;20
15;Parataenial nucleus;1167.0;1651286.0236728194;0.0007067219023657319;0.00024069564780447258;6;8
181;Nucleus of reuniens;1445.0;2041634.2637420858;0.0007077663348730627;0.0002602771025417167;9;15
560581559;Xiphoid thalamic nucleus;459.0;441072.8504214064;0.0010406444186294073;0.0003588823003702392;8;12
189;Rhomboid nucleus;464.0;419715.73330285563;0.0011055101421828045;0.0004254872007067476;7;10
599;Central medial nucleus of the thalamus;1116.0;1059914.362309348;0.0010529152539913245;0.00044833449601740266;8;14
907;Paracentral nucleus;400.0;1055783.7504375614;0.0003788654635328713;0.00031596578461660875;5;9
575;Central lateral nucleus of the thalamus;893.0;1626583.7883603976;0.0005490033814367148;0.0001795041112138992;7;11
930;Parafascicular nucleus;1009.0;2485185.5900725215;0.00040600589510522467;5.117314808188307e-05;3;5
560581563;Posterior intralaminar thalamic nucleus;0;0;0;0;0;3
262;Reticular nucleus of the thalamus;2381.0;7619391.688950729;0.0003124921381129166;0.00016831714480949683;11;17
27;Intergeniculate leaflet of the lateral geniculate complex;333.0;283158.19231144147;0.0011760210689356933;0.0002674973420513993;4;7
563807439;Intermediate geniculate nucleus;34.0;68584.96938743911;0.0004957354403401816;0.00011479546788727726;2;5
178;Ventral part of the lateral geniculate complex;1408.0;1579440.5111163247;0.0008914549108309542;0.0004185172643736791;7;14
321;Subgeniculate nucleus;35.0;98825.6352794516;0.0003541591197570313;0.00018967298540405766;3;5
483;Medial habenula;393.0;1134075.229621829;0.0003465378572205043;0.00019595945426051142;8;15
186;Lateral habenula;1001.0;1362653.9153723922;0.000734595915153146;0.00033619698694419415;8;14
1097;Hypothalamus;13321.0;16963200.142496314;0.0007852881465819735;0.00021337511381371127;25;38
390;Supraoptic nucleus;98.0;350813.5245967546;0.0002793506895512278;0.00011233232159947968;6;7
332;Accessory supraoptic group;88.0;63482.92395555599;0.0013861995402355484;0.00020901795101988267;2;2
38;Paraventricular hypothalamic nucleus;1559.0;1110314.1468778101;0.001404107120839529;0.0004475119653781821;6;8
30;Periventricular hypothalamic nucleus, anterior part;394.0;309321.7818700004;0.0012737544624826568;0.00017779827319465245;3;4
118;Periventricular hypothalamic nucleus, intermediate part;646.0;959335.7689676244;0.000673382585010026;0.0005071982168936817;7;13
223;Arcuate hypothalamic nucleus;0;0;0;0;0;11
72;Anterodorsal preoptic nucleus;2186.0;1589486.2037277943;0.0013752871807715047;0.00039128409078130634;5;4
263;Anteroventral preoptic nucleus;695.0;1126178.3796708162;0.0006171313643964197;0.00023351356702698976;6;5
272;Anteroventral periventricular nucleus;679.0;1436358.37298287;0.0004727232512245032;0.00015012133118925925;5;6
830;Dorsomedial nucleus of the hypothalamus;1666.0;1717360.5926891665;0.0009700932972913147;0.0002675028118769517;4;8
452;Median preoptic nucleus;320.0;342824.30812929885;0.0009334227253200187;0.00039169856585961855;6;6
523;Medial preoptic area;3922.0;4955068.036824086;0.0007915128452027829;0.00018768447152420697;11;12
763;Vascular organ of the lamina terminalis;18.0;78532.57193618879;0.000229204259534831;0.00030985616831752724;5;3
914;Posterodorsal preoptic nucleus;28.0;86550.80106865881;0.00032350942630546227;0.0;1;2
1109;Parastrial nucleus;1171.0;1135719.8524358987;0.0010310641286127315;0.0002698717500139814;6;5
126;Periventricular hypothalamic nucleus, posterior part;0;0;0;0;0;5
133;Periventricular hypothalamic nucleus, preoptic part;927.0;1085919.048766562;0.0008536547922728957;0.0005148533562904361;6;6
347;Subparaventricular zone;1017.0;742399.6278434378;0.0013698821522233732;0.00028130877357864436;6;7
286;Suprachiasmatic nucleus;1262.0;645711.3719965769;0.0019544335979368352;0.0008045121236498984;5;6
338;Subfornical organ;5.0;92096.829755064;5.42906852852345e-05;4.3980892087060393e-05;3;3
576073699;Ventromedial preoptic nucleus;95.0;356865.87947136804;0.0002662064530818279;0.0001665730956745013;3;4
689;Ventrolateral preoptic nucleus;122.0;542279.3990550851;0.0002249762764593002;0.00021277071459577037;5;5
88;Anterior hypothalamic nucleus;3838.0;4629860.986358647;0.000828966574009074;0.00030068829931960704;9;11
210;Lateral mammillary nucleus;68.0;462117.57522158604;0.0001471486990456788;8.128090048604513e-05;3;5
732;Medial mammillary nucleus, median part;164.0;354492.2740654206;0.00046263349584237833;0.0002688307332347147;3;5
606826647;Medial mammillary nucleus, lateral part;182.0;646463.1590746128;0.0002815318977504086;0.00012911535113034275;3;7
606826651;Medial mammillary nucleus, medial part;141.0;496391.12184208224;0.00028405020516232473;0.00014746423869113842;3;7
606826655;Medial mammillary nucleus, posterior part;0;0;0;0;0;2
606826659;Medial mammillary nucleus, dorsal part;5.0;61286.653679922;8.158383105909469e-05;0.0;1;5
525;Supramammillary nucleus;730.0;1037908.0745758133;0.0007033378175599478;0.00042218726209024006;3;8
1126;Tuberomammillary nucleus, dorsal part;164.0;160451.62752961862;0.0010221149048159476;0.00011959058309956932;2;3
1;Tuberomammillary nucleus, ventral part;61.0;421429.2610813088;0.00014474552584100444;8.332252471468907e-05;2;4
515;Medial preoptic nucleus;2311.0;2965788.625022486;0.0007792193889011489;0.00041390919399883876;8;9
980;Dorsal premammillary nucleus;71.0;391781.55870475585;0.00018122343541316388;5.737107957583585e-05;2;4
1004;Ventral premammillary nucleus;142.0;777702.6177732499;0.00018258907293713404;5.913285197086428e-05;3;6
63;Paraventricular hypothalamic nucleus, descending division;1067.0;636454.7680362734;0.0016764742030170297;0.00017046985273095954;3;4
693;Ventromedial hypothalamic nucleus;827.0;2948387.5219187126;0.00028049230091091145;0.00014300319248715097;5;10
946;Posterior hypothalamic nucleus;4553.0;3759110.138972549;0.0012111909020160925;0.0001827743550087359;6;11
194;Lateral hypothalamic area;8215.0;12253040.40694032;0.0006704458425964947;0.00012366780066407575;13;21
226;Lateral preoptic area;3715.0;4831250.836434732;0.0007689520014120235;0.00021841719482230295;12;13
356;Preparasubthalamic nucleus;96.0;80722.7490951444;0.0011892558303093588;0.0003145279539894826;2;2
364;Parasubthalamic nucleus;624.0;814997.970470695;0.0007656460784063231;0.00011706934678931004;5;7
576073704;Perifornical nucleus;1211.0;1281357.4690477606;0.0009450914590601741;0.00022458587793609038;5;9
173;Retrochiasmatic area;476.0;1284060.1282469998;0.00037069915148742736;9.386736145465427e-05;3;5
470;Subthalamic nucleus;680.0;872458.43564424;0.0007794067570655959;0.00026151086673030093;5;8
614;Tuberal nucleus;297.0;1986515.1324050822;0.00014950804811661358;3.562117570933692e-05;4;10
797;Zona incerta;5337.0;6428557.397192864;0.0008302018120473637;0.0004298866682317483;13;25
804;Fields of Forel;787.0;925224.7586324707;0.0008506041290585717;0.0003718400751558584;4;6
10671;Median eminence;5.0;357535.9183068546;1.3984608941328123e-05;1.1142142933191019e-05;6;11
313;Midbrain;6678.0;8204165.381855756;0.0008139767653598248;5.647315200653888e-05;4;10
851;Superior colliculus, optic layer;0;0;0;0;0;2
842;Superior colliculus, superficial gray layer;0;0;0;0;0;1
834;Superior colliculus, zonal layer;0;0;0;0;0;2
828;Inferior colliculus, external nucleus;0;0;0;0;0;0
580;Nucleus of the brachium of the inferior colliculus;0;0;0;0;0;0
599626923;Subcommissural organ;4.0;54217.2738646827;7.377722476388862e-05;8.848143371522164e-05;3;9
381;Substantia nigra, reticular part;206.0;921700.3691814551;0.0002234999647260039;0.00018060100918534326;2;6
749;Ventral tegmental area;26.0;190366.883491455;0.000136578377095547;0.0;1;5
607344830;Paranigral nucleus;0;0;0;0;0;1
246;Midbrain reticular nucleus, retrorubral area;0;0;0;0;0;0
128;Midbrain reticular nucleus;551.0;865596.3054349248;0.0006365553971757612;0.0;1;6
26;Superior colliculus, motor related, deep gray layer;0;0;0;0;0;1
42;Superior colliculus, motor related, deep white layer;0;0;0;0;0;1
17;Superior colliculus, motor related, intermediate white layer;0;0;0;0;0;1
10;Superior colliculus, motor related, intermediate gray layer;0;0;0;0;0;2
795;Periaqueductal gray;955.0;939449.0200014189;0.001016553298441418;0.0002554764956379634;2;7
50;Precommissural nucleus;595.0;758485.9818232816;0.0007844574774733649;0.00028334962781256866;4;7
67;Interstitial nucleus of Cajal;0;0;0;0;0;3
587;Nucleus of Darkschewitsch;0;0;0;0;0;3
614454277;Supraoculomotor periaqueductal gray;0;0;0;0;0;0
215;Anterior pretectal nucleus;1110.0;2025856.0036870362;0.0005479165340378645;0.00015642947275260356;3;9
531;Medial pretectal area;0;0;0;0;0;4
628;Nucleus of the optic tract;4.0;92742.7829437791;4.313004066769066e-05;0.0;1;7
634;Nucleus of the posterior commissure;347.0;408351.0249484956;0.0008497591013608116;0.00014656063369524158;2;6
706;Olivary pretectal nucleus;27.0;128817.1915884747;0.0002095993529051265;5.2637278917677994e-05;2;5
1061;Posterior pretectal nucleus;12.0;42304.0020570189;0.0002836611057229516;0.0;1;6
549009203;Retroparafascicular nucleus;189.0;210432.52116946623;0.0008981501478461777;0.0;1;4
214;Red nucleus;0;0;0;0;0;2
35;Oculomotor nucleus;0;0;0;0;0;0
549009211;Medial accesory oculomotor nucleus;0;0;0;0;0;2
975;Edinger-Westphal nucleus;0;0;0;0;0;2
66;Lateral terminal nucleus of the accessory optic tract;0;0;0;0;0;3
75;Dorsal terminal nucleus of the accessory optic tract;0;0;0;0;0;0
58;Medial terminal nucleus of the accessory optic tract;0;0;0;0;0;3
374;Substantia nigra, compact part;41.0;162706.8342461265;0.00025198695672475156;0.0;1;6
12;Interfascicular nucleus raphe;0;0;0;0;0;3
100;Interpeduncular nucleus;0;0;0;0;0;0
607344834;Interpeduncular nucleus, rostral;0;0;0;0;0;2
607344838;Interpeduncular nucleus, caudal;0;0;0;0;0;0
607344842;Interpeduncular nucleus, apical;0;0;0;0;0;0
607344846;Interpeduncular nucleus, lateral;0;0;0;0;0;1
607344850;Interpeduncular nucleus, intermediate;0;0;0;0;0;1
607344854;Interpeduncular nucleus, dorsomedial;0;0;0;0;0;0
607344858;Interpeduncular nucleus, dorsolateral;0;0;0;0;0;1
607344862;Interpeduncular nucleus, rostrolateral;0;0;0;0;0;2
197;Rostral linear nucleus raphe;0;0;0;0;0;2
591;Central linear nucleus raphe;0;0;0;0;0;0
771;Pons;0;0;0;0;0;0
931;Pontine gray;0;0;0;0;0;0
574;Tegmental reticular nucleus;0;0;0;0;0;0
146;Pontine reticular nucleus;0;0;0;0;0;0
512;Cerebellum;0;0;0;0;0;0
1009;fiber tracts;1305.0;8291089.229753104;0.0001573978959624417;8.719111261803412e-05;24;36
1016;olfactory nerve layer of main olfactory bulb;0;0;0;0;0;0
665;lateral olfactory tract, body;270.0;2815308.822457488;9.590422118036646e-05;5.268394019912598e-05;21;30
538;dorsal limb;0;0;0;0;0;0
900;anterior commissure, olfactory limb;787.0;2783903.8674857593;0.0002826965432217913;0.0001478031242896004;16;24
848;optic nerve;4.0;364569.4115292095;1.0971847537130848e-05;5.5809460608155276e-06;3;5
916;brachium of the superior colliculus;14.0;271727.4979799667;5.1522205533398615e-05;9.84618385279805e-06;3;9
336;superior colliculus commissure;0;0;0;0;0;1
117;optic chiasm;201.0;3360582.6071698526;5.981105763362684e-05;0.00015752810345219732;11;12
125;optic tract;394.0;3837991.768390307;0.0001026578543614875;7.571354876112859e-05;17;27
832;oculomotor nerve;0;0;0;0;0;0
62;medial longitudinal fascicle;0;0;0;0;0;0
158;posterior commissure;23.0;68103.9628077186;0.0003377189674694419;0.00011944921161005432;2;7
93;motor root of the trigeminal nerve;0;0;0;0;0;0
229;sensory root of the trigeminal nerve;0;0;0;0;0;0
658;lateral lemniscus;0;0;0;0;0;0
482;brachium of the inferior colliculus;0;0;0;0;0;0
697;medial lemniscus;119.0;514481.73784570524;0.0002313007270156759;0.0001483171661502526;4;10
78;middle cerebellar peduncle;0;0;0;0;0;0
484682512;supra-callosal cerebral white matter;1395.0;5750574.451877934;0.00024258446033064443;0.00015725404685570308;31;49
956;corpus callosum, anterior forceps;873.0;5057437.220758561;0.00017261707103683225;5.6645969028408694e-05;6;9
579;external capsule;1949.0;3158131.2290430903;0.0006171371164302581;0.00022791515878664025;30;46
964;corpus callosum, extreme capsule;294.0;470020.44966013846;0.0006255046992372033;0.0001982253956219239;14;20
1108;genu of corpus callosum;381.0;3164716.2309174896;0.00012038994089828505;2.5959244350418466e-05;5;8
971;corpus callosum, posterior forceps;220.0;1402350.8059761967;0.00015687943349300165;3.018813595285501e-05;3;9
484682516;corpus callosum, body;2740.0;18623248.446081195;0.0001471279303357286;4.296200487491472e-05;19;26
986;corpus callosum, splenium;434.0;3254334.340324049;0.0001333606060761368;2.4921199431866716e-05;5;8
784;corticospinal tract;0;0;0;0;0;0
6;internal capsule;1423.0;11403711.842730666;0.0001247839317254492;0.0003151369775165907;18;26
924;cerebal peduncle;182.0;1645401.4673926022;0.00011061130283808951;1.8532851153408986e-05;3;7
1092;external medullary lamina of the thalamus;87.0;538653.4283946685;0.0001615138703549763;8.649975089946191e-05;9;13
484682520;optic radiation;1287.0;5427683.123010565;0.00023711774818684363;0.00013596533314945265;8;18
484682524;auditory radiation;376.0;1569783.27993548;0.00023952350926775959;0.0001144617546699939;7;15
102;nigrostriatal tract;331.0;542438.1327547317;0.0006102078375630436;0.000275022361096876;10;17
1060;doral tegmental decussation;0;0;0;0;0;0
1043;crossed tectospinal pathway;0;0;0;0;0;0
863;rubrospinal tract;0;0;0;0;0;0
397;ventral tegmental decussation;0;0;0;0;0;1
884;amygdalar capsule;487.0;864988.9939881884;0.0005630129439619783;0.00020401864262458523;11;17
908;anterior commissure, temporal limb;311.0;1247485.6414313603;0.00024930146662302245;0.0003005045058340725;8;9
940;cingulum bundle;1770.0;5692045.926421676;0.00031096024573236647;0.00019177113284103115;31;49
466;alveus;699.0;4696703.89823163;0.0001488277769146108;7.696784942184482e-05;12;24
530;dorsal fornix;13.0;211350.39119425588;6.150923083956571e-05;7.583635761956757e-05;7;8
603;fimbria;634.0;9270281.85637107;6.839058507851937e-05;0.0002465630124310868;17;25
428;medial corticohypothalamic tract;8.0;12484.081466825399;0.0006408160681471694;0.0;1;1
436;columns of the fornix;462.0;1561270.187668486;0.0002959129070990109;0.00012234029558947818;16;25
443;dorsal hippocampal commissure;218.0;1468214.198783431;0.0001484796974315027;7.89728860316117e-05;10;21
449;ventral hippocampal commissure;87.0;381113.20499863755;0.00022827862918135052;5.139750587487381e-05;4;5
301;stria terminalis;216.0;2005608.4263197617;0.00010769799187389448;9.389796524822519e-05;15;24
484682528;commissural branch of stria terminalis;96.0;175731.4044074914;0.0005462882421254213;0.0003360749782678605;8;11
54;medial forebrain bundle;170.0;255953.03830092936;0.0006641843407231893;0.0004131101018565814;10;10
349;supraoptic commissures;8.0;135884.468197429;5.887354240056822e-05;3.673704186043763e-05;6;10
753;principal mammillary tract;85.0;199234.74785352318;0.00042663240682539854;0.00020701659394152663;4;7
690;mammillothalamic tract;302.0;581003.6705629306;0.0005197901756926839;0.00041834710295571374;7;14
681;mammillotegmental tract;102.0;70023.47675589629;0.001456654321172522;0.0006330817653211233;3;8
673;mammillary peduncle;0;0;0;0;0;4
802;stria medullaris;510.0;1985490.2268488358;0.0002568635156716027;0.0002080269036705122;12;17
595;fasciculus retroflexus;208.0;690981.850203403;0.00030102093121370905;0.00023703236733253714;9;18
611;habenular commissure;27.0;211790.26148813101;0.0001274846152523076;0.0001531161268459224;6;11
81;lateral ventricle;1633.0;12261105.084704844;0.00013318538489953007;0.0004039129018130115;29;42
98;subependymal zone;215.0;740986.5808329126;0.0002901537025924644;0.0003187642035730741;20;25
108;choroid plexus;343.0;4202143.838231959;8.162500219038583e-05;6.234481020025268e-05;16;24
129;third ventricle;819.0;5076610.100077969;0.00016132812720587336;0.00011699058724740317;23;32
140;cerebral aqueduct;0;0;0;0;0;5
