Region ID;Region Name;Region pixels;Region area;Area unit;Object count;Object pixels;Object area;Area unit;Load;Scale(micron/pixel);Area(micron2);Density(cells/micron2)
0;Clear Label;0;0;pixels;25;210;210;pixels;0
997;root;324397;324396.634521;pixels;8;102;102;pixels;0.000314;1.10000;392520.37000000005;2.038110786454216e-05
8;Basic cell groups and regions;0;0;pixels;0;0;0;pixels;0
567;Cerebrum;0;0;pixels;0;0;0;pixels;0
688;Cerebral cortex;0;0;pixels;0;0;0;pixels;0
695;Cortical plate;0;0;pixels;0;0;0;pixels;0
315;Isocortex;0;0;pixels;0;0;0;pixels;0
184;Frontal pole, cerebral cortex;0;0;pixels;0;0;0;pixels;0
68;Frontal pole, layer 1;0;0;pixels;0;0;0;pixels;0
667;Frontal pole, layer 2/3;0;0;pixels;0;0;0;pixels;0
526157192;Frontal pole, layer 5;0;0;pixels;0;0;0;pixels;0
526157196;Frontal pole, layer 6a;0;0;pixels;0;0;0;pixels;0
526322264;Frontal pole, layer 6b;0;0;pixels;0;0;0;pixels;0
500;Somatomotor areas;0;0;pixels;0;0;0;pixels;0
107;Somatomotor areas, Layer 1;0;0;pixels;0;0;0;pixels;0
219;Somatomotor areas, Layer 2/3;0;0;pixels;0;0;0;pixels;0
299;Somatomotor areas, Layer 5;0;0;pixels;0;0;0;pixels;0
644;Somatomotor areas, Layer 6a;0;0;pixels;0;0;0;pixels;0
947;Somatomotor areas, Layer 6b;0;0;pixels;0;0;0;pixels;0
985;Primary motor area;0;0;pixels;0;0;0;pixels;0
320;Primary motor area, Layer 1;0;0;pixels;0;0;0;pixels;0
943;Primary motor area, Layer 2/3;0;0;pixels;0;0;0;pixels;0
648;Primary motor area, Layer 5;0;0;pixels;0;0;0;pixels;0
844;Primary motor area, Layer 6a;0;0;pixels;0;0;0;pixels;0
882;Primary motor area, Layer 6b;0;0;pixels;0;0;0;pixels;0
993;Secondary motor area;0;0;pixels;0;0;0;pixels;0
656;Secondary motor area, layer 1;0;0;pixels;0;0;0;pixels;0
962;Secondary motor area, layer 2/3;0;0;pixels;0;0;0;pixels;0
767;Secondary motor area, layer 5;0;0;pixels;0;0;0;pixels;0
1021;Secondary motor area, layer 6a;0;0;pixels;0;0;0;pixels;0
1085;Secondary motor area, layer 6b;0;0;pixels;0;0;0;pixels;0
453;Somatosensory areas;0;0;pixels;0;0;0;pixels;0
12993;Somatosensory areas, layer 1;0;0;pixels;0;0;0;pixels;0
12994;Somatosensory areas, layer 2/3;0;0;pixels;0;0;0;pixels;0
12995;Somatosensory areas, layer 4;0;0;pixels;0;0;0;pixels;0
12996;Somatosensory areas, layer 5;0;0;pixels;0;0;0;pixels;0
12997;Somatosensory areas, layer 6a;0;0;pixels;0;0;0;pixels;0
12998;Somatosensory areas, layer 6b;0;0;pixels;0;0;0;pixels;0
322;Primary somatosensory area;0;0;pixels;0;0;0;pixels;0
793;Primary somatosensory area, layer 1;0;0;pixels;0;0;0;pixels;0
346;Primary somatosensory area, layer 2/3;0;0;pixels;0;0;0;pixels;0
865;Primary somatosensory area, layer 4;0;0;pixels;0;0;0;pixels;0
921;Primary somatosensory area, layer 5;0;0;pixels;0;0;0;pixels;0
686;Primary somatosensory area, layer 6a;0;0;pixels;0;0;0;pixels;0
719;Primary somatosensory area, layer 6b;0;0;pixels;0;0;0;pixels;0
353;Primary somatosensory area, nose;0;0;pixels;0;0;0;pixels;0
558;Primary somatosensory area, nose, layer 1;0;0;pixels;0;0;0;pixels;0
838;Primary somatosensory area, nose, layer 2/3;0;0;pixels;0;0;0;pixels;0
654;Primary somatosensory area, nose, layer 4;0;0;pixels;0;0;0;pixels;0
702;Primary somatosensory area, nose, layer 5;0;0;pixels;0;0;0;pixels;0
889;Primary somatosensory area, nose, layer 6a;0;0;pixels;0;0;0;pixels;0
929;Primary somatosensory area, nose, layer 6b;0;0;pixels;0;0;0;pixels;0
329;Primary somatosensory area, barrel field;0;0;pixels;0;0;0;pixels;0
981;Primary somatosensory area, barrel field, layer 1;73627;73627.101318;pixels;12;223;223;pixels;0.003029;1.10000;89088.67000000001;0.00013469726285059592
201;Primary somatosensory area, barrel field, layer 2/3;161105;161104.845459;pixels;48;640;640;pixels;0.003973;1.10000;194937.05000000002;0.00024623333532542937
1047;Primary somatosensory area, barrel field, layer 4;156731;156730.958252;pixels;67;521;521;pixels;0.003324;1.10000;189644.51;0.0003532925893821023
1070;Primary somatosensory area, barrel field, layer 5;187348;187348.168701;pixels;40;469;469;pixels;0.002503;1.10000;226691.08000000005;0.00017645158336181553
1038;Primary somatosensory area, barrel field, layer 6a;185526;185525.715698;pixels;70;842;842;pixels;0.004538;1.10000;224486.46000000002;0.0003118228155052202
1062;Primary somatosensory area, barrel field, layer 6b;39729;39729.475464;pixels;9;93;93;pixels;0.002341;1.10000;48072.090000000004;0.0001872188207336107
480149202;Rostrolateral lateral visual area;0;0;pixels;0;0;0;pixels;0
480149206;Rostrolateral lateral visual area, layer 1;0;0;pixels;0;0;0;pixels;0
480149210;Rostrolateral lateral visual area, layer 2/3;0;0;pixels;0;0;0;pixels;0
480149214;Rostrolateral lateral visual area, layer 4;0;0;pixels;0;0;0;pixels;0
480149218;Rostrolateral lateral visual area,layer 5;0;0;pixels;0;0;0;pixels;0
480149222;Rostrolateral lateral visual area, layer 6a;0;0;pixels;0;0;0;pixels;0
480149226;Rostrolateral lateral visual area, layer 6b;0;0;pixels;0;0;0;pixels;0
337;Primary somatosensory area, lower limb;0;0;pixels;0;0;0;pixels;0
1030;Primary somatosensory area, lower limb, layer 1;0;0;pixels;0;0;0;pixels;0
113;Primary somatosensory area, lower limb, layer 2/3;0;0;pixels;0;0;0;pixels;0
1094;Primary somatosensory area, lower limb, layer 4;0;0;pixels;0;0;0;pixels;0
1128;Primary somatosensory area, lower limb, layer 5;0;0;pixels;0;0;0;pixels;0
478;Primary somatosensory area, lower limb, layer 6a;0;0;pixels;0;0;0;pixels;0
510;Primary somatosensory area, lower limb, layer 6b;0;0;pixels;0;0;0;pixels;0
345;Primary somatosensory area, mouth;0;0;pixels;0;0;0;pixels;0
878;Primary somatosensory area, mouth, layer 1;0;0;pixels;0;0;0;pixels;0
657;Primary somatosensory area, mouth, layer 2/3;0;0;pixels;0;0;0;pixels;0
950;Primary somatosensory area, mouth, layer 4;0;0;pixels;0;0;0;pixels;0
974;Primary somatosensory area, mouth, layer 5;0;0;pixels;0;0;0;pixels;0
1102;Primary somatosensory area, mouth, layer 6a;0;0;pixels;0;0;0;pixels;0
2;Primary somatosensory area, mouth, layer 6b;0;0;pixels;0;0;0;pixels;0
369;Primary somatosensory area, upper limb;0;0;pixels;0;0;0;pixels;0
450;Primary somatosensory area, upper limb, layer 1;0;0;pixels;0;0;0;pixels;0
854;Primary somatosensory area, upper limb, layer 2/3;0;0;pixels;0;0;0;pixels;0
577;Primary somatosensory area, upper limb, layer 4;0;0;pixels;0;0;0;pixels;0
625;Primary somatosensory area, upper limb, layer 5;0;0;pixels;0;0;0;pixels;0
945;Primary somatosensory area, upper limb, layer 6a;0;0;pixels;0;0;0;pixels;0
1026;Primary somatosensory area, upper limb, layer 6b;0;0;pixels;0;0;0;pixels;0
361;Primary somatosensory area, trunk;0;0;pixels;0;0;0;pixels;0
1006;Primary somatosensory area, trunk, layer 1;0;0;pixels;0;0;0;pixels;0
670;Primary somatosensory area, trunk, layer 2/3;0;0;pixels;0;0;0;pixels;0
1086;Primary somatosensory area, trunk, layer 4;0;0;pixels;0;0;0;pixels;0
1111;Primary somatosensory area, trunk, layer 5;0;0;pixels;0;0;0;pixels;0
9;Primary somatosensory area, trunk, layer 6a;0;0;pixels;0;0;0;pixels;0
461;Primary somatosensory area, trunk, layer 6b;0;0;pixels;0;0;0;pixels;0
182305689;Primary somatosensory area, unassigned;0;0;pixels;0;0;0;pixels;0
182305693;Primary somatosensory area, unassigned, layer 1;0;0;pixels;0;0;0;pixels;0
182305697;Primary somatosensory area, unassigned, layer 2/3;0;0;pixels;0;0;0;pixels;0
182305701;Primary somatosensory area, unassigned, layer 4;0;0;pixels;0;0;0;pixels;0
182305705;Primary somatosensory area, unassigned, layer 5;0;0;pixels;0;0;0;pixels;0
182305709;Primary somatosensory area, unassigned, layer 6a;0;0;pixels;0;0;0;pixels;0
182305713;Primary somatosensory area, unassigned, layer 6b;0;0;pixels;0;0;0;pixels;0
378;Supplemental somatosensory area;0;0;pixels;0;0;0;pixels;0
873;Supplemental somatosensory area, layer 1;60505;60505.439697;pixels;12;192;192;pixels;0.003173;1.10000;73211.05;0.00016390968303282085
806;Supplemental somatosensory area, layer 2/3;137777;137777.447021;pixels;39;583;583;pixels;0.004231;1.10000;166710.17;0.00023393893725859674
1035;Supplemental somatosensory area, layer 4;101693;101692.877563;pixels;42;290;290;pixels;0.002852;1.10000;123048.53000000001;0.00034132874240756875
1090;Supplemental somatosensory area, layer 5;172404;172404.054077;pixels;60;836;836;pixels;0.004849;1.10000;208608.84000000005;0.0002876196425808225
862;Supplemental somatosensory area, layer 6a;148712;148712.165039;pixels;85;1053;1053;pixels;0.007081;1.10000;179941.52000000002;0.0004723756918358809
893;Supplemental somatosensory area, layer 6b;26608;26607.813843;pixels;16;235;235;pixels;0.008832;1.10000;32195.680000000008;0.0004969610829775919
1057;Gustatory areas;0;0;pixels;0;0;0;pixels;0
36;Gustatory areas, layer 1;0;0;pixels;0;0;0;pixels;0
180;Gustatory areas, layer 2/3;0;0;pixels;0;0;0;pixels;0
148;Gustatory areas, layer 4;0;0;pixels;0;0;0;pixels;0
187;Gustatory areas, layer 5;0;0;pixels;0;0;0;pixels;0
638;Gustatory areas, layer 6a;0;0;pixels;0;0;0;pixels;0
662;Gustatory areas, layer 6b;0;0;pixels;0;0;0;pixels;0
677;Visceral area;0;0;pixels;0;0;0;pixels;0
897;Visceral area, layer 1;0;0;pixels;0;0;0;pixels;0
1106;Visceral area, layer 2/3;0;0;pixels;0;0;0;pixels;0
1010;Visceral area, layer 4;0;0;pixels;0;0;0;pixels;0
1058;Visceral area, layer 5;10935;10934.718018;pixels;8;184;184;pixels;0.016827;1.10000;13231.350000000002;0.0006046246225819738
857;Visceral area, layer 6a;39000;39000.494263;pixels;25;428;428;pixels;0.010974;1.10000;47190.00000000001;0.0005297732570459842
849;Visceral area, layer 6b;5832;5831.849609;pixels;4;17;17;pixels;0.002915;1.10000;7056.720000000001;0.0005668355836706004
247;Auditory areas;0;0;pixels;0;0;0;pixels;0
1011;Dorsal auditory area;0;0;pixels;0;0;0;pixels;0
527;Dorsal auditory area, layer 1;107889;107889.217773;pixels;27;334;334;pixels;0.003096;1.10000;130545.69000000002;0.00020682413950242246
600;Dorsal auditory area, layer 2/3;209218;209217.604736;pixels;67;843;843;pixels;0.004029;1.10000;253153.78000000003;0.0002646612663654479
678;Dorsal auditory area, layer 4;95861;95861.027954;pixels;26;242;242;pixels;0.002524;1.10000;115991.81000000001;0.00022415375706267535
252;Dorsal auditory area, layer 5;249312;249311.570801;pixels;78;1059;1059;pixels;0.004248;1.10000;301667.52;0.0002585628045074259
156;Dorsal auditory area, layer 6a;166937;166936.695068;pixels;91;1265;1265;pixels;0.007578;1.10000;201993.77000000002;0.00045050894391445833
243;Dorsal auditory area, layer 6b;23692;23691.889038;pixels;11;231;231;pixels;0.009750;1.10000;28667.320000000003;0.00038371218516415205
480149230;Laterolateral anterior visual area;0;0;pixels;0;0;0;pixels;0
480149234;Laterolateral anterior visual area, layer 1;0;0;pixels;0;0;0;pixels;0
480149238;Laterolateral anterior visual area, layer 2/3;0;0;pixels;0;0;0;pixels;0
480149242;Laterolateral anterior visual area, layer 4;0;0;pixels;0;0;0;pixels;0
480149246;Laterolateral anterior visual area,layer 5;0;0;pixels;0;0;0;pixels;0
480149250;Laterolateral anterior visual area, layer 6a;0;0;pixels;0;0;0;pixels;0
480149254;Laterolateral anterior visual area, layer 6b;0;0;pixels;0;0;0;pixels;0
1002;Primary auditory area;0;0;pixels;0;0;0;pixels;0
735;Primary auditory area, layer 1;128301;128300.691406;pixels;17;226;226;pixels;0.001761;1.10000;155244.21000000002;0.00010950488910343257
251;Primary auditory area, layer 2/3;163656;163656.279663;pixels;39;568;568;pixels;0.003471;1.10000;198023.76;0.0001969460634420839
816;Primary auditory area, layer 4;58318;58318.496094;pixels;43;594;594;pixels;0.010185;1.10000;70564.78000000001;0.0006093691498790188
847;Primary auditory area, layer 5;152722;152721.561646;pixels;32;409;409;pixels;0.002678;1.10000;184793.62000000002;0.00017316615151540403
954;Primary auditory area, layer 6a;27701;27701.285645;pixels;14;173;173;pixels;0.006245;1.10000;33518.21000000001;0.00041768340254446756
1005;Primary auditory area, layer 6b;0;0;pixels;0;0;0;pixels;0
1027;Posterior auditory area;0;0;pixels;0;0;0;pixels;0
696;Posterior auditory area, layer 1;0;0;pixels;0;0;0;pixels;0
643;Posterior auditory area, layer 2/3;0;0;pixels;0;0;0;pixels;0
759;Posterior auditory area, layer 4;0;0;pixels;0;0;0;pixels;0
791;Posterior auditory area, layer 5;0;0;pixels;0;0;0;pixels;0
249;Posterior auditory area, layer 6a;0;0;pixels;0;0;0;pixels;0
456;Posterior auditory area, layer 6b;0;0;pixels;0;0;0;pixels;0
1018;Ventral auditory area;0;0;pixels;0;0;0;pixels;0
959;Ventral auditory area, layer 1;77636;77636.497925;pixels;5;73;73;pixels;0.000940;1.10000;93939.56000000001;5.3225712362289104e-05
755;Ventral auditory area, layer 2/3;145796;145796.240234;pixels;38;465;465;pixels;0.003189;1.10000;176413.16000000003;0.00021540343135398738
990;Ventral auditory area, layer 4;103880;103879.821167;pixels;21;310;310;pixels;0.002984;1.10000;125694.80000000003;0.00016707135060479826
1023;Ventral auditory area, layer 5;251863;251863.005005;pixels;70;1211;1211;pixels;0.004808;1.10000;304754.2300000001;0.00022969328432291154
520;Ventral auditory area, layer 6a;170946;170946.091675;pixels;89;1601;1601;pixels;0.009366;1.10000;206844.66000000003;0.0004302745838350383
598;Ventral auditory area, layer 6b;21140;21140.454834;pixels;7;121;121;pixels;0.005724;1.10000;25579.400000000005;0.0002736577089376607
669;Visual areas;0;0;pixels;0;0;0;pixels;0
801;Visual areas, layer 1;0;0;pixels;0;0;0;pixels;0
561;Visual areas, layer 2/3;0;0;pixels;0;0;0;pixels;0
913;Visual areas, layer 4;0;0;pixels;0;0;0;pixels;0
937;Visual areas, layer 5;0;0;pixels;0;0;0;pixels;0
457;Visual areas, layer 6a;0;0;pixels;0;0;0;pixels;0
497;Visual areas, layer 6b;0;0;pixels;0;0;0;pixels;0
402;Anterolateral visual area;0;0;pixels;0;0;0;pixels;0
1074;Anterolateral visual area, layer 1;0;0;pixels;0;0;0;pixels;0
905;Anterolateral visual area, layer 2/3;0;0;pixels;0;0;0;pixels;0
1114;Anterolateral visual area, layer 4;0;0;pixels;0;0;0;pixels;0
233;Anterolateral visual area, layer 5;0;0;pixels;0;0;0;pixels;0
601;Anterolateral visual area, layer 6a;0;0;pixels;0;0;0;pixels;0
649;Anterolateral visual area, layer 6b;0;0;pixels;0;0;0;pixels;0
394;Anteromedial visual area;0;0;pixels;0;0;0;pixels;0
281;Anteromedial visual area, layer 1;116273;116272.501587;pixels;8;100;100;pixels;0.000860;1.10000;140690.33000000002;5.6862472353288243e-05
1066;Anteromedial visual area, layer 2/3;224891;224890.700562;pixels;72;975;975;pixels;0.004335;1.10000;272118.11000000004;0.000264590989552294
401;Anteromedial visual area, layer 4;76908;76907.516724;pixels;19;271;271;pixels;0.003524;1.10000;93058.68000000001;0.00020417224916579517
433;Anteromedial visual area, layer 5;259882;259881.798218;pixels;73;951;951;pixels;0.003659;1.10000;314457.22000000003;0.00023214604517587478
1046;Anteromedial visual area, layer 6a;144703;144702.768433;pixels;37;499;499;pixels;0.003448;1.10000;175090.63000000003;0.0002113191322688141
441;Anteromedial visual area, layer 6b;27337;27336.795044;pixels;4;44;44;pixels;0.001610;1.10000;33077.770000000004;0.00012092713626099945
409;Lateral visual area;0;0;pixels;0;0;0;pixels;0
421;Lateral visual area, layer 1;0;0;pixels;0;0;0;pixels;0
973;Lateral visual area, layer 2/3;0;0;pixels;0;0;0;pixels;0
573;Lateral visual area, layer 4;0;0;pixels;0;0;0;pixels;0
613;Lateral visual area, layer 5;0;0;pixels;0;0;0;pixels;0
74;Lateral visual area, layer 6a;0;0;pixels;0;0;0;pixels;0
121;Lateral visual area, layer 6b;0;0;pixels;0;0;0;pixels;0
385;Primary visual area;0;0;pixels;0;0;0;pixels;0
593;Primary visual area, layer 1;59412;59411.967896;pixels;3;73;73;pixels;0.001229;1.10000;71888.52;4.17312805994615e-05
821;Primary visual area, layer 2/3;69982;69982.195313;pixels;6;88;88;pixels;0.001257;1.10000;84678.22000000002;7.085647289232106e-05
721;Primary visual area, layer 4;27337;27336.795044;pixels;3;62;62;pixels;0.002268;1.10000;33077.770000000004;9.069535219574959e-05
778;Primary visual area, layer 5;32804;32804.154053;pixels;4;62;62;pixels;0.001890;1.10000;39692.840000000004;0.00010077384233529271
33;Primary visual area, layer 6a;2187;2186.943604;pixels;1;5;5;pixels;0.002286;1.10000;2646.2700000000004;0.0003778903891137336
305;Primary visual area, layer 6b;0;0;pixels;0;0;0;pixels;0
425;Posterolateral visual area;0;0;pixels;0;0;0;pixels;0
750;Posterolateral visual area, layer 1;0;0;pixels;0;0;0;pixels;0
269;Posterolateral visual area, layer 2/3;0;0;pixels;0;0;0;pixels;0
869;Posterolateral visual area, layer 4;0;0;pixels;0;0;0;pixels;0
902;Posterolateral visual area, layer 5;0;0;pixels;0;0;0;pixels;0
377;Posterolateral visual area, layer 6a;0;0;pixels;0;0;0;pixels;0
393;Posterolateral visual area, layer 6b;0;0;pixels;0;0;0;pixels;0
533;posteromedial visual area;0;0;pixels;0;0;0;pixels;0
805;posteromedial visual area, layer 1;23327;23327.398438;pixels;2;42;42;pixels;0.001800;1.10000;28225.670000000002;7.085748540247229e-05
41;posteromedial visual area, layer 2/3;25879;25878.832642;pixels;4;71;71;pixels;0.002744;1.10000;31313.590000000004;0.00012774006429796134
501;posteromedial visual area, layer 4;3645;3644.906006;pixels;1;8;8;pixels;0.002195;1.10000;4410.450000000001;0.00022673423346824016
565;posteromedial visual area, layer 5;0;0;pixels;0;0;0;pixels;0
257;posteromedial visual area, layer 6a;0;0;pixels;0;0;0;pixels;0
469;posteromedial visual area, layer 6b;0;0;pixels;0;0;0;pixels;0
312782574;Laterointermediate area;0;0;pixels;0;0;0;pixels;0
312782578;Laterointermediate area, layer 1;0;0;pixels;0;0;0;pixels;0
312782582;Laterointermediate area, layer 2/3;0;0;pixels;0;0;0;pixels;0
312782586;Laterointermediate area, layer 4;0;0;pixels;0;0;0;pixels;0
312782590;Laterointermediate area, layer 5;0;0;pixels;0;0;0;pixels;0
312782594;Laterointermediate area, layer 6a;0;0;pixels;0;0;0;pixels;0
312782598;Laterointermediate area, layer 6b;0;0;pixels;0;0;0;pixels;0
312782628;Postrhinal area;0;0;pixels;0;0;0;pixels;0
312782632;Postrhinal area, layer 1;0;0;pixels;0;0;0;pixels;0
312782636;Postrhinal area, layer 2/3;0;0;pixels;0;0;0;pixels;0
312782640;Postrhinal area, layer 4;0;0;pixels;0;0;0;pixels;0
312782644;Postrhinal area, layer 5;0;0;pixels;0;0;0;pixels;0
312782648;Postrhinal area, layer 6a;0;0;pixels;0;0;0;pixels;0
312782652;Postrhinal area, layer 6b;0;0;pixels;0;0;0;pixels;0
31;Anterior cingulate area;0;0;pixels;0;0;0;pixels;0
572;Anterior cingulate area, layer 1;0;0;pixels;0;0;0;pixels;0
1053;Anterior cingulate area, layer 2/3;0;0;pixels;0;0;0;pixels;0
739;Anterior cingulate area, layer 5;0;0;pixels;0;0;0;pixels;0
179;Anterior cingulate area, layer 6a;0;0;pixels;0;0;0;pixels;0
227;Anterior cingulate area, layer 6b;0;0;pixels;0;0;0;pixels;0
39;Anterior cingulate area, dorsal part;0;0;pixels;0;0;0;pixels;0
935;Anterior cingulate area, dorsal part, layer 1;0;0;pixels;0;0;0;pixels;0
211;Anterior cingulate area, dorsal part, layer 2/3;0;0;pixels;0;0;0;pixels;0
1015;Anterior cingulate area, dorsal part, layer 5;0;0;pixels;0;0;0;pixels;0
919;Anterior cingulate area, dorsal part, layer 6a;0;0;pixels;0;0;0;pixels;0
927;Anterior cingulate area, dorsal part, layer 6b;0;0;pixels;0;0;0;pixels;0
48;Anterior cingulate area, ventral part;0;0;pixels;0;0;0;pixels;0
588;Anterior cingulate area, ventral part, layer 1;0;0;pixels;0;0;0;pixels;0
296;Anterior cingulate area, ventral part, layer 2/3;0;0;pixels;0;0;0;pixels;0
772;Anterior cingulate area, ventral part, layer 5;0;0;pixels;0;0;0;pixels;0
810;Anterior cingulate area, ventral part, 6a;0;0;pixels;0;0;0;pixels;0
819;Anterior cingulate area, ventral part, 6b;0;0;pixels;0;0;0;pixels;0
972;Prelimbic area;0;0;pixels;0;0;0;pixels;0
171;Prelimbic area, layer 1;0;0;pixels;0;0;0;pixels;0
195;Prelimbic area, layer 2;0;0;pixels;0;0;0;pixels;0
304;Prelimbic area, layer 2/3;0;0;pixels;0;0;0;pixels;0
363;Prelimbic area, layer 5;0;0;pixels;0;0;0;pixels;0
84;Prelimbic area, layer 6a;0;0;pixels;0;0;0;pixels;0
132;Prelimbic area, layer 6b;0;0;pixels;0;0;0;pixels;0
44;Infralimbic area;0;0;pixels;0;0;0;pixels;0
707;Infralimbic area, layer 1;0;0;pixels;0;0;0;pixels;0
747;Infralimbic area, layer 2;0;0;pixels;0;0;0;pixels;0
556;Infralimbic area, layer 2/3;0;0;pixels;0;0;0;pixels;0
827;Infralimbic area, layer 5;0;0;pixels;0;0;0;pixels;0
1054;Infralimbic area, layer 6a;0;0;pixels;0;0;0;pixels;0
1081;Infralimbic area, layer 6b;0;0;pixels;0;0;0;pixels;0
714;Orbital area;0;0;pixels;0;0;0;pixels;0
264;Orbital area, layer 1;0;0;pixels;0;0;0;pixels;0
492;Orbital area, layer 2/3;0;0;pixels;0;0;0;pixels;0
352;Orbital area, layer 5;0;0;pixels;0;0;0;pixels;0
476;Orbital area, layer 6a;0;0;pixels;0;0;0;pixels;0
516;Orbital area, layer 6b;0;0;pixels;0;0;0;pixels;0
723;Orbital area, lateral part;0;0;pixels;0;0;0;pixels;0
448;Orbital area, lateral part, layer 1;0;0;pixels;0;0;0;pixels;0
412;Orbital area, lateral part, layer 2/3;0;0;pixels;0;0;0;pixels;0
630;Orbital area, lateral part, layer 5;0;0;pixels;0;0;0;pixels;0
440;Orbital area, lateral part, layer 6a;0;0;pixels;0;0;0;pixels;0
488;Orbital area, lateral part, layer 6b;0;0;pixels;0;0;0;pixels;0
731;Orbital area, medial part;0;0;pixels;0;0;0;pixels;0
484;Orbital area, medial part, layer 1;0;0;pixels;0;0;0;pixels;0
524;Orbital area, medial part, layer 2;0;0;pixels;0;0;0;pixels;0
582;Orbital area, medial part, layer 2/3;0;0;pixels;0;0;0;pixels;0
620;Orbital area, medial part, layer 5;0;0;pixels;0;0;0;pixels;0
910;Orbital area, medial part, layer 6a;0;0;pixels;0;0;0;pixels;0
527696977;Orbital area, medial part, layer 6b;0;0;pixels;0;0;0;pixels;0
738;Orbital area, ventral part;0;0;pixels;0;0;0;pixels;0
746;Orbital area, ventrolateral part;0;0;pixels;0;0;0;pixels;0
969;Orbital area, ventrolateral part, layer 1;0;0;pixels;0;0;0;pixels;0
288;Orbital area, ventrolateral part, layer 2/3;0;0;pixels;0;0;0;pixels;0
1125;Orbital area, ventrolateral part, layer 5;0;0;pixels;0;0;0;pixels;0
608;Orbital area, ventrolateral part, layer 6a;0;0;pixels;0;0;0;pixels;0
680;Orbital area, ventrolateral part, layer 6b;0;0;pixels;0;0;0;pixels;0
95;Agranular insular area;0;0;pixels;0;0;0;pixels;0
104;Agranular insular area, dorsal part;0;0;pixels;0;0;0;pixels;0
996;Agranular insular area, dorsal part, layer 1;0;0;pixels;0;0;0;pixels;0
328;Agranular insular area, dorsal part, layer 2/3;0;0;pixels;0;0;0;pixels;0
1101;Agranular insular area, dorsal part, layer 5;0;0;pixels;0;0;0;pixels;0
783;Agranular insular area, dorsal part, layer 6a;0;0;pixels;0;0;0;pixels;0
831;Agranular insular area, dorsal part, layer 6b;0;0;pixels;0;0;0;pixels;0
111;Agranular insular area, posterior part;0;0;pixels;0;0;0;pixels;0
120;Agranular insular area, posterior part, layer 1;38636;38636.003662;pixels;3;5;5;pixels;0.000129;1.10000;46749.56000000001;6.417172696384735e-05
163;Agranular insular area, posterior part, layer 2/3;83104;83103.856934;pixels;22;386;386;pixels;0.004645;1.10000;100555.84000000001;0.00021878391150628344
344;Agranular insular area, posterior part, layer 5;102057;102057.368164;pixels;48;921;921;pixels;0.009024;1.10000;123488.97000000002;0.0003886986829673937
314;Agranular insular area, posterior part, layer 6a;55767;55767.061890;pixels;30;571;571;pixels;0.010239;1.10000;67478.07;0.00044458888643377024
355;Agranular insular area, posterior part, layer 6b;8748;8747.774414;pixels;6;100;100;pixels;0.011431;1.10000;10585.080000000002;0.0005668355836706004
119;Agranular insular area, ventral part;0;0;pixels;0;0;0;pixels;0
704;Agranular insular area, ventral part, layer 1;0;0;pixels;0;0;0;pixels;0
694;Agranular insular area, ventral part, layer 2/3;0;0;pixels;0;0;0;pixels;0
800;Agranular insular area, ventral part, layer 5;0;0;pixels;0;0;0;pixels;0
675;Agranular insular area, ventral part, layer 6a;0;0;pixels;0;0;0;pixels;0
699;Agranular insular area, ventral part, layer 6b;0;0;pixels;0;0;0;pixels;0
254;Retrosplenial area;0;0;pixels;0;0;0;pixels;0
894;Retrosplenial area, lateral agranular part;0;0;pixels;0;0;0;pixels;0
671;Retrosplenial area, lateral agranular part, layer 1;58683;58682.986694;pixels;4;26;26;pixels;0.000443;1.10000;71006.43000000001;5.633292646877191e-05
965;Retrosplenial area, lateral agranular part, layer 2/3;76543;76543.026123;pixels;29;350;350;pixels;0.004573;1.10000;92617.03000000001;0.00031311736081366455
774;Retrosplenial area, lateral agranular part, layer 5;110805;110805.142578;pixels;27;452;452;pixels;0.004079;1.10000;134074.05000000002;0.00020138125162923024
906;Retrosplenial area, lateral agranular part, layer 6a;70347;70346.685913;pixels;30;404;404;pixels;0.005743;1.10000;85119.87000000002;0.0003524441472948677
279;Retrosplenial area, lateral agranular part, layer 6b;10206;10205.736816;pixels;6;50;50;pixels;0.004899;1.10000;12349.260000000002;0.00048585907171765747
480149258;Mediomedial anterior visual area;0;0;pixels;0;0;0;pixels;0
480149262;Mediomedial anterior visual area, layer 1;0;0;pixels;0;0;0;pixels;0
480149266;Mediomedial anterior visual area, layer 2/3;0;0;pixels;0;0;0;pixels;0
480149270;Mediomedial anterior visual area, layer 4;0;0;pixels;0;0;0;pixels;0
480149274;Mediomedial anterior visual area,layer 5;0;0;pixels;0;0;0;pixels;0
480149278;Mediomedial anterior visual area, layer 6a;0;0;pixels;0;0;0;pixels;0
480149282;Mediomedial anterior visual area, layer 6b;0;0;pixels;0;0;0;pixels;0
480149286;Mediomedial posterior visual area;0;0;pixels;0;0;0;pixels;0
480149290;Mediomedial posterior visual area, layer 1;0;0;pixels;0;0;0;pixels;0
480149294;Mediomedial posterior visual area, layer 2/3;0;0;pixels;0;0;0;pixels;0
480149298;Mediomedial posterior visual area, layer 4;0;0;pixels;0;0;0;pixels;0
480149302;Mediomedial posterior visual area,layer 5;0;0;pixels;0;0;0;pixels;0
480149306;Mediomedial posterior visual area, layer 6a;0;0;pixels;0;0;0;pixels;0
480149310;Mediomedial posterior visual area, layer 6b;0;0;pixels;0;0;0;pixels;0
480149314;Medial visual area;0;0;pixels;0;0;0;pixels;0
480149318;Medial visual area, layer 1;0;0;pixels;0;0;0;pixels;0
480149322;Medial visual area, layer 2/3;0;0;pixels;0;0;0;pixels;0
480149326;Medial visual area, layer 4;0;0;pixels;0;0;0;pixels;0
480149330;Medial visual area,layer 5;0;0;pixels;0;0;0;pixels;0
480149334;Medial visual area, layer 6a;0;0;pixels;0;0;0;pixels;0
480149338;Medial visual area, layer 6b;0;0;pixels;0;0;0;pixels;0
879;Retrosplenial area, dorsal part;0;0;pixels;0;0;0;pixels;0
442;Retrosplenial area, dorsal part, layer 1;91852;91851.631348;pixels;1;2;2;pixels;0.000022;1.10000;111140.92000000003;8.997586127593687e-06
434;Retrosplenial area, dorsal part, layer 2/3;141058;141057.862427;pixels;51;395;395;pixels;0.002800;1.10000;170680.18000000002;0.0002988044657557778
545;Retrosplenial area, dorsal part, layer 4;0;0;pixels;0;0;0;pixels;0
610;Retrosplenial area, dorsal part, layer 5;207760;207759.642334;pixels;20;168;168;pixels;0.000809;1.10000;251389.60000000006;7.955778600228488e-05
274;Retrosplenial area, dorsal part, layer 6a;139600;139599.900024;pixels;12;123;123;pixels;0.000881;1.10000;168916.0;7.10412275924128e-05
330;Retrosplenial area, dorsal part, layer 6b;8748;8747.774414;pixels;2;22;22;pixels;0.002515;1.10000;10585.080000000002;0.0001889451945568668
886;Retrosplenial area, ventral part;0;0;pixels;0;0;0;pixels;0
542;Retrosplenial area, ventral part, layer 1;137413;137412.956421;pixels;35;273;273;pixels;0.001987;1.10000;166269.73000000004;0.00021050133418752765
606;Retrosplenial area, ventral part, layer 2;0;0;pixels;0;0;0;pixels;0
430;Retrosplenial area, ventral part, layer 2/3;196096;196095.943115;pixels;83;593;593;pixels;0.003024;1.10000;237276.16000000003;0.0003498033683619964
687;Retrosplenial area, ventral part, layer 5;348453;348453.014160;pixels;95;794;794;pixels;0.002279;1.10000;421628.13000000006;0.0002253170347054405
590;Retrosplenial area, ventral part, layer 6a;120282;120281.898193;pixels;11;89;89;pixels;0.000740;1.10000;145541.22000000003;7.557996284489025e-05
622;Retrosplenial area, ventral part, layer 6b;20047;20046.983032;pixels;1;16;16;pixels;0.000798;1.10000;24256.870000000003;4.122543427903105e-05
22;Posterior parietal association areas;0;0;pixels;0;0;0;pixels;0
532;Posterior parietal association areas, layer 1;0;0;pixels;0;0;0;pixels;0
241;Posterior parietal association areas, layer 2/3;0;0;pixels;0;0;0;pixels;0
635;Posterior parietal association areas, layer 4;0;0;pixels;0;0;0;pixels;0
683;Posterior parietal association areas, layer 5;0;0;pixels;0;0;0;pixels;0
308;Posterior parietal association areas, layer 6a;0;0;pixels;0;0;0;pixels;0
340;Posterior parietal association areas, layer 6b;0;0;pixels;0;0;0;pixels;0
312782546;Anterior area;0;0;pixels;0;0;0;pixels;0
312782550;Anterior area, layer 1;16767;16766.567627;pixels;3;60;60;pixels;0.003579;1.10000;20288.070000000003;0.00014787015226189575
312782554;Anterior area, layer 2/3;54674;54673.590088;pixels;17;269;269;pixels;0.004920;1.10000;66155.54000000001;0.0002569701645546238
312782558;Anterior area, layer 4;25150;25149.851440;pixels;7;73;73;pixels;0.002903;1.10000;30431.500000000007;0.00023002480981877324
312782562;Anterior area, layer 5;83468;83468.347534;pixels;26;277;277;pixels;0.003319;1.10000;100996.28000000001;0.0002574352243468769
312782566;Anterior area, layer 6a;84926;84926.309937;pixels;33;273;273;pixels;0.003215;1.10000;102760.46000000002;0.00032113519149291463
312782570;Anterior area, layer 6b;19682;19682.492432;pixels;4;31;31;pixels;0.001575;1.10000;23815.22;0.00016795981729331074
417;Rostrolateral visual area;0;0;pixels;0;0;0;pixels;0
312782604;Rostrolateral area, layer 1;123198;123197.822998;pixels;24;328;328;pixels;0.002662;1.10000;149069.58000000005;0.00016099864237894808
312782608;Rostrolateral area, layer 2/3;199741;199740.849121;pixels;34;427;427;pixels;0.002138;1.10000;241686.61000000002;0.0001406780458379552
312782612;Rostrolateral area, layer 4;104244;104244.311768;pixels;19;222;222;pixels;0.002130;1.10000;126135.24000000002;0.00015063197247652596
312782616;Rostrolateral area, layer 5;176413;176413.450684;pixels;36;448;448;pixels;0.002539;1.10000;213459.73000000004;0.00016865007746425987
312782620;Rostrolateral area, layer 6a;108618;108618.198975;pixels;28;231;231;pixels;0.002127;1.10000;131427.78000000003;0.00021304476116084433
312782624;Rostrolateral area, layer 6b;18954;18953.511230;pixels;2;34;34;pixels;0.001794;1.10000;22934.340000000004;8.72054744108616e-05
541;Temporal association areas;0;0;pixels;0;0;0;pixels;0
97;Temporal association areas, layer 1;116637;116636.992188;pixels;5;30;30;pixels;0.000257;1.10000;141130.77000000002;3.542813519688158e-05
1127;Temporal association areas, layer 2/3;163656;163656.279663;pixels;32;462;462;pixels;0.002823;1.10000;198023.76;0.00016159677000376115
234;Temporal association areas, layer 4;77636;77636.497925;pixels;16;263;263;pixels;0.003388;1.10000;93939.56000000001;0.00017032227955932514
289;Temporal association areas, layer 5;258424;258423.835815;pixels;95;1628;1628;pixels;0.006300;1.10000;312693.04000000004;0.0003038123266191022
729;Temporal association areas, layer 6a;189171;189170.621704;pixels;92;1806;1806;pixels;0.009547;1.10000;228896.91000000003;0.00040192766254468
786;Temporal association areas, layer 6b;21140;21140.454834;pixels;14;191;191;pixels;0.009035;1.10000;25579.400000000005;0.0005473154178753214
922;Perirhinal area;0;0;pixels;0;0;0;pixels;0
540;Perirhinal area, layer 1;41916;41916.419067;pixels;0;0;0;pixels;0;1.10000;50718.36000000001;0.0
888;Perirhinal area, layer 2/3;55767;55767.061890;pixels;11;134;134;pixels;0.002403;1.10000;67478.07;0.00016301592502571574
692;Perirhinal area, layer 5;35720;35720.078857;pixels;18;301;301;pixels;0.008427;1.10000;43221.200000000004;0.0004164622916531702
335;Perirhinal area, layer 6a;2916;2915.924805;pixels;2;22;22;pixels;0.007545;1.10000;3528.3600000000006;0.0005668355836706004
368;Perirhinal area, layer 6b;0;0;pixels;0;0;0;pixels;0
895;Ectorhinal area;0;0;pixels;0;0;0;pixels;0
836;Ectorhinal area/Layer 1;74721;74720.573120;pixels;6;68;68;pixels;0.000910;1.10000;90412.41000000002;6.636257124436787e-05
427;Ectorhinal area/Layer 2/3;125020;125020.276001;pixels;53;824;824;pixels;0.006591;1.10000;151274.2;0.00035035716599393684
988;Ectorhinal area/Layer 5;157095;157095.448853;pixels;106;1573;1573;pixels;0.010013;1.10000;190084.95;0.0005576454106440304
977;Ectorhinal area/Layer 6a;87842;87842.234741;pixels;39;840;840;pixels;0.009563;1.10000;106288.82000000002;0.0003669247621715999
1045;Ectorhinal area/Layer 6b;10935;10934.718018;pixels;7;42;42;pixels;0.003841;1.10000;13231.350000000002;0.000529046544759227
698;Olfactory areas;30253;30252.719849;pixels;5;82;82;pixels;0.002711;1.10000;36606.130000000005;0.00013658914504210086
507;Main olfactory bulb;0;0;pixels;0;0;0;pixels;0
212;Main olfactory bulb, glomerular layer;0;0;pixels;0;0;0;pixels;0
220;Main olfactory bulb, granule layer;0;0;pixels;0;0;0;pixels;0
228;Main olfactory bulb, inner plexiform layer;0;0;pixels;0;0;0;pixels;0
236;Main olfactory bulb, mitral layer;0;0;pixels;0;0;0;pixels;0
244;Main olfactory bulb, outer plexiform layer;0;0;pixels;0;0;0;pixels;0
151;Accessory olfactory bulb;0;0;pixels;0;0;0;pixels;0
188;Accessory olfactory bulb, glomerular layer;0;0;pixels;0;0;0;pixels;0
196;Accessory olfactory bulb, granular layer;0;0;pixels;0;0;0;pixels;0
204;Accessory olfactory bulb, mitral layer;0;0;pixels;0;0;0;pixels;0
159;Anterior olfactory nucleus;0;0;pixels;0;0;0;pixels;0
167;Anterior olfactory nucleus, dorsal part;0;0;pixels;0;0;0;pixels;0
175;Anterior olfactory nucleus, external part;0;0;pixels;0;0;0;pixels;0
183;Anterior olfactory nucleus, lateral part;0;0;pixels;0;0;0;pixels;0
191;Anterior olfactory nucleus, medial part;0;0;pixels;0;0;0;pixels;0
199;Anterior olfactory nucleus, posteroventral part;0;0;pixels;0;0;0;pixels;0
160;Anterior olfactory nucleus, layer 1;0;0;pixels;0;0;0;pixels;0
168;Anterior olfactory nucleus, layer 2;0;0;pixels;0;0;0;pixels;0
589;Taenia tecta;0;0;pixels;0;0;0;pixels;0
597;Taenia tecta, dorsal part;0;0;pixels;0;0;0;pixels;0
297;Taenia tecta, dorsal part, layers 1-4;0;0;pixels;0;0;0;pixels;0
1034;Taenia tecta, dorsal part, layer 1;0;0;pixels;0;0;0;pixels;0
1042;Taenia tecta, dorsal part, layer 2;0;0;pixels;0;0;0;pixels;0
1050;Taenia tecta, dorsal part, layer 3;0;0;pixels;0;0;0;pixels;0
1059;Taenia tecta, dorsal part, layer 4;0;0;pixels;0;0;0;pixels;0
605;Taenia tecta, ventral part;0;0;pixels;0;0;0;pixels;0
306;Taenia tecta, ventral part, layers 1-3;0;0;pixels;0;0;0;pixels;0
1067;Taenia tecta, ventral part, layer 1;0;0;pixels;0;0;0;pixels;0
1075;Taenia tecta, ventral part, layer 2;0;0;pixels;0;0;0;pixels;0
1082;Taenia tecta, ventral part, layer 3;0;0;pixels;0;0;0;pixels;0
814;Dorsal peduncular area;0;0;pixels;0;0;0;pixels;0
496;Dorsal peduncular area, layer 1;0;0;pixels;0;0;0;pixels;0
535;Dorsal peduncular area, layer 2;0;0;pixels;0;0;0;pixels;0
360;Dorsal peduncular area, layer 2/3;0;0;pixels;0;0;0;pixels;0
646;Dorsal peduncular area, layer 5;0;0;pixels;0;0;0;pixels;0
267;Dorsal peduncular area, layer 6a;0;0;pixels;0;0;0;pixels;0
961;Piriform area;1471449;1471448.554565;pixels;416;6544;6544;pixels;0.004447;1.10000;1780453.2900000003;0.00023364836490599532
152;Piriform area, layers 1-3;0;0;pixels;0;0;0;pixels;0
276;Piriform area, molecular layer;0;0;pixels;0;0;0;pixels;0
284;Piriform area, pyramidal layer;0;0;pixels;0;0;0;pixels;0
291;Piriform area, polymorph layer;0;0;pixels;0;0;0;pixels;0
619;Nucleus of the lateral olfactory tract;0;0;pixels;0;0;0;pixels;0
392;Nucleus of the lateral olfactory tract, layers 1-3;0;0;pixels;0;0;0;pixels;0
260;Nucleus of the lateral olfactory tract, molecular layer;0;0;pixels;0;0;0;pixels;0
268;Nucleus of the lateral olfactory tract, pyramidal layer;0;0;pixels;0;0;0;pixels;0
1139;Nucleus of the lateral olfactory tract, layer 3;0;0;pixels;0;0;0;pixels;0
631;Cortical amygdalar area;0;0;pixels;0;0;0;pixels;0
639;Cortical amygdalar area, anterior part;350640;350639.957764;pixels;49;871;871;pixels;0.002484;1.10000;424274.4000000001;0.00011549129525608896
192;Cortical amygdalar area, anterior part, layer 1;0;0;pixels;0;0;0;pixels;0
200;Cortical amygdalar area, anterior part, layer 2;0;0;pixels;0;0;0;pixels;0
208;Cortical amygdalar area, anterior part, layer 3;0;0;pixels;0;0;0;pixels;0
647;Cortical amygdalar area, posterior part;0;0;pixels;0;0;0;pixels;0
655;Cortical amygdalar area, posterior part, lateral zone;39000;39000.494263;pixels;12;226;226;pixels;0.005795;1.10000;47190.00000000001;0.00025429116338207243
584;Cortical amygdalar area, posterior part, lateral zone, layers 1-2;0;0;pixels;0;0;0;pixels;0
376;Cortical amygdalar area, posterior part, lateral zone, layers 1-3;0;0;pixels;0;0;0;pixels;0
216;Cortical amygdalar area, posterior part, lateral zone, layer 1;0;0;pixels;0;0;0;pixels;0
224;Cortical amygdalar area, posterior part, lateral zone, layer 2;0;0;pixels;0;0;0;pixels;0
232;Cortical amygdalar area, posterior part, lateral zone, layer 3;0;0;pixels;0;0;0;pixels;0
663;Cortical amygdalar area, posterior part, medial zone;0;0;pixels;0;0;0;pixels;0
592;Cortical amygdalar area, posterior part, medial zone, layers 1-2;0;0;pixels;0;0;0;pixels;0
383;Cortical amygdalar area, posterior part, medial zone, layers 1-3;0;0;pixels;0;0;0;pixels;0
240;Cortical amygdalar area, posterior part, medial zone, layer 1;0;0;pixels;0;0;0;pixels;0
248;Cortical amygdalar area, posterior part, medial zone, layer 2;0;0;pixels;0;0;0;pixels;0
256;Cortical amygdalar area, posterior part, medial zone, layer 3;0;0;pixels;0;0;0;pixels;0
788;Piriform-amygdalar area;388911;388911.470825;pixels;63;1090;1090;pixels;0.002803;1.10000;470582.31000000006;0.0001338766856748185
400;Piriform-amygdalar area, layers 1-3;0;0;pixels;0;0;0;pixels;0
408;Piriform-amygdalar area, molecular layer;0;0;pixels;0;0;0;pixels;0
416;Piriform-amygdalar area, pyramidal layer;0;0;pixels;0;0;0;pixels;0
424;Piriform-amygdalar area, polymorph layer;0;0;pixels;0;0;0;pixels;0
566;Postpiriform transition area;0;0;pixels;0;0;0;pixels;0
517;Postpiriform transition area, layers 1-3;0;0;pixels;0;0;0;pixels;0
1140;Postpiriform transition area, layers 1;0;0;pixels;0;0;0;pixels;0
1141;Postpiriform transition area, layers 2;0;0;pixels;0;0;0;pixels;0
1142;Postpiriform transition area, layers 3;0;0;pixels;0;0;0;pixels;0
1089;Hippocampal formation;6561;6560.830811;pixels;0;0;0;pixels;0;1.10000;7938.810000000001;0.0
1080;Hippocampal region;0;0;pixels;0;0;0;pixels;0
375;Ammon's horn;0;0;pixels;0;0;0;pixels;0
382;Field CA1;1786004;1786003.942871;pixels;424;6791;6791;pixels;0.003802;1.10000;2161064.8400000003;0.00019619957353986654
391;Field CA1, stratum lacunosum-moleculare;0;0;pixels;0;0;0;pixels;0
399;Field CA1, stratum oriens;0;0;pixels;0;0;0;pixels;0
407;Field CA1, pyramidal layer;0;0;pixels;0;0;0;pixels;0
415;Field CA1, stratum radiatum;0;0;pixels;0;0;0;pixels;0
423;Field CA2;61963;61963.402100;pixels;3;25;25;pixels;0.000403;1.10000;74975.23000000001;4.001321503115095e-05
431;Field CA2, stratum lacunosum-moleculare;0;0;pixels;0;0;0;pixels;0
438;Field CA2, stratum oriens;0;0;pixels;0;0;0;pixels;0
446;Field CA2, pyramidal layer;0;0;pixels;0;0;0;pixels;0
454;Field CA2, stratum radiatum;0;0;pixels;0;0;0;pixels;0
463;Field CA3;741009;741009.390991;pixels;139;2290;2290;pixels;0.003090;1.10000;896620.8900000001;0.00015502650178047934
471;Field CA3, stratum lacunosum-moleculare;0;0;pixels;0;0;0;pixels;0
479;Field CA3, stratum lucidum;0;0;pixels;0;0;0;pixels;0
486;Field CA3, stratum oriens;0;0;pixels;0;0;0;pixels;0
495;Field CA3, pyramidal layer;0;0;pixels;0;0;0;pixels;0
504;Field CA3, stratum radiatum;0;0;pixels;0;0;0;pixels;0
726;Dentate gyrus;0;0;pixels;0;0;0;pixels;0
10703;Dentate gyrus, molecular layer;633849;633849.154419;pixels;34;734;734;pixels;0.001158;1.10000;766957.29;4.433102135322294e-05
10704;Dentate gyrus, polymorph layer;105338;105337.783569;pixels;27;578;578;pixels;0.005487;1.10000;127458.98000000001;0.00021183285791240443
632;Dentate gyrus, granule cell layer;242022;242021.758789;pixels;41;767;767;pixels;0.003169;1.10000;292846.62000000005;0.00014000503061978312
10702;Dentate gyrus, subgranular zone;0;0;pixels;0;0;0;pixels;0
734;Dentate gyrus crest;0;0;pixels;0;0;0;pixels;0
742;Dentate gyrus crest, molecular layer;0;0;pixels;0;0;0;pixels;0
751;Dentate gyrus crest, polymorph layer;0;0;pixels;0;0;0;pixels;0
758;Dentate gyrus crest, granule cell layer;0;0;pixels;0;0;0;pixels;0
766;Dentate gyrus lateral blade;0;0;pixels;0;0;0;pixels;0
775;Dentate gyrus lateral blade, molecular layer;0;0;pixels;0;0;0;pixels;0
782;Dentate gyrus lateral blade, polymorph layer;0;0;pixels;0;0;0;pixels;0
790;Dentate gyrus lateral blade, granule cell layer;0;0;pixels;0;0;0;pixels;0
799;Dentate gyrus medial blade;0;0;pixels;0;0;0;pixels;0
807;Dentate gyrus medial blade, molecular layer;0;0;pixels;0;0;0;pixels;0
815;Dentate gyrus medial blade, polymorph layer;0;0;pixels;0;0;0;pixels;0
823;Dentate gyrus medial blade, granule cell layer;0;0;pixels;0;0;0;pixels;0
982;Fasciola cinerea;21869;21869.436035;pixels;0;0;0;pixels;0;1.10000;26461.490000000005;0.0
19;Induseum griseum;0;0;pixels;0;0;0;pixels;0
822;Retrohippocampal region;0;0;pixels;0;0;0;pixels;0
909;Entorhinal area;0;0;pixels;0;0;0;pixels;0
918;Entorhinal area, lateral part;0;0;pixels;0;0;0;pixels;0
1121;Entorhinal area, lateral part, layer 1;17131;17131.058228;pixels;0;0;0;pixels;0;1.10000;20728.510000000006;0.0
20;Entorhinal area, lateral part, layer 2;20047;20046.983032;pixels;0;0;0;pixels;0;1.10000;24256.870000000003;0.0
999;Entorhinal area, lateral part, layer 2/3;0;0;pixels;0;0;0;pixels;0
715;Entorhinal area, lateral part, layer 2a;0;0;pixels;0;0;0;pixels;0
764;Entorhinal area, lateral part, layer 2b;0;0;pixels;0;0;0;pixels;0
52;Entorhinal area, lateral part, layer 3;24056;24056.379639;pixels;13;169;169;pixels;0.007025;1.10000;29107.760000000006;0.00044661629750966745
92;Entorhinal area, lateral part, layer 4;0;0;pixels;0;0;0;pixels;0
312;Entorhinal area, lateral part, layer 4/5;0;0;pixels;0;0;0;pixels;0
139;Entorhinal area, lateral part, layer 5;30982;30981.701050;pixels;12;205;205;pixels;0.006617;1.10000;37488.22000000001;0.0003201005542541096
387;Entorhinal area, lateral part, layer 5/6;0;0;pixels;0;0;0;pixels;0
28;Entorhinal area, lateral part, layer 6a;8383;8383.283813;pixels;2;68;68;pixels;0.008111;1.10000;10143.430000000002;0.0001971719625412705
60;Entorhinal area, lateral part, layer 6b;0;0;pixels;0;0;0;pixels;0
926;Entorhinal area, medial part, dorsal zone;0;0;pixels;0;0;0;pixels;0
526;Entorhinal area, medial part, dorsal zone, layer 1;0;0;pixels;0;0;0;pixels;0
543;Entorhinal area, medial part, dorsal zone, layer 2;0;0;pixels;0;0;0;pixels;0
468;Entorhinal area, medial part, dorsal zone, layer 2a;0;0;pixels;0;0;0;pixels;0
508;Entorhinal area, medial part, dorsal zone, layer 2b;0;0;pixels;0;0;0;pixels;0
664;Entorhinal area, medial part, dorsal zone, layer 3;0;0;pixels;0;0;0;pixels;0
712;Entorhinal area, medial part, dorsal zone, layer 4;0;0;pixels;0;0;0;pixels;0
727;Entorhinal area, medial part, dorsal zone, layer 5;0;0;pixels;0;0;0;pixels;0
550;Entorhinal area, medial part, dorsal zone, layer 5/6;0;0;pixels;0;0;0;pixels;0
743;Entorhinal area, medial part, dorsal zone, layer 6;0;0;pixels;0;0;0;pixels;0
934;Entorhinal area, medial part, ventral zone;0;0;pixels;0;0;0;pixels;0
259;Entorhinal area, medial part, ventral zone, layer 1;0;0;pixels;0;0;0;pixels;0
324;Entorhinal area, medial part, ventral zone, layer 2;0;0;pixels;0;0;0;pixels;0
371;Entorhinal area, medial part, ventral zone, layer 3;0;0;pixels;0;0;0;pixels;0
419;Entorhinal area, medial part, ventral zone, layer 4;0;0;pixels;0;0;0;pixels;0
1133;Entorhinal area, medial part, ventral zone, layer 5/6;0;0;pixels;0;0;0;pixels;0
843;Parasubiculum;0;0;pixels;0;0;0;pixels;0
10693;Parasubiculum, layer 1;0;0;pixels;0;0;0;pixels;0
10694;Parasubiculum, layer 2;0;0;pixels;0;0;0;pixels;0
10695;Parasubiculum, layer 3;0;0;pixels;0;0;0;pixels;0
1037;Postsubiculum;0;0;pixels;0;0;0;pixels;0
10696;Postsubiculum, layer 1;0;0;pixels;0;0;0;pixels;0
10697;Postsubiculum, layer 2;0;0;pixels;0;0;0;pixels;0
10698;Postsubiculum, layer 3;0;0;pixels;0;0;0;pixels;0
1084;Presubiculum;0;0;pixels;0;0;0;pixels;0
10699;Presubiculum, layer 1;0;0;pixels;0;0;0;pixels;0
10700;Presubiculum, layer 2;0;0;pixels;0;0;0;pixels;0
10701;Presubiculum, layer 3;0;0;pixels;0;0;0;pixels;0
502;Subiculum;11299;11299.208618;pixels;0;0;0;pixels;0;1.10000;13671.790000000003;0.0
509;Subiculum, dorsal part;0;0;pixels;0;0;0;pixels;0
829;Subiculum, dorsal part, molecular layer;0;0;pixels;0;0;0;pixels;0
845;Subiculum, dorsal part, pyramidal layer;0;0;pixels;0;0;0;pixels;0
837;Subiculum, dorsal part, stratum radiatum;0;0;pixels;0;0;0;pixels;0
518;Subiculum, ventral part;0;0;pixels;0;0;0;pixels;0
853;Subiculum, ventral part, molecular layer;0;0;pixels;0;0;0;pixels;0
870;Subiculum, ventral part, pyramidal layer;0;0;pixels;0;0;0;pixels;0
861;Subiculum, ventral part, stratum radiatum;0;0;pixels;0;0;0;pixels;0
484682470;Prosubiculum;0;0;pixels;0;0;0;pixels;0
484682475;Prosubiculum, dorsal part;0;0;pixels;0;0;0;pixels;0
484682479;Prosubiculum, dorsal part, molecular layer;0;0;pixels;0;0;0;pixels;0
484682483;Prosubiculum, dorsal part, pyramidal layer;0;0;pixels;0;0;0;pixels;0
484682487;Prosubiculum, dorsal part, stratum radiatum;0;0;pixels;0;0;0;pixels;0
484682492;Prosubiculum, ventral part;0;0;pixels;0;0;0;pixels;0
484682496;Prosubiculum, ventral part, molecular layer;0;0;pixels;0;0;0;pixels;0
484682500;Prosubiculum, ventral part, pyramidal layer;0;0;pixels;0;0;0;pixels;0
484682504;Prosubiculum, ventral part, stratum radiatum;0;0;pixels;0;0;0;pixels;0
589508447;Hippocampo-amygdalar transition area;0;0;pixels;0;0;0;pixels;0
484682508;Area prostriata;0;0;pixels;0;0;0;pixels;0
703;Cortical subplate;58318;58318.496094;pixels;19;334;334;pixels;0.005727;1.10000;70564.78000000001;0.0002692561359930548
16;Layer 6b, isocortex;0;0;pixels;0;0;0;pixels;0
583;Claustrum;0;0;pixels;0;0;0;pixels;0
942;Endopiriform nucleus;0;0;pixels;0;0;0;pixels;0
952;Endopiriform nucleus, dorsal part;202657;202656.773926;pixels;79;1320;1320;pixels;0.006513;1.10000;245214.97000000003;0.00032216630167399647
966;Endopiriform nucleus, ventral part;145067;145067.259033;pixels;36;619;619;pixels;0.004267;1.10000;175531.07000000004;0.00020509189626656974
131;Lateral amygdalar nucleus;435202;435201.777100;pixels;137;1737;1737;pixels;0.003991;1.10000;526594.42;0.00026016227061426134
295;Basolateral amygdalar nucleus;0;0;pixels;0;0;0;pixels;0
303;Basolateral amygdalar nucleus, anterior part;439940;439940.154907;pixels;258;4389;4389;pixels;0.009976;1.10000;532327.4000000001;0.00048466413714567377
311;Basolateral amygdalar nucleus, posterior part;141422;141422.353027;pixels;38;807;807;pixels;0.005706;1.10000;171120.62000000002;0.0002220655815763173
451;Basolateral amygdalar nucleus, ventral part;211769;211769.038940;pixels;67;1303;1303;pixels;0.006153;1.10000;256240.49000000005;0.0002614731184755383
319;Basomedial amygdalar nucleus;0;0;pixels;0;0;0;pixels;0
327;Basomedial amygdalar nucleus, anterior part;427912;427911.965088;pixels;121;2194;2194;pixels;0.005127;1.10000;517773.5200000001;0.00023369290882237467
334;Basomedial amygdalar nucleus, posterior part;45197;45196.834473;pixels;21;216;216;pixels;0.004779;1.10000;54688.37000000001;0.00038399389120575357
780;Posterior amygdalar nucleus;0;0;pixels;0;0;0;pixels;0
623;Cerebral nuclei;0;0;pixels;0;0;0;pixels;0
477;Striatum;223068;223068.247559;pixels;68;635;635;pixels;0.002847;1.10000;269912.28;0.00025193370231246977
485;Striatum dorsal region;0;0;pixels;0;0;0;pixels;0
672;Caudoputamen;940750;940750.240112;pixels;384;4196;4196;pixels;0.004460;1.10000;1138307.5000000002;0.00033734294116484335
493;Striatum ventral region;0;0;pixels;0;0;0;pixels;0
56;Nucleus accumbens;0;0;pixels;0;0;0;pixels;0
998;Fundus of striatum;0;0;pixels;0;0;0;pixels;0
754;Olfactory tubercle;0;0;pixels;0;0;0;pixels;0
481;Islands of Calleja;0;0;pixels;0;0;0;pixels;0
489;Major island of Calleja;0;0;pixels;0;0;0;pixels;0
144;Olfactory tubercle, layers 1-3;0;0;pixels;0;0;0;pixels;0
458;Olfactory tubercle, molecular layer;0;0;pixels;0;0;0;pixels;0
465;Olfactory tubercle, pyramidal layer;0;0;pixels;0;0;0;pixels;0
473;Olfactory tubercle, polymorph layer;0;0;pixels;0;0;0;pixels;0
549009199;Lateral strip of striatum;0;0;pixels;0;0;0;pixels;0
275;Lateral septal complex;0;0;pixels;0;0;0;pixels;0
242;Lateral septal nucleus;0;0;pixels;0;0;0;pixels;0
250;Lateral septal nucleus, caudal (caudodorsal) part;0;0;pixels;0;0;0;pixels;0
258;Lateral septal nucleus, rostral (rostroventral) part;0;0;pixels;0;0;0;pixels;0
266;Lateral septal nucleus, ventral part;0;0;pixels;0;0;0;pixels;0
310;Septofimbrial nucleus;0;0;pixels;0;0;0;pixels;0
333;Septohippocampal nucleus;0;0;pixels;0;0;0;pixels;0
278;Striatum-like amygdalar nuclei;0;0;pixels;0;0;0;pixels;0
23;Anterior amygdalar area;0;0;pixels;0;0;0;pixels;0
292;Bed nucleus of the accessory olfactory tract;0;0;pixels;0;0;0;pixels;0
536;Central amygdalar nucleus;0;0;pixels;0;0;0;pixels;0
544;Central amygdalar nucleus, capsular part;98777;98776.952759;pixels;26;387;387;pixels;0.003918;1.10000;119520.17000000003;0.00021753650450798384
551;Central amygdalar nucleus, lateral part;110805;110805.142578;pixels;35;521;521;pixels;0.004702;1.10000;134074.05000000002;0.00026104977063048365
559;Central amygdalar nucleus, medial part;232181;232180.512573;pixels;79;1013;1013;pixels;0.004363;1.10000;280939.01000000007;0.0002811998234065108
1105;Intercalated amygdalar nucleus;41916;41916.419067;pixels;17;238;238;pixels;0.005678;1.10000;50718.36000000001;0.0003351843395567206
403;Medial amygdalar nucleus;1094930;1094929.764160;pixels;109;1746;1746;pixels;0.001595;1.10000;1324865.3;8.227251479829685e-05
411;Medial amygdalar nucleus, anterodorsal part;0;0;pixels;0;0;0;pixels;0
418;Medial amygdalar nucleus, anteroventral part;0;0;pixels;0;0;0;pixels;0
426;Medial amygdalar nucleus, posterodorsal part;0;0;pixels;0;0;0;pixels;0
472;Medial amygdalar nucleus, posterodorsal part, sublayer a;0;0;pixels;0;0;0;pixels;0
480;Medial amygdalar nucleus, posterodorsal part, sublayer b;0;0;pixels;0;0;0;pixels;0
487;Medial amygdalar nucleus, posterodorsal part, sublayer c;0;0;pixels;0;0;0;pixels;0
435;Medial amygdalar nucleus, posteroventral part;0;0;pixels;0;0;0;pixels;0
803;Pallidum;143974;143973.787231;pixels;38;498;498;pixels;0.003459;1.10000;174208.54000000004;0.00021812937528780158
818;Pallidum, dorsal region;0;0;pixels;0;0;0;pixels;0
1022;Globus pallidus, external segment;29888;29888.229248;pixels;2;10;10;pixels;0.000335;1.10000;36164.48;5.530288282867609e-05
1031;Globus pallidus, internal segment;2551;2551.434204;pixels;0;0;0;pixels;0;1.10000;3086.7100000000005;0.0
835;Pallidum, ventral region;0;0;pixels;0;0;0;pixels;0
342;Substantia innominata;0;0;pixels;0;0;0;pixels;0
298;Magnocellular nucleus;0;0;pixels;0;0;0;pixels;0
826;Pallidum, medial region;0;0;pixels;0;0;0;pixels;0
904;Medial septal complex;0;0;pixels;0;0;0;pixels;0
564;Medial septal nucleus;0;0;pixels;0;0;0;pixels;0
596;Diagonal band nucleus;0;0;pixels;0;0;0;pixels;0
581;Triangular nucleus of septum;0;0;pixels;0;0;0;pixels;0
809;Pallidum, caudal region;0;0;pixels;0;0;0;pixels;0
351;Bed nuclei of the stria terminalis;0;0;pixels;0;0;0;pixels;0
359;Bed nuclei of the stria terminalis, anterior division;0;0;pixels;0;0;0;pixels;0
537;Bed nuclei of the stria terminalis, anterior division, anterolateral area;0;0;pixels;0;0;0;pixels;0
498;Bed nuclei of the stria terminalis, anterior division, anteromedial area;0;0;pixels;0;0;0;pixels;0
505;Bed nuclei of the stria terminalis, anterior division, dorsomedial nucleus;0;0;pixels;0;0;0;pixels;0
513;Bed nuclei of the stria terminalis, anterior division, fusiform nucleus;0;0;pixels;0;0;0;pixels;0
546;Bed nuclei of the stria terminalis, anterior division, juxtacapsular nucleus;0;0;pixels;0;0;0;pixels;0
521;Bed nuclei of the stria terminalis, anterior division, magnocellular nucleus;0;0;pixels;0;0;0;pixels;0
554;Bed nuclei of the stria terminalis, anterior division, oval nucleus;0;0;pixels;0;0;0;pixels;0
562;Bed nuclei of the stria terminalis, anterior division, rhomboid nucleus;0;0;pixels;0;0;0;pixels;0
529;Bed nuclei of the stria terminalis, anterior division, ventral nucleus;0;0;pixels;0;0;0;pixels;0
367;Bed nuclei of the stria terminalis, posterior division;0;0;pixels;0;0;0;pixels;0
569;Bed nuclei of the stria terminalis, posterior division, dorsal nucleus;0;0;pixels;0;0;0;pixels;0
578;Bed nuclei of the stria terminalis, posterior division, principal nucleus;0;0;pixels;0;0;0;pixels;0
585;Bed nuclei of the stria terminalis, posterior division, interfascicular nucleus;0;0;pixels;0;0;0;pixels;0
594;Bed nuclei of the stria terminalis, posterior division, transverse nucleus;0;0;pixels;0;0;0;pixels;0
602;Bed nuclei of the stria terminalis, posterior division, strial extension;0;0;pixels;0;0;0;pixels;0
287;Bed nucleus of the anterior commissure;0;0;pixels;0;0;0;pixels;0
343;Brain stem;0;0;pixels;0;0;0;pixels;0
1129;Interbrain;0;0;pixels;0;0;0;pixels;0
549;Thalamus;236919;236918.890381;pixels;61;1033;1033;pixels;0.004360;1.10000;286671.99000000005;0.00021278674627402556
864;Thalamus, sensory-motor cortex related;0;0;pixels;0;0;0;pixels;0
637;Ventral group of the dorsal thalamus;0;0;pixels;0;0;0;pixels;0
629;Ventral anterior-lateral complex of the thalamus;3645;3644.906006;pixels;0;0;0;pixels;0;1.10000;4410.450000000001;0.0
685;Ventral medial nucleus of the thalamus;547100;547100.391479;pixels;83;1274;1274;pixels;0.002329;1.10000;661991.0;0.00012537934805760198
709;Ventral posterior complex of the thalamus;0;0;pixels;0;0;0;pixels;0
718;Ventral posterolateral nucleus of the thalamus;338976;338976.258545;pixels;34;405;405;pixels;0.001195;1.10000;410160.9600000001;8.28942861846237e-05
725;Ventral posterolateral nucleus of the thalamus, parvicellular part;0;0;pixels;0;0;0;pixels;0
733;Ventral posteromedial nucleus of the thalamus;1076705;1076705.234131;pixels;6;20;20;pixels;0.000019;1.10000;1302813.05;4.605419020019795e-06
741;Ventral posteromedial nucleus of the thalamus, parvicellular part;86749;86748.762939;pixels;6;51;51;pixels;0.000588;1.10000;104966.29000000002;5.716120861278415e-05
563807435;Posterior triangular thalamic nucleus;0;0;pixels;0;0;0;pixels;0
406;Subparafascicular nucleus;0;0;pixels;0;0;0;pixels;0
414;Subparafascicular nucleus, magnocellular part;0;0;pixels;0;0;0;pixels;0
422;Subparafascicular nucleus, parvicellular part;0;0;pixels;0;0;0;pixels;0
609;Subparafascicular area;0;0;pixels;0;0;0;pixels;0
1044;Peripeduncular nucleus;0;0;pixels;0;0;0;pixels;0
1008;Geniculate group, dorsal thalamus;0;0;pixels;0;0;0;pixels;0
475;Medial geniculate complex;0;0;pixels;0;0;0;pixels;0
1072;Medial geniculate complex, dorsal part;0;0;pixels;0;0;0;pixels;0
1079;Medial geniculate complex, ventral part;0;0;pixels;0;0;0;pixels;0
1088;Medial geniculate complex, medial part;0;0;pixels;0;0;0;pixels;0
170;Dorsal part of the lateral geniculate complex;0;0;pixels;0;0;0;pixels;0
496345664;Dorsal part of the lateral geniculate complex, shell;86384;86384.272339;pixels;7;108;108;pixels;0.001250;1.10000;104524.64000000001;6.696985514611674e-05
496345668;Dorsal part of the lateral geniculate complex, core;245667;245666.664795;pixels;78;744;744;pixels;0.003028;1.10000;297257.07000000007;0.00026239914159148503
496345672;Dorsal part of the lateral geniculate complex, ipsilateral zone;53580;53580.118286;pixels;9;71;71;pixels;0.001325;1.10000;64831.80000000001;0.00013882076388439004
856;Thalamus, polymodal association cortex related;0;0;pixels;0;0;0;pixels;0
138;Lateral group of the dorsal thalamus;0;0;pixels;0;0;0;pixels;0
218;Lateral posterior nucleus of the thalamus;646606;646606.325439;pixels;106;1165;1165;pixels;0.001802;1.10000;782393.2600000001;0.00013548173970721577
1020;Posterior complex of the thalamus;797505;797505.434082;pixels;13;89;89;pixels;0.000112;1.10000;964981.0500000002;1.347176713988321e-05
1029;Posterior limiting nucleus of the thalamus;0;0;pixels;0;0;0;pixels;0
325;Suprageniculate nucleus;0;0;pixels;0;0;0;pixels;0
560581551;Ethmoid nucleus of the thalamus;109347;109347.180176;pixels;10;119;119;pixels;0.001088;1.10000;132309.87000000002;7.558015135227627e-05
560581555;Retroethmoid nucleus;0;0;pixels;0;0;0;pixels;0
239;Anterior group of the dorsal thalamus;0;0;pixels;0;0;0;pixels;0
255;Anteroventral nucleus of thalamus;0;0;pixels;0;0;0;pixels;0
127;Anteromedial nucleus;0;0;pixels;0;0;0;pixels;0
1096;Anteromedial nucleus, dorsal part;0;0;pixels;0;0;0;pixels;0
1104;Anteromedial nucleus, ventral part;0;0;pixels;0;0;0;pixels;0
64;Anterodorsal nucleus;0;0;pixels;0;0;0;pixels;0
1120;Interanteromedial nucleus of the thalamus;0;0;pixels;0;0;0;pixels;0
1113;Interanterodorsal nucleus of the thalamus;0;0;pixels;0;0;0;pixels;0
155;Lateral dorsal nucleus of thalamus;0;0;pixels;0;0;0;pixels;0
444;Medial group of the dorsal thalamus;0;0;pixels;0;0;0;pixels;0
59;Intermediodorsal nucleus of the thalamus;125385;125384.766602;pixels;57;625;625;pixels;0.004985;1.10000;151715.85;0.00037570234092219103
362;Mediodorsal nucleus of thalamus;617812;617811.567993;pixels;149;2261;2261;pixels;0.003660;1.10000;747552.5200000001;0.00019931709948620063
617;Mediodorsal nucleus of the thalamus, central part;0;0;pixels;0;0;0;pixels;0
626;Mediodorsal nucleus of the thalamus, lateral part;0;0;pixels;0;0;0;pixels;0
636;Mediodorsal nucleus of the thalamus, medial part;0;0;pixels;0;0;0;pixels;0
366;Submedial nucleus of the thalamus;4738;4738.377808;pixels;0;0;0;pixels;0;1.10000;5732.9800000000005;0.0
1077;Perireunensis nucleus;68524;68524.232910;pixels;48;737;737;pixels;0.010755;1.10000;82914.04000000002;0.0005789128113887586
571;Midline group of the dorsal thalamus;0;0;pixels;0;0;0;pixels;0
149;Paraventricular nucleus of the thalamus;142151;142151.334229;pixels;159;2162;2162;pixels;0.015209;1.10000;172002.71000000002;0.0009244040399130919
15;Parataenial nucleus;0;0;pixels;0;0;0;pixels;0
181;Nucleus of reuniens;82739;82739.366333;pixels;36;561;561;pixels;0.006780;1.10000;100114.19000000002;0.0003595893848814039
560581559;Xiphoid thalamic nucleus;33169;33168.644653;pixels;16;305;305;pixels;0.009195;1.10000;40134.490000000005;0.0003986596067372476
51;Intralaminar nuclei of the dorsal thalamus;0;0;pixels;0;0;0;pixels;0
189;Rhomboid nucleus;0;0;pixels;0;0;0;pixels;0
599;Central medial nucleus of the thalamus;127572;127571.710205;pixels;10;113;113;pixels;0.000886;1.10000;154362.12000000002;6.478273296583384e-05
907;Paracentral nucleus;154544;154544.014648;pixels;0;0;0;pixels;0;1.10000;186998.24000000005;0.0
575;Central lateral nucleus of the thalamus;193545;193544.508911;pixels;39;487;487;pixels;0.002516;1.10000;234189.45000000004;0.0001665318399270334
930;Parafascicular nucleus;364;364.490601;pixels;0;0;0;pixels;0;1.10000;440.44000000000005;0.0
560581563;Posterior intralaminar thalamic nucleus;0;0;pixels;0;0;0;pixels;0
262;Reticular nucleus of the thalamus;283574;283573.687256;pixels;30;188;188;pixels;0.000663;1.10000;343124.54000000004;8.743181120184525e-05
1014;Geniculate group, ventral thalamus;0;0;pixels;0;0;0;pixels;0
27;Intergeniculate leaflet of the lateral geniculate complex;9841;9841.246216;pixels;4;84;84;pixels;0.008536;1.10000;11907.61;0.0003359196345866215
563807439;Intermediate geniculate nucleus;0;0;pixels;0;0;0;pixels;0
178;Ventral part of the lateral geniculate complex;103515;103515.330566;pixels;68;862;862;pixels;0.008327;1.10000;125253.15000000002;0.0005429005178712071
300;Ventral part of the lateral geniculate complex, lateral zone;0;0;pixels;0;0;0;pixels;0
316;Ventral part of the lateral geniculate complex, medial zone;0;0;pixels;0;0;0;pixels;0
321;Subgeniculate nucleus;0;0;pixels;0;0;0;pixels;0
958;Epithalamus;0;0;pixels;0;0;0;pixels;0
483;Medial habenula;107525;107524.727173;pixels;15;170;170;pixels;0.001581;1.10000;130105.25000000003;0.00011529127379563851
186;Lateral habenula;168395;168394.657471;pixels;33;438;438;pixels;0.002601;1.10000;203757.95000000004;0.0001619568708852832
953;Pineal body;0;0;pixels;0;0;0;pixels;0
1097;Hypothalamus;680868;680868.441895;pixels;352;5811;5811;pixels;0.008535;1.10000;823850.2800000001;0.0004272620991280114
157;Periventricular zone;0;0;pixels;0;0;0;pixels;0
390;Supraoptic nucleus;0;0;pixels;0;0;0;pixels;0
332;Accessory supraoptic group;0;0;pixels;0;0;0;pixels;0
432;Nucleus circularis;0;0;pixels;0;0;0;pixels;0
38;Paraventricular hypothalamic nucleus;0;0;pixels;0;0;0;pixels;0
71;Paraventricular hypothalamic nucleus, magnocellular division;0;0;pixels;0;0;0;pixels;0
47;Paraventricular hypothalamic nucleus, magnocellular division, anterior magnocellular part;0;0;pixels;0;0;0;pixels;0
79;Paraventricular hypothalamic nucleus, magnocellular division, medial magnocellular part;0;0;pixels;0;0;0;pixels;0
103;Paraventricular hypothalamic nucleus, magnocellular division, posterior magnocellular part;0;0;pixels;0;0;0;pixels;0
652;Paraventricular hypothalamic nucleus, magnocellular division, posterior magnocellular part, lateral zone;0;0;pixels;0;0;0;pixels;0
660;Paraventricular hypothalamic nucleus, magnocellular division, posterior magnocellular part, medial zone;0;0;pixels;0;0;0;pixels;0
94;Paraventricular hypothalamic nucleus, parvicellular division;0;0;pixels;0;0;0;pixels;0
55;Paraventricular hypothalamic nucleus, parvicellular division, anterior parvicellular part;0;0;pixels;0;0;0;pixels;0
87;Paraventricular hypothalamic nucleus, parvicellular division, medial parvicellular part, dorsal zone;0;0;pixels;0;0;0;pixels;0
110;Paraventricular hypothalamic nucleus, parvicellular division, periventricular part;0;0;pixels;0;0;0;pixels;0
30;Periventricular hypothalamic nucleus, anterior part;0;0;pixels;0;0;0;pixels;0
118;Periventricular hypothalamic nucleus, intermediate part;107160;107160.236572;pixels;37;631;631;pixels;0.005888;1.10000;129663.60000000002;0.000285353792429024
223;Arcuate hypothalamic nucleus;176778;176777.941284;pixels;57;635;635;pixels;0.003592;1.10000;213901.38000000003;0.00026647794418156625
141;Periventricular region;0;0;pixels;0;0;0;pixels;0
72;Anterodorsal preoptic nucleus;0;0;pixels;0;0;0;pixels;0
80;Anterior hypothalamic area;0;0;pixels;0;0;0;pixels;0
263;Anteroventral preoptic nucleus;0;0;pixels;0;0;0;pixels;0
272;Anteroventral periventricular nucleus;0;0;pixels;0;0;0;pixels;0
830;Dorsomedial nucleus of the hypothalamus;386360;386360.036621;pixels;213;3264;3264;pixels;0.008448;1.10000;467495.6000000001;0.00045561926144331615
668;Dorsomedial nucleus of the hypothalamus, anterior part;0;0;pixels;0;0;0;pixels;0
676;Dorsomedial nucleus of the hypothalamus, posterior part;0;0;pixels;0;0;0;pixels;0
684;Dorsomedial nucleus of the hypothalamus, ventral part;0;0;pixels;0;0;0;pixels;0
452;Median preoptic nucleus;0;0;pixels;0;0;0;pixels;0
523;Medial preoptic area;0;0;pixels;0;0;0;pixels;0
763;Vascular organ of the lamina terminalis;0;0;pixels;0;0;0;pixels;0
914;Posterodorsal preoptic nucleus;0;0;pixels;0;0;0;pixels;0
1109;Parastrial nucleus;0;0;pixels;0;0;0;pixels;0
1124;Suprachiasmatic preoptic nucleus;0;0;pixels;0;0;0;pixels;0
126;Periventricular hypothalamic nucleus, posterior part;0;0;pixels;0;0;0;pixels;0
133;Periventricular hypothalamic nucleus, preoptic part;0;0;pixels;0;0;0;pixels;0
347;Subparaventricular zone;0;0;pixels;0;0;0;pixels;0
286;Suprachiasmatic nucleus;0;0;pixels;0;0;0;pixels;0
338;Subfornical organ;0;0;pixels;0;0;0;pixels;0
576073699;Ventromedial preoptic nucleus;0;0;pixels;0;0;0;pixels;0
689;Ventrolateral preoptic nucleus;0;0;pixels;0;0;0;pixels;0
467;Hypothalamic medial zone;0;0;pixels;0;0;0;pixels;0
88;Anterior hypothalamic nucleus;0;0;pixels;0;0;0;pixels;0
700;Anterior hypothalamic nucleus, anterior part;0;0;pixels;0;0;0;pixels;0
708;Anterior hypothalamic nucleus, central part;0;0;pixels;0;0;0;pixels;0
716;Anterior hypothalamic nucleus, dorsal part;0;0;pixels;0;0;0;pixels;0
724;Anterior hypothalamic nucleus, posterior part;0;0;pixels;0;0;0;pixels;0
331;Mammillary body;0;0;pixels;0;0;0;pixels;0
210;Lateral mammillary nucleus;0;0;pixels;0;0;0;pixels;0
491;Medial mammillary nucleus;0;0;pixels;0;0;0;pixels;0
732;Medial mammillary nucleus, median part;0;0;pixels;0;0;0;pixels;0
606826647;Medial mammillary nucleus, lateral part;0;0;pixels;0;0;0;pixels;0
606826651;Medial mammillary nucleus, medial part;0;0;pixels;0;0;0;pixels;0
606826655;Medial mammillary nucleus, posterior part;0;0;pixels;0;0;0;pixels;0
606826659;Medial mammillary nucleus, dorsal part;0;0;pixels;0;0;0;pixels;0
525;Supramammillary nucleus;0;0;pixels;0;0;0;pixels;0
1110;Supramammillary nucleus, lateral part;0;0;pixels;0;0;0;pixels;0
1118;Supramammillary nucleus, medial part;0;0;pixels;0;0;0;pixels;0
557;Tuberomammillary nucleus;0;0;pixels;0;0;0;pixels;0
1126;Tuberomammillary nucleus, dorsal part;0;0;pixels;0;0;0;pixels;0
1;Tuberomammillary nucleus, ventral part;0;0;pixels;0;0;0;pixels;0
515;Medial preoptic nucleus;0;0;pixels;0;0;0;pixels;0
740;Medial preoptic nucleus, central part;0;0;pixels;0;0;0;pixels;0
748;Medial preoptic nucleus, lateral part;0;0;pixels;0;0;0;pixels;0
756;Medial preoptic nucleus, medial part;0;0;pixels;0;0;0;pixels;0
980;Dorsal premammillary nucleus;0;0;pixels;0;0;0;pixels;0
1004;Ventral premammillary nucleus;0;0;pixels;0;0;0;pixels;0
63;Paraventricular hypothalamic nucleus, descending division;0;0;pixels;0;0;0;pixels;0
439;Paraventricular hypothalamic nucleus, descending division, dorsal parvicellular part;0;0;pixels;0;0;0;pixels;0
447;Paraventricular hypothalamic nucleus, descending division, forniceal part;0;0;pixels;0;0;0;pixels;0
455;Paraventricular hypothalamic nucleus, descending division, lateral parvicellular part;0;0;pixels;0;0;0;pixels;0
464;Paraventricular hypothalamic nucleus, descending division, medial parvicellular part, ventral zone;0;0;pixels;0;0;0;pixels;0
693;Ventromedial hypothalamic nucleus;491698;491697.820190;pixels;121;1754;1754;pixels;0.003567;1.10000;594954.5800000001;0.00020337686954187325
761;Ventromedial hypothalamic nucleus, anterior part;0;0;pixels;0;0;0;pixels;0
769;Ventromedial hypothalamic nucleus, central part;0;0;pixels;0;0;0;pixels;0
777;Ventromedial hypothalamic nucleus, dorsomedial part;0;0;pixels;0;0;0;pixels;0
785;Ventromedial hypothalamic nucleus, ventrolateral part;0;0;pixels;0;0;0;pixels;0
946;Posterior hypothalamic nucleus;25879;25878.832642;pixels;19;176;176;pixels;0.006801;1.10000;31313.590000000004;0.0006067653054153164
290;Hypothalamic lateral zone;0;0;pixels;0;0;0;pixels;0
194;Lateral hypothalamic area;608335;608334.812378;pixels;310;4535;4535;pixels;0.007455;1.10000;736085.3500000001;0.0004211468140209555
226;Lateral preoptic area;0;0;pixels;0;0;0;pixels;0
356;Preparasubthalamic nucleus;19682;19682.492432;pixels;17;280;280;pixels;0.014226;1.10000;23815.22;0.0007138292234965707
364;Parasubthalamic nucleus;0;0;pixels;0;0;0;pixels;0
576073704;Perifornical nucleus;5832;5831.849609;pixels;2;35;35;pixels;0.006002;1.10000;7056.720000000001;0.0002834177918353002
173;Retrochiasmatic area;0;0;pixels;0;0;0;pixels;0
470;Subthalamic nucleus;114086;114085.557983;pixels;67;732;732;pixels;0.006416;1.10000;138044.06000000003;0.00048535228535005406
614;Tuberal nucleus;383080;383079.621216;pixels;58;709;709;pixels;0.001851;1.10000;463526.8000000001;0.00012512760858703311
797;Zona incerta;369229;369228.978394;pixels;262;3574;3574;pixels;0.009680;1.10000;446767.0900000001;0.0005864353168896124
796;Dopaminergic A13 group;0;0;pixels;0;0;0;pixels;0
804;Fields of Forel;0;0;pixels;0;0;0;pixels;0
10671;Median eminence;29159;29159.248047;pixels;12;80;80;pixels;0.002744;1.10000;35282.39000000001;0.000340113013885964
313;Midbrain;109712;109711.670776;pixels;46;592;592;pixels;0.005396;1.10000;132751.52000000002;0.0003465120399374711
339;Midbrain, sensory related;0;0;pixels;0;0;0;pixels;0
302;Superior colliculus, sensory related;0;0;pixels;0;0;0;pixels;0
851;Superior colliculus, optic layer;0;0;pixels;0;0;0;pixels;0
842;Superior colliculus, superficial gray layer;0;0;pixels;0;0;0;pixels;0
834;Superior colliculus, zonal layer;0;0;pixels;0;0;0;pixels;0
4;Inferior colliculus;0;0;pixels;0;0;0;pixels;0
811;Inferior colliculus, central nucleus;0;0;pixels;0;0;0;pixels;0
820;Inferior colliculus, dorsal nucleus;0;0;pixels;0;0;0;pixels;0
828;Inferior colliculus, external nucleus;0;0;pixels;0;0;0;pixels;0
580;Nucleus of the brachium of the inferior colliculus;0;0;pixels;0;0;0;pixels;0
271;Nucleus sagulum;0;0;pixels;0;0;0;pixels;0
874;Parabigeminal nucleus;0;0;pixels;0;0;0;pixels;0
460;Midbrain trigeminal nucleus;0;0;pixels;0;0;0;pixels;0
599626923;Subcommissural organ;0;0;pixels;0;0;0;pixels;0
323;Midbrain, motor related;0;0;pixels;0;0;0;pixels;0
381;Substantia nigra, reticular part;0;0;pixels;0;0;0;pixels;0
749;Ventral tegmental area;0;0;pixels;0;0;0;pixels;0
607344830;Paranigral nucleus;0;0;pixels;0;0;0;pixels;0
246;Midbrain reticular nucleus, retrorubral area;0;0;pixels;0;0;0;pixels;0
128;Midbrain reticular nucleus;0;0;pixels;0;0;0;pixels;0
539;Midbrain reticular nucleus, magnocellular part;0;0;pixels;0;0;0;pixels;0
548;Midbrain reticular nucleus, magnocellular part, general;0;0;pixels;0;0;0;pixels;0
555;Midbrain reticular nucleus, parvicellular part;0;0;pixels;0;0;0;pixels;0
294;Superior colliculus, motor related;0;0;pixels;0;0;0;pixels;0
26;Superior colliculus, motor related, deep gray layer;0;0;pixels;0;0;0;pixels;0
42;Superior colliculus, motor related, deep white layer;0;0;pixels;0;0;0;pixels;0
17;Superior colliculus, motor related, intermediate white layer;0;0;pixels;0;0;0;pixels;0
10;Superior colliculus, motor related, intermediate gray layer;0;0;pixels;0;0;0;pixels;0
494;Superior colliculus, motor related, intermediate gray layer, sublayer a;0;0;pixels;0;0;0;pixels;0
503;Superior colliculus, motor related, intermediate gray layer, sublayer b;0;0;pixels;0;0;0;pixels;0
511;Superior colliculus, motor related, intermediate gray layer, sublayer c;0;0;pixels;0;0;0;pixels;0
795;Periaqueductal gray;0;0;pixels;0;0;0;pixels;0
50;Precommissural nucleus;16038;16037.586426;pixels;7;96;96;pixels;0.005986;1.10000;19405.980000000003;0.00036071355324492755
67;Interstitial nucleus of Cajal;0;0;pixels;0;0;0;pixels;0
587;Nucleus of Darkschewitsch;0;0;pixels;0;0;0;pixels;0
614454277;Supraoculomotor periaqueductal gray;0;0;pixels;0;0;0;pixels;0
1100;Pretectal region;0;0;pixels;0;0;0;pixels;0
215;Anterior pretectal nucleus;0;0;pixels;0;0;0;pixels;0
531;Medial pretectal area;0;0;pixels;0;0;0;pixels;0
628;Nucleus of the optic tract;0;0;pixels;0;0;0;pixels;0
634;Nucleus of the posterior commissure;0;0;pixels;0;0;0;pixels;0
706;Olivary pretectal nucleus;0;0;pixels;0;0;0;pixels;0
1061;Posterior pretectal nucleus;0;0;pixels;0;0;0;pixels;0
549009203;Retroparafascicular nucleus;0;0;pixels;0;0;0;pixels;0
549009207;Intercollicular nucleus;0;0;pixels;0;0;0;pixels;0
616;Cuneiform nucleus;0;0;pixels;0;0;0;pixels;0
214;Red nucleus;0;0;pixels;0;0;0;pixels;0
35;Oculomotor nucleus;0;0;pixels;0;0;0;pixels;0
549009211;Medial accesory oculomotor nucleus;0;0;pixels;0;0;0;pixels;0
975;Edinger-Westphal nucleus;0;0;pixels;0;0;0;pixels;0
115;Trochlear nucleus;0;0;pixels;0;0;0;pixels;0
606826663;Paratrochlear nucleus;0;0;pixels;0;0;0;pixels;0
757;Ventral tegmental nucleus;0;0;pixels;0;0;0;pixels;0
231;Anterior tegmental nucleus;0;0;pixels;0;0;0;pixels;0
66;Lateral terminal nucleus of the accessory optic tract;0;0;pixels;0;0;0;pixels;0
75;Dorsal terminal nucleus of the accessory optic tract;0;0;pixels;0;0;0;pixels;0
58;Medial terminal nucleus of the accessory optic tract;0;0;pixels;0;0;0;pixels;0
615;Substantia nigra, lateral part;0;0;pixels;0;0;0;pixels;0
348;Midbrain, behavioral state related;0;0;pixels;0;0;0;pixels;0
374;Substantia nigra, compact part;0;0;pixels;0;0;0;pixels;0
1052;Pedunculopontine nucleus;0;0;pixels;0;0;0;pixels;0
165;Midbrain raphe nuclei;0;0;pixels;0;0;0;pixels;0
12;Interfascicular nucleus raphe;0;0;pixels;0;0;0;pixels;0
100;Interpeduncular nucleus;0;0;pixels;0;0;0;pixels;0
607344834;Interpeduncular nucleus, rostral;0;0;pixels;0;0;0;pixels;0
607344838;Interpeduncular nucleus, caudal;0;0;pixels;0;0;0;pixels;0
607344842;Interpeduncular nucleus, apical;0;0;pixels;0;0;0;pixels;0
607344846;Interpeduncular nucleus, lateral;0;0;pixels;0;0;0;pixels;0
607344850;Interpeduncular nucleus, intermediate;0;0;pixels;0;0;0;pixels;0
607344854;Interpeduncular nucleus, dorsomedial;0;0;pixels;0;0;0;pixels;0
607344858;Interpeduncular nucleus, dorsolateral;0;0;pixels;0;0;0;pixels;0
607344862;Interpeduncular nucleus, rostrolateral;0;0;pixels;0;0;0;pixels;0
197;Rostral linear nucleus raphe;0;0;pixels;0;0;0;pixels;0
591;Central linear nucleus raphe;0;0;pixels;0;0;0;pixels;0
872;Dorsal nucleus raphe;0;0;pixels;0;0;0;pixels;0
1065;Hindbrain;0;0;pixels;0;0;0;pixels;0
771;Pons;0;0;pixels;0;0;0;pixels;0
1132;Pons, sensory related;0;0;pixels;0;0;0;pixels;0
612;Nucleus of the lateral lemniscus;0;0;pixels;0;0;0;pixels;0
82;Nucleus of the lateral lemniscus, dorsal part;0;0;pixels;0;0;0;pixels;0
90;Nucleus of the lateral lemniscus, horizontal part;0;0;pixels;0;0;0;pixels;0
99;Nucleus of the lateral lemniscus, ventral part;0;0;pixels;0;0;0;pixels;0
7;Principal sensory nucleus of the trigeminal;0;0;pixels;0;0;0;pixels;0
867;Parabrachial nucleus;0;0;pixels;0;0;0;pixels;0
123;Koelliker-Fuse subnucleus;0;0;pixels;0;0;0;pixels;0
881;Parabrachial nucleus, lateral division;0;0;pixels;0;0;0;pixels;0
860;Parabrachial nucleus, lateral division, central lateral part;0;0;pixels;0;0;0;pixels;0
868;Parabrachial nucleus, lateral division, dorsal lateral part;0;0;pixels;0;0;0;pixels;0
875;Parabrachial nucleus, lateral division, external lateral part;0;0;pixels;0;0;0;pixels;0
883;Parabrachial nucleus, lateral division, superior lateral part;0;0;pixels;0;0;0;pixels;0
891;Parabrachial nucleus, lateral division, ventral lateral part;0;0;pixels;0;0;0;pixels;0
890;Parabrachial nucleus, medial division;0;0;pixels;0;0;0;pixels;0
899;Parabrachial nucleus, medial division, external medial part;0;0;pixels;0;0;0;pixels;0
915;Parabrachial nucleus, medial division, medial medial part;0;0;pixels;0;0;0;pixels;0
923;Parabrachial nucleus, medial division, ventral medial part;0;0;pixels;0;0;0;pixels;0
398;Superior olivary complex;0;0;pixels;0;0;0;pixels;0
122;Superior olivary complex, periolivary region;0;0;pixels;0;0;0;pixels;0
105;Superior olivary complex, medial part;0;0;pixels;0;0;0;pixels;0
114;Superior olivary complex, lateral part;0;0;pixels;0;0;0;pixels;0
987;Pons, motor related;0;0;pixels;0;0;0;pixels;0
280;Barrington's nucleus;0;0;pixels;0;0;0;pixels;0
880;Dorsal tegmental nucleus;0;0;pixels;0;0;0;pixels;0
283;Lateral tegmental nucleus;0;0;pixels;0;0;0;pixels;0
599626927;Posterodorsal tegmental nucleus;0;0;pixels;0;0;0;pixels;0
898;Pontine central gray;0;0;pixels;0;0;0;pixels;0
931;Pontine gray;0;0;pixels;0;0;0;pixels;0
1093;Pontine reticular nucleus, caudal part;0;0;pixels;0;0;0;pixels;0
552;Pontine reticular nucleus, ventral part;0;0;pixels;0;0;0;pixels;0
318;Supragenual nucleus;0;0;pixels;0;0;0;pixels;0
462;Superior salivatory nucleus;0;0;pixels;0;0;0;pixels;0
534;Supratrigeminal nucleus;0;0;pixels;0;0;0;pixels;0
574;Tegmental reticular nucleus;0;0;pixels;0;0;0;pixels;0
621;Motor nucleus of trigeminal;0;0;pixels;0;0;0;pixels;0
549009215;Peritrigeminal zone;0;0;pixels;0;0;0;pixels;0
549009219;Accessory trigeminal nucleus;0;0;pixels;0;0;0;pixels;0
549009223;Parvicellular motor 5 nucleus;0;0;pixels;0;0;0;pixels;0
549009227;Intertrigeminal nucleus;0;0;pixels;0;0;0;pixels;0
1117;Pons, behavioral state related;0;0;pixels;0;0;0;pixels;0
679;Superior central nucleus raphe;0;0;pixels;0;0;0;pixels;0
137;Superior central nucleus raphe, lateral part;0;0;pixels;0;0;0;pixels;0
130;Superior central nucleus raphe, medial part;0;0;pixels;0;0;0;pixels;0
147;Locus ceruleus;0;0;pixels;0;0;0;pixels;0
162;Laterodorsal tegmental nucleus;0;0;pixels;0;0;0;pixels;0
604;Nucleus incertus;0;0;pixels;0;0;0;pixels;0
146;Pontine reticular nucleus;0;0;pixels;0;0;0;pixels;0
238;Nucleus raphe pontis;0;0;pixels;0;0;0;pixels;0
350;Subceruleus nucleus;0;0;pixels;0;0;0;pixels;0
358;Sublaterodorsal nucleus;0;0;pixels;0;0;0;pixels;0
354;Medulla;0;0;pixels;0;0;0;pixels;0
386;Medulla, sensory related;0;0;pixels;0;0;0;pixels;0
207;Area postrema;0;0;pixels;0;0;0;pixels;0
607;Cochlear nuclei;0;0;pixels;0;0;0;pixels;0
112;Granular lamina of the cochlear nuclei;0;0;pixels;0;0;0;pixels;0
560;Cochlear nucleus, subpedunclular granular region;0;0;pixels;0;0;0;pixels;0
96;Dorsal cochlear nucleus;0;0;pixels;0;0;0;pixels;0
101;Ventral cochlear nucleus;0;0;pixels;0;0;0;pixels;0
720;Dorsal column nuclei;0;0;pixels;0;0;0;pixels;0
711;Cuneate nucleus;0;0;pixels;0;0;0;pixels;0
1039;Gracile nucleus;0;0;pixels;0;0;0;pixels;0
903;External cuneate nucleus;0;0;pixels;0;0;0;pixels;0
642;Nucleus of the trapezoid body;0;0;pixels;0;0;0;pixels;0
651;Nucleus of the solitary tract;0;0;pixels;0;0;0;pixels;0
659;Nucleus of the solitary tract, central part;0;0;pixels;0;0;0;pixels;0
666;Nucleus of the solitary tract, commissural part;0;0;pixels;0;0;0;pixels;0
674;Nucleus of the solitary tract, gelatinous part;0;0;pixels;0;0;0;pixels;0
682;Nucleus of the solitary tract, lateral part;0;0;pixels;0;0;0;pixels;0
691;Nucleus of the solitary tract, medial part;0;0;pixels;0;0;0;pixels;0
429;Spinal nucleus of the trigeminal, caudal part;0;0;pixels;0;0;0;pixels;0
437;Spinal nucleus of the trigeminal, interpolar part;0;0;pixels;0;0;0;pixels;0
445;Spinal nucleus of the trigeminal, oral part;0;0;pixels;0;0;0;pixels;0
77;Spinal nucleus of the trigeminal, oral part, caudal dorsomedial part;0;0;pixels;0;0;0;pixels;0
53;Spinal nucleus of the trigeminal, oral part, middle dorsomedial part, dorsal zone;0;0;pixels;0;0;0;pixels;0
61;Spinal nucleus of the trigeminal, oral part, middle dorsomedial part, ventral zone;0;0;pixels;0;0;0;pixels;0
45;Spinal nucleus of the trigeminal, oral part, rostral dorsomedial part;0;0;pixels;0;0;0;pixels;0
69;Spinal nucleus of the trigeminal, oral part, ventrolateral part;0;0;pixels;0;0;0;pixels;0
589508451;Paratrigeminal nucleus;0;0;pixels;0;0;0;pixels;0
789;Nucleus z;0;0;pixels;0;0;0;pixels;0
370;Medulla, motor related;0;0;pixels;0;0;0;pixels;0
653;Abducens nucleus;0;0;pixels;0;0;0;pixels;0
568;Accessory abducens nucleus;0;0;pixels;0;0;0;pixels;0
661;Facial motor nucleus;0;0;pixels;0;0;0;pixels;0
576;Accessory facial motor nucleus;0;0;pixels;0;0;0;pixels;0
640;Efferent vestibular nucleus;0;0;pixels;0;0;0;pixels;0
135;Nucleus ambiguus;0;0;pixels;0;0;0;pixels;0
939;Nucleus ambiguus, dorsal division;0;0;pixels;0;0;0;pixels;0
143;Nucleus ambiguus, ventral division;0;0;pixels;0;0;0;pixels;0
839;Dorsal motor nucleus of the vagus nerve;0;0;pixels;0;0;0;pixels;0
887;Efferent cochlear group;0;0;pixels;0;0;0;pixels;0
1048;Gigantocellular reticular nucleus;0;0;pixels;0;0;0;pixels;0
372;Infracerebellar nucleus;0;0;pixels;0;0;0;pixels;0
83;Inferior olivary complex;0;0;pixels;0;0;0;pixels;0
136;Intermediate reticular nucleus;0;0;pixels;0;0;0;pixels;0
106;Inferior salivatory nucleus;0;0;pixels;0;0;0;pixels;0
203;Linear nucleus of the medulla;0;0;pixels;0;0;0;pixels;0
235;Lateral reticular nucleus;0;0;pixels;0;0;0;pixels;0
955;Lateral reticular nucleus, magnocellular part;0;0;pixels;0;0;0;pixels;0
963;Lateral reticular nucleus, parvicellular part;0;0;pixels;0;0;0;pixels;0
307;Magnocellular reticular nucleus;0;0;pixels;0;0;0;pixels;0
395;Medullary reticular nucleus;0;0;pixels;0;0;0;pixels;0
1098;Medullary reticular nucleus, dorsal part;0;0;pixels;0;0;0;pixels;0
1107;Medullary reticular nucleus, ventral part;0;0;pixels;0;0;0;pixels;0
852;Parvicellular reticular nucleus;0;0;pixels;0;0;0;pixels;0
859;Parasolitary nucleus;0;0;pixels;0;0;0;pixels;0
938;Paragigantocellular reticular nucleus;0;0;pixels;0;0;0;pixels;0
970;Paragigantocellular reticular nucleus, dorsal part;0;0;pixels;0;0;0;pixels;0
978;Paragigantocellular reticular nucleus, lateral part;0;0;pixels;0;0;0;pixels;0
154;Perihypoglossal nuclei;0;0;pixels;0;0;0;pixels;0
161;Nucleus intercalatus;0;0;pixels;0;0;0;pixels;0
177;Nucleus of Roller;0;0;pixels;0;0;0;pixels;0
169;Nucleus prepositus;0;0;pixels;0;0;0;pixels;0
995;Paramedian reticular nucleus;0;0;pixels;0;0;0;pixels;0
1069;Parapyramidal nucleus;0;0;pixels;0;0;0;pixels;0
185;Parapyramidal nucleus, deep part;0;0;pixels;0;0;0;pixels;0
193;Parapyramidal nucleus, superficial part;0;0;pixels;0;0;0;pixels;0
701;Vestibular nuclei;0;0;pixels;0;0;0;pixels;0
209;Lateral vestibular nucleus;0;0;pixels;0;0;0;pixels;0
202;Medial vestibular nucleus;0;0;pixels;0;0;0;pixels;0
225;Spinal vestibular nucleus;0;0;pixels;0;0;0;pixels;0
217;Superior vestibular nucleus;0;0;pixels;0;0;0;pixels;0
765;Nucleus x;0;0;pixels;0;0;0;pixels;0
773;Hypoglossal nucleus;0;0;pixels;0;0;0;pixels;0
781;Nucleus y;0;0;pixels;0;0;0;pixels;0
76;Interstitial nucleus of the vestibular nerve;0;0;pixels;0;0;0;pixels;0
379;Medulla, behavioral state related;0;0;pixels;0;0;0;pixels;0
206;Nucleus raphe magnus;0;0;pixels;0;0;0;pixels;0
230;Nucleus raphe pallidus;0;0;pixels;0;0;0;pixels;0
222;Nucleus raphe obscurus;0;0;pixels;0;0;0;pixels;0
512;Cerebellum;0;0;pixels;0;0;0;pixels;0
528;Cerebellar cortex;0;0;pixels;0;0;0;pixels;0
1144;Cerebellar cortex, molecular layer;0;0;pixels;0;0;0;pixels;0
1145;Cerebellar cortex, Purkinje layer;0;0;pixels;0;0;0;pixels;0
1143;Cerebellar cortex, granular layer;0;0;pixels;0;0;0;pixels;0
645;Vermal regions;0;0;pixels;0;0;0;pixels;0
912;Lingula (I);0;0;pixels;0;0;0;pixels;0
10707;Lingula (I), molecular layer;0;0;pixels;0;0;0;pixels;0
10706;Lingula (I), Purkinje layer;0;0;pixels;0;0;0;pixels;0
10705;Lingula (I), granular layer;0;0;pixels;0;0;0;pixels;0
920;Central lobule;0;0;pixels;0;0;0;pixels;0
976;Lobule II;0;0;pixels;0;0;0;pixels;0
10710;Lobule II, molecular layer;0;0;pixels;0;0;0;pixels;0
10709;Lobule II, Purkinje layer;0;0;pixels;0;0;0;pixels;0
10708;Lobule II, granular layer;0;0;pixels;0;0;0;pixels;0
984;Lobule III;0;0;pixels;0;0;0;pixels;0
10713;Lobule III, molecular layer;0;0;pixels;0;0;0;pixels;0
10712;Lobule III, Purkinje layer;0;0;pixels;0;0;0;pixels;0
10711;Lobule III, granular layer;0;0;pixels;0;0;0;pixels;0
928;Culmen;0;0;pixels;0;0;0;pixels;0
992;Lobule IV;0;0;pixels;0;0;0;pixels;0
10716;Lobule IV, molecular layer;0;0;pixels;0;0;0;pixels;0
10715;Lobule IV, Purkinje layer;0;0;pixels;0;0;0;pixels;0
10714;Lobule IV, granular layer;0;0;pixels;0;0;0;pixels;0
1001;Lobule V;0;0;pixels;0;0;0;pixels;0
10719;Lobule V, molecular layer;0;0;pixels;0;0;0;pixels;0
10718;Lobule V, Purkinje layer;0;0;pixels;0;0;0;pixels;0
10717;Lobule V, granular layer;0;0;pixels;0;0;0;pixels;0
1091;Lobules IV-V;0;0;pixels;0;0;0;pixels;0
10722;Lobules IV-V, molecular layer;0;0;pixels;0;0;0;pixels;0
10721;Lobules IV-V, Purkinje layer;0;0;pixels;0;0;0;pixels;0
10720;Lobules IV-V, granular layer;0;0;pixels;0;0;0;pixels;0
936;Declive (VI);0;0;pixels;0;0;0;pixels;0
10725;Declive (VI), molecular layer;0;0;pixels;0;0;0;pixels;0
10724;Declive (VI), Purkinje layer;0;0;pixels;0;0;0;pixels;0
10723;Declive (VI), granular layer;0;0;pixels;0;0;0;pixels;0
944;Folium-tuber vermis (VII);0;0;pixels;0;0;0;pixels;0
10728;Folium-tuber vermis (VII), molecular layer;0;0;pixels;0;0;0;pixels;0
10727;Folium-tuber vermis (VII), Purkinje layer;0;0;pixels;0;0;0;pixels;0
10726;Folium-tuber vermis (VII), granular layer;0;0;pixels;0;0;0;pixels;0
951;Pyramus (VIII);0;0;pixels;0;0;0;pixels;0
10731;Pyramus (VIII), molecular layer;0;0;pixels;0;0;0;pixels;0
10730;Pyramus (VIII), Purkinje layer;0;0;pixels;0;0;0;pixels;0
10729;Pyramus (VIII), granular layer;0;0;pixels;0;0;0;pixels;0
957;Uvula (IX);0;0;pixels;0;0;0;pixels;0
10734;Uvula (IX), molecular layer;0;0;pixels;0;0;0;pixels;0
10733;Uvula (IX), Purkinje layer;0;0;pixels;0;0;0;pixels;0
10732;Uvula (IX), granular layer;0;0;pixels;0;0;0;pixels;0
968;Nodulus (X);0;0;pixels;0;0;0;pixels;0
10737;Nodulus (X), molecular layer;0;0;pixels;0;0;0;pixels;0
10736;Nodulus (X), Purkinje layer;0;0;pixels;0;0;0;pixels;0
10735;Nodulus (X), granular layer;0;0;pixels;0;0;0;pixels;0
1073;Hemispheric regions;0;0;pixels;0;0;0;pixels;0
1007;Simple lobule;0;0;pixels;0;0;0;pixels;0
10674;Simple lobule, molecular layer;0;0;pixels;0;0;0;pixels;0
10673;Simple lobule, Purkinje layer;0;0;pixels;0;0;0;pixels;0
10672;Simple lobule, granular layer;0;0;pixels;0;0;0;pixels;0
1017;Ansiform lobule;0;0;pixels;0;0;0;pixels;0
1056;Crus 1;0;0;pixels;0;0;0;pixels;0
10677;Crus 1, molecular layer;0;0;pixels;0;0;0;pixels;0
10676;Crus 1, Purkinje layer;0;0;pixels;0;0;0;pixels;0
10675;Crus 1, granular layer;0;0;pixels;0;0;0;pixels;0
1064;Crus 2;0;0;pixels;0;0;0;pixels;0
10680;Crus 2, molecular layer;0;0;pixels;0;0;0;pixels;0
10679;Crus 2, Purkinje layer;0;0;pixels;0;0;0;pixels;0
10678;Crus 2, granular layer;0;0;pixels;0;0;0;pixels;0
1025;Paramedian lobule;0;0;pixels;0;0;0;pixels;0
10683;Paramedian lobule, molecular layer;0;0;pixels;0;0;0;pixels;0
10682;Paramedian lobule, Purkinje layer;0;0;pixels;0;0;0;pixels;0
10681;Paramedian lobule, granular layer;0;0;pixels;0;0;0;pixels;0
1033;Copula pyramidis;0;0;pixels;0;0;0;pixels;0
10686;Copula pyramidis, molecular layer;0;0;pixels;0;0;0;pixels;0
10685;Copula pyramidis, Purkinje layer;0;0;pixels;0;0;0;pixels;0
10684;Copula pyramidis, granular layer;0;0;pixels;0;0;0;pixels;0
1041;Paraflocculus;0;0;pixels;0;0;0;pixels;0
10689;Paraflocculus, molecular layer;0;0;pixels;0;0;0;pixels;0
10688;Paraflocculus, Purkinje layer;0;0;pixels;0;0;0;pixels;0
10687;Paraflocculus, granular layer;0;0;pixels;0;0;0;pixels;0
1049;Flocculus;0;0;pixels;0;0;0;pixels;0
10692;Flocculus, molecular layer;0;0;pixels;0;0;0;pixels;0
10691;Flocculus, Purkinje layer;0;0;pixels;0;0;0;pixels;0
10690;Flocculus, granular layer;0;0;pixels;0;0;0;pixels;0
519;Cerebellar nuclei;0;0;pixels;0;0;0;pixels;0
989;Fastigial nucleus;0;0;pixels;0;0;0;pixels;0
91;Interposed nucleus;0;0;pixels;0;0;0;pixels;0
846;Dentate nucleus;0;0;pixels;0;0;0;pixels;0
589508455;Vestibulocerebellar nucleus;0;0;pixels;0;0;0;pixels;0
1009;fiber tracts;489875;489875.367188;pixels;95;1040;1040;pixels;0.002123;1.10000;592748.75;0.00016027026628061215
967;cranial nerves;0;0;pixels;0;0;0;pixels;0
885;terminal nerve;0;0;pixels;0;0;0;pixels;0
949;vomeronasal nerve;0;0;pixels;0;0;0;pixels;0
840;olfactory nerve;0;0;pixels;0;0;0;pixels;0
1016;olfactory nerve layer of main olfactory bulb;0;0;pixels;0;0;0;pixels;0
21;lateral olfactory tract, general;0;0;pixels;0;0;0;pixels;0
665;lateral olfactory tract, body;0;0;pixels;0;0;0;pixels;0
538;dorsal limb;0;0;pixels;0;0;0;pixels;0
459;accessory olfactory tract;0;0;pixels;0;0;0;pixels;0
900;anterior commissure, olfactory limb;0;0;pixels;0;0;0;pixels;0
848;optic nerve;0;0;pixels;0;0;0;pixels;0
876;accessory optic tract;0;0;pixels;0;0;0;pixels;0
916;brachium of the superior colliculus;0;0;pixels;0;0;0;pixels;0
336;superior colliculus commissure;0;0;pixels;0;0;0;pixels;0
117;optic chiasm;0;0;pixels;0;0;0;pixels;0
125;optic tract;295237;295237.386475;pixels;6;56;56;pixels;0.000190;1.10000;357236.77;1.679558350054503e-05
357;tectothalamic pathway;0;0;pixels;0;0;0;pixels;0
832;oculomotor nerve;0;0;pixels;0;0;0;pixels;0
62;medial longitudinal fascicle;0;0;pixels;0;0;0;pixels;0
158;posterior commissure;0;0;pixels;0;0;0;pixels;0
911;trochlear nerve;0;0;pixels;0;0;0;pixels;0
384;trochlear nerve decussation;0;0;pixels;0;0;0;pixels;0
710;abducens nerve;0;0;pixels;0;0;0;pixels;0
901;trigeminal nerve;0;0;pixels;0;0;0;pixels;0
93;motor root of the trigeminal nerve;0;0;pixels;0;0;0;pixels;0
229;sensory root of the trigeminal nerve;0;0;pixels;0;0;0;pixels;0
705;midbrain tract of the trigeminal nerve;0;0;pixels;0;0;0;pixels;0
794;spinal tract of the trigeminal nerve;0;0;pixels;0;0;0;pixels;0
798;facial nerve;0;0;pixels;0;0;0;pixels;0
1131;intermediate nerve;0;0;pixels;0;0;0;pixels;0
1116;genu of the facial nerve;0;0;pixels;0;0;0;pixels;0
933;vestibulocochlear nerve;0;0;pixels;0;0;0;pixels;0
1076;efferent cochleovestibular bundle;0;0;pixels;0;0;0;pixels;0
413;vestibular nerve;0;0;pixels;0;0;0;pixels;0
948;cochlear nerve;0;0;pixels;0;0;0;pixels;0
841;trapezoid body;0;0;pixels;0;0;0;pixels;0
641;intermediate acoustic stria;0;0;pixels;0;0;0;pixels;0
506;dorsal acoustic stria;0;0;pixels;0;0;0;pixels;0
658;lateral lemniscus;0;0;pixels;0;0;0;pixels;0
633;inferior colliculus commissure;0;0;pixels;0;0;0;pixels;0
482;brachium of the inferior colliculus;0;0;pixels;0;0;0;pixels;0
808;glossopharyngeal nerve;0;0;pixels;0;0;0;pixels;0
917;vagus nerve;0;0;pixels;0;0;0;pixels;0
237;solitary tract;0;0;pixels;0;0;0;pixels;0
717;accessory spinal nerve;0;0;pixels;0;0;0;pixels;0
813;hypoglossal nerve;0;0;pixels;0;0;0;pixels;0
925;ventral roots;0;0;pixels;0;0;0;pixels;0
792;dorsal roots;0;0;pixels;0;0;0;pixels;0
932;cervicothalamic tract;0;0;pixels;0;0;0;pixels;0
570;dorsolateral fascicle;0;0;pixels;0;0;0;pixels;0
522;dorsal commissure of the spinal cord;0;0;pixels;0;0;0;pixels;0
858;ventral commissure of the spinal cord;0;0;pixels;0;0;0;pixels;0
586;fasciculus proprius;0;0;pixels;0;0;0;pixels;0
514;dorsal column;0;0;pixels;0;0;0;pixels;0
380;cuneate fascicle;0;0;pixels;0;0;0;pixels;0
388;gracile fascicle;0;0;pixels;0;0;0;pixels;0
396;internal arcuate fibers;0;0;pixels;0;0;0;pixels;0
697;medial lemniscus;0;0;pixels;0;0;0;pixels;0
871;spinothalamic tract;0;0;pixels;0;0;0;pixels;0
29;lateral spinothalamic tract;0;0;pixels;0;0;0;pixels;0
389;ventral spinothalamic tract;0;0;pixels;0;0;0;pixels;0
245;spinocervical tract;0;0;pixels;0;0;0;pixels;0
261;spino-olivary pathway;0;0;pixels;0;0;0;pixels;0
270;spinoreticular pathway;0;0;pixels;0;0;0;pixels;0
293;spinovestibular pathway;0;0;pixels;0;0;0;pixels;0
277;spinotectal pathway;0;0;pixels;0;0;0;pixels;0
253;spinohypothalamic pathway;0;0;pixels;0;0;0;pixels;0
285;spinotelenchephalic pathway;0;0;pixels;0;0;0;pixels;0
627;hypothalamohypophysial tract;0;0;pixels;0;0;0;pixels;0
960;cerebellum related fiber tracts;0;0;pixels;0;0;0;pixels;0
744;cerebellar commissure;0;0;pixels;0;0;0;pixels;0
752;cerebellar peduncles;0;0;pixels;0;0;0;pixels;0
326;superior cerebelar peduncles;0;0;pixels;0;0;0;pixels;0
812;superior cerebellar peduncle decussation;0;0;pixels;0;0;0;pixels;0
85;spinocerebellar tract;0;0;pixels;0;0;0;pixels;0
850;uncinate fascicle;0;0;pixels;0;0;0;pixels;0
866;ventral spinocerebellar tract;0;0;pixels;0;0;0;pixels;0
78;middle cerebellar peduncle;0;0;pixels;0;0;0;pixels;0
1123;inferior cerebellar peduncle;0;0;pixels;0;0;0;pixels;0
553;dorsal spinocerebellar tract;0;0;pixels;0;0;0;pixels;0
499;cuneocerebellar tract;0;0;pixels;0;0;0;pixels;0
650;juxtarestiform body;0;0;pixels;0;0;0;pixels;0
490;bulbocerebellar tract;0;0;pixels;0;0;0;pixels;0
404;olivocerebellar tract;0;0;pixels;0;0;0;pixels;0
410;reticulocerebellar tract;0;0;pixels;0;0;0;pixels;0
373;trigeminocerebellar tract;0;0;pixels;0;0;0;pixels;0
728;arbor vitae;0;0;pixels;0;0;0;pixels;0
484682512;supra-callosal cerebral white matter;14580;14579.624023;pixels;0;0;0;pixels;0;1.10000;17641.800000000003;0.0
983;lateral forebrain bundle system;0;0;pixels;0;0;0;pixels;0
776;corpus callosum;0;0;pixels;0;0;0;pixels;0
956;corpus callosum, anterior forceps;0;0;pixels;0;0;0;pixels;0
579;external capsule;52487;52486.646484;pixels;25;228;228;pixels;0.004344;1.10000;63509.27000000001;0.00039364332167571753
964;corpus callosum, extreme capsule;40458;40458.456665;pixels;20;357;357;pixels;0.008824;1.10000;48954.18000000001;0.0004085452968469699
1108;genu of corpus callosum;0;0;pixels;0;0;0;pixels;0
971;corpus callosum, posterior forceps;186984;186983.678101;pixels;10;115;115;pixels;0.000615;1.10000;226250.64000000004;4.419877000126938e-05
979;corpus callosum, rostrum;0;0;pixels;0;0;0;pixels;0
484682516;corpus callosum, body;0;0;pixels;0;0;0;pixels;0
986;corpus callosum, splenium;576989;576988.620728;pixels;48;612;612;pixels;0.001061;1.10000;698156.6900000001;6.875247446243048e-05
784;corticospinal tract;0;0;pixels;0;0;0;pixels;0
6;internal capsule;618905;618905.039795;pixels;45;495;495;pixels;0.000800;1.10000;748875.05;6.0090131190777414e-05
924;cerebal peduncle;0;0;pixels;0;0;0;pixels;0
1036;corticotectal tract;0;0;pixels;0;0;0;pixels;0
1012;corticorubral tract;0;0;pixels;0;0;0;pixels;0
1003;corticopontine tract;0;0;pixels;0;0;0;pixels;0
994;corticobulbar tract;0;0;pixels;0;0;0;pixels;0
190;pyramid;0;0;pixels;0;0;0;pixels;0
198;pyramidal decussation;0;0;pixels;0;0;0;pixels;0
1019;corticospinal tract, crossed;0;0;pixels;0;0;0;pixels;0
1028;corticospinal tract, uncrossed;0;0;pixels;0;0;0;pixels;0
896;thalamus related;0;0;pixels;0;0;0;pixels;0
1092;external medullary lamina of the thalamus;29888;29888.229248;pixels;1;8;8;pixels;0.000268;1.10000;36164.48;2.7651441414338045e-05
14;internal medullary lamina of the thalamus;0;0;pixels;0;0;0;pixels;0
86;middle thalamic commissure;0;0;pixels;0;0;0;pixels;0
365;thalamic peduncles;0;0;pixels;0;0;0;pixels;0
484682520;optic radiation;693261;693261.122314;pixels;98;1099;1099;pixels;0.001585;1.10000;838845.8100000002;0.00011682719140005001
484682524;auditory radiation;218694;218694.360352;pixels;32;451;451;pixels;0.002062;1.10000;264619.74000000005;0.00012092824216364204
1000;extrapyramidal fiber systems;0;0;pixels;0;0;0;pixels;0
760;cerebral nuclei related;0;0;pixels;0;0;0;pixels;0
142;pallidothalamic pathway;0;0;pixels;0;0;0;pixels;0
102;nigrostriatal tract;44832;44832.343872;pixels;35;465;465;pixels;0.010372;1.10000;54246.72000000001;0.0006452002996678877
109;nigrothalamic fibers;0;0;pixels;0;0;0;pixels;0
134;pallidotegmental fascicle;0;0;pixels;0;0;0;pixels;0
309;striatonigral pathway;0;0;pixels;0;0;0;pixels;0
317;subthalamic fascicle;0;0;pixels;0;0;0;pixels;0
877;tectospinal pathway;0;0;pixels;0;0;0;pixels;0
1051;direct tectospinal pathway;0;0;pixels;0;0;0;pixels;0
1060;doral tegmental decussation;0;0;pixels;0;0;0;pixels;0
1043;crossed tectospinal pathway;0;0;pixels;0;0;0;pixels;0
863;rubrospinal tract;0;0;pixels;0;0;0;pixels;0
397;ventral tegmental decussation;0;0;pixels;0;0;0;pixels;0
221;rubroreticular tract;0;0;pixels;0;0;0;pixels;0
736;central tegmental bundle;0;0;pixels;0;0;0;pixels;0
855;retriculospinal tract;0;0;pixels;0;0;0;pixels;0
205;retriculospinal tract, lateral part;0;0;pixels;0;0;0;pixels;0
213;retriculospinal tract, medial part;0;0;pixels;0;0;0;pixels;0
941;vestibulospinal pathway;0;0;pixels;0;0;0;pixels;0
991;medial forebrain bundle system;0;0;pixels;0;0;0;pixels;0
768;cerebrum related;0;0;pixels;0;0;0;pixels;0
884;amygdalar capsule;78001;78000.988525;pixels;31;348;348;pixels;0.004461;1.10000;94381.21000000002;0.0003284552084042999
892;ansa peduncularis;0;0;pixels;0;0;0;pixels;0
908;anterior commissure, temporal limb;0;0;pixels;0;0;0;pixels;0
940;cingulum bundle;213227;213227.001343;pixels;55;506;506;pixels;0.002373;1.10000;258004.67000000004;0.00021317443595110115
1099;fornix system;0;0;pixels;0;0;0;pixels;0
466;alveus;213956;213955.982544;pixels;16;308;308;pixels;0.001440;1.10000;258886.76000000004;6.180308332492554e-05
530;dorsal fornix;0;0;pixels;0;0;0;pixels;0
603;fimbria;211405;211404.548340;pixels;3;7;7;pixels;0.000033;1.10000;255800.05000000005;1.172791013918879e-05
745;precommissural fornix, general;0;0;pixels;0;0;0;pixels;0
420;precommissural fornix diagonal band;0;0;pixels;0;0;0;pixels;0
737;postcommissural fornix;0;0;pixels;0;0;0;pixels;0
428;medial corticohypothalamic tract;0;0;pixels;0;0;0;pixels;0
436;columns of the fornix;25150;25149.851440;pixels;5;59;59;pixels;0.002346;1.10000;30431.500000000007;0.00016430343558483803
618;hippocampal commissures;0;0;pixels;0;0;0;pixels;0
443;dorsal hippocampal commissure;225255;225255.191162;pixels;7;59;59;pixels;0.000262;1.10000;272558.55000000005;2.5682555179428416e-05
449;ventral hippocampal commissure;0;0;pixels;0;0;0;pixels;0
713;perforant path;0;0;pixels;0;0;0;pixels;0
474;angular path;0;0;pixels;0;0;0;pixels;0
37;longitudinal association bundle;0;0;pixels;0;0;0;pixels;0
301;stria terminalis;143974;143973.787231;pixels;7;83;83;pixels;0.000576;1.10000;174208.54000000004;4.018172702670029e-05
484682528;commissural branch of stria terminalis;8019;8018.793213;pixels;2;25;25;pixels;0.003118;1.10000;9702.990000000002;0.00020612203042567288
824;hypothalamus related;0;0;pixels;0;0;0;pixels;0
54;medial forebrain bundle;0;0;pixels;0;0;0;pixels;0
405;ventrolateral hypothalamic tract;0;0;pixels;0;0;0;pixels;0
174;preoptic commissure;0;0;pixels;0;0;0;pixels;0
349;supraoptic commissures;28795;28794.757446;pixels;2;35;35;pixels;0.001215;1.10000;34841.950000000004;5.7402068483537794e-05
817;supraoptic commissures, anterior;0;0;pixels;0;0;0;pixels;0
825;supraoptic commissures, dorsal;0;0;pixels;0;0;0;pixels;0
833;supraoptic commissures, ventral;0;0;pixels;0;0;0;pixels;0
166;premammillary commissure;0;0;pixels;0;0;0;pixels;0
341;supramammillary decussation;0;0;pixels;0;0;0;pixels;0
182;propriohypothalamic pathways;0;0;pixels;0;0;0;pixels;0
762;propriohypothalamic pathways, dorsal;0;0;pixels;0;0;0;pixels;0
770;propriohypothalamic pathways, lateral;0;0;pixels;0;0;0;pixels;0
779;propriohypothalamic pathways, medial;0;0;pixels;0;0;0;pixels;0
787;propriohypothalamic pathways, ventral;0;0;pixels;0;0;0;pixels;0
150;periventricular bundle of the hypothalamus;0;0;pixels;0;0;0;pixels;0
46;mammillary related;0;0;pixels;0;0;0;pixels;0
753;principal mammillary tract;0;0;pixels;0;0;0;pixels;0
690;mammillothalamic tract;49571;49570.721680;pixels;16;223;223;pixels;0.004499;1.10000;59980.91000000001;0.0002667515381143767
681;mammillotegmental tract;0;0;pixels;0;0;0;pixels;0
673;mammillary peduncle;0;0;pixels;0;0;0;pixels;0
1068;dorsal thalamus related;0;0;pixels;0;0;0;pixels;0
722;periventricular bundle of the thalamus;0;0;pixels;0;0;0;pixels;0
1083;epithalamus related;0;0;pixels;0;0;0;pixels;0
802;stria medullaris;0;0;pixels;0;0;0;pixels;0
595;fasciculus retroflexus;68160;68159.742310;pixels;24;362;362;pixels;0.005311;1.10000;82473.6;0.0002910022116168083
611;habenular commissure;28430;28430.266846;pixels;4;62;62;pixels;0.002181;1.10000;34400.30000000001;0.00011627805571463037
730;pineal stalk;0;0;pixels;0;0;0;pixels;0
70;midbrain related;0;0;pixels;0;0;0;pixels;0
547;dorsal longitudinal fascicle;0;0;pixels;0;0;0;pixels;0
563;dorsal tegmental tract;0;0;pixels;0;0;0;pixels;0
73;ventricular systems;0;0;pixels;0;0;0;pixels;0
81;lateral ventricle;146161;146160.730835;pixels;8;69;69;pixels;0.000472;1.10000;176854.81000000003;4.523484546448015e-05
89;rhinocele;0;0;pixels;0;0;0;pixels;0
98;subependymal zone;0;0;pixels;0;0;0;pixels;0
108;choroid plexus;75814;75814.044922;pixels;3;23;23;pixels;0.000303;1.10000;91734.94000000002;3.270291559573702e-05
116;choroid fissure;0;0;pixels;0;0;0;pixels;0
124;interventricular foramen;0;0;pixels;0;0;0;pixels;0
129;third ventricle;172040;172039.563477;pixels;11;126;126;pixels;0.000732;1.10000;208168.40000000005;5.284183382300098e-05
140;cerebral aqueduct;0;0;pixels;0;0;0;pixels;0
145;fourth ventricle;0;0;pixels;0;0;0;pixels;0
153;lateral recess;0;0;pixels;0;0;0;pixels;0
164;central canal, spinal cord/medulla;0;0;pixels;0;0;0;pixels;0
1024;grooves;0;0;pixels;0;0;0;pixels;0
1032;grooves of the cerebral cortex;0;0;pixels;0;0;0;pixels;0
1055;endorhinal groove;0;0;pixels;0;0;0;pixels;0
1063;hippocampal fissure;0;0;pixels;0;0;0;pixels;0
1071;rhinal fissure;0;0;pixels;0;0;0;pixels;0
1078;rhinal incisure;0;0;pixels;0;0;0;pixels;0
1040;grooves of the cerebellar cortex;0;0;pixels;0;0;0;pixels;0
1087;precentral fissure;0;0;pixels;0;0;0;pixels;0
1095;preculminate fissure;0;0;pixels;0;0;0;pixels;0
1103;primary fissure;0;0;pixels;0;0;0;pixels;0
1112;posterior superior fissure;0;0;pixels;0;0;0;pixels;0
1119;prepyramidal fissure;0;0;pixels;0;0;0;pixels;0
3;secondary fissure;0;0;pixels;0;0;0;pixels;0
11;posterolateral fissure;0;0;pixels;0;0;0;pixels;0
18;nodular fissure;0;0;pixels;0;0;0;pixels;0
25;simple fissure;0;0;pixels;0;0;0;pixels;0
34;intercrural fissure;0;0;pixels;0;0;0;pixels;0
43;ansoparamedian fissure;0;0;pixels;0;0;0;pixels;0
49;intraparafloccular fissure;0;0;pixels;0;0;0;pixels;0
57;paramedian sulcus;0;0;pixels;0;0;0;pixels;0
65;parafloccular sulcus;0;0;pixels;0;0;0;pixels;0
624;Interpeduncular fossa;0;0;pixels;0;0;0;pixels;0
304325711;retina;0;0;pixels;0;0;0;pixels;0
