HC,1.0,0.9919354838709677,0.9838709677419355,0.9758064516129032,0.967741935483871,0.9596774193548387,0.9516129032258065,0.9435483870967742,0.9354838709677419,0.9274193548387096,0.9193548387096774,0.9112903225806451,0.9032258064516129,0.8951612903225806,0.8870967741935484,0.8790322580645161,0.8709677419354839,0.8629032258064516,0.8548387096774194,0.8467741935483871,0.8387096774193549,0.8306451612903226,0.8225806451612904,0.8145161290322581,0.8064516129032258,0.7983870967741935,0.7903225806451613,0.782258064516129,0.7741935483870968,0.7661290322580645,0.7580645161290323,0.75,0.7419354838709677,0.7338709677419355,0.7258064516129032,0.717741935483871,0.7096774193548387,0.7016129032258065,0.6854838709677419,0.6774193548387096,0.6693548387096774,0.6612903225806451,0.6532258064516129,0.6451612903225806,0.6370967741935484,0.6290322580645161,0.6129032258064516,0.5967741935483871,0.5967741935483871,0.5887096774193549
HC,1.0,0.9919354838709677,0.9838709677419355,0.9758064516129032,0.967741935483871,0.9596774193548387,0.9516129032258065,0.9435483870967742,0.9354838709677419,0.9274193548387096,0.9193548387096774,0.9112903225806451,0.9032258064516129,0.8951612903225806,0.8870967741935484,0.8790322580645161,0.8709677419354839,0.8629032258064516,0.8548387096774194,0.8467741935483871,0.8387096774193549,0.8306451612903226,0.8225806451612904,0.8145161290322581,0.8064516129032258,0.7983870967741935,0.782258064516129,0.7741935483870968,0.7661290322580645,0.7580645161290323,0.75,0.7419354838709677,0.7258064516129032,0.717741935483871,0.7096774193548387,0.7016129032258065,0.6935483870967742,0.6854838709677419,0.6774193548387096,0.6693548387096774,0.6612903225806451,0.6532258064516129,0.6451612903225806,0.6370967741935484,0.6290322580645161,0.6209677419354839,0.6129032258064516,0.6048387096774194,0.5725806451612904,0.5645161290322581
HC,1.0,0.9919354838709677,0.9838709677419355,0.9758064516129032,0.967741935483871,0.9596774193548387,0.9516129032258065,0.9435483870967742,0.9354838709677419,0.9193548387096774,0.9112903225806451,0.9032258064516129,0.8951612903225806,0.8870967741935484,0.8790322580645161,0.8709677419354839,0.8629032258064516,0.8548387096774194,0.8467741935483871,0.8387096774193549,0.8306451612903226,0.8225806451612904,0.8145161290322581,0.8064516129032258,0.7983870967741935,0.7903225806451613,0.782258064516129,0.7741935483870968,0.7661290322580645,0.7580645161290323,0.75,0.7419354838709677,0.7338709677419355,0.7258064516129032,0.717741935483871,0.7096774193548387,0.7016129032258065,0.6935483870967742,0.6854838709677419,0.6774193548387096,0.6693548387096774,0.6612903225806451,0.6532258064516129,0.6451612903225806,0.6370967741935484,0.6290322580645161,0.6209677419354839,0.6129032258064516,0.6048387096774194,0.5967741935483871
HC,1.0,0.9919354838709677,0.9838709677419355,0.9758064516129032,0.967741935483871,0.9596774193548387,0.9516129032258065,0.9435483870967742,0.9354838709677419,0.9274193548387096,0.9193548387096774,0.9112903225806451,0.9032258064516129,0.8951612903225806,0.8870967741935484,0.8790322580645161,0.8709677419354839,0.8629032258064516,0.8548387096774194,0.8467741935483871,0.8387096774193549,0.8306451612903226,0.8225806451612904,0.8145161290322581,0.8064516129032258,0.7983870967741935,0.7903225806451613,0.782258064516129,0.7741935483870968,0.7661290322580645,0.7580645161290323,0.75,0.7419354838709677,0.7338709677419355,0.7258064516129032,0.717741935483871,0.7096774193548387,0.7016129032258065,0.6935483870967742,0.6854838709677419,0.6774193548387096,0.6693548387096774,0.6612903225806451,0.6532258064516129,0.6451612903225806,0.6370967741935484,0.6290322580645161,0.6209677419354839,0.6129032258064516,0.6048387096774194
HC,1.0,0.9919354838709677,0.9838709677419355,0.9758064516129032,0.967741935483871,0.9596774193548387,0.9516129032258065,0.9435483870967742,0.9354838709677419,0.9112903225806451,0.9032258064516129,0.8951612903225806,0.8870967741935484,0.8790322580645161,0.8790322580645161,0.8709677419354839,0.8629032258064516,0.8548387096774194,0.8467741935483871,0.8387096774193549,0.8306451612903226,0.8225806451612904,0.8145161290322581,0.8064516129032258,0.7983870967741935,0.7903225806451613,0.782258064516129,0.7741935483870968,0.7661290322580645,0.7580645161290323,0.7419354838709677,0.7338709677419355,0.7258064516129032,0.717741935483871,0.7096774193548387,0.7016129032258065,0.6935483870967742,0.6854838709677419,0.6774193548387096,0.6693548387096774,0.6612903225806451,0.6532258064516129,0.6451612903225806,0.6370967741935484,0.6290322580645161,0.6209677419354839,0.6129032258064516,0.6048387096774194,0.5967741935483871,0.5887096774193549
HC,1.0,0.9919354838709677,0.9838709677419355,0.9758064516129032,0.967741935483871,0.9596774193548387,0.9516129032258065,0.9435483870967742,0.9354838709677419,0.9274193548387096,0.9193548387096774,0.9112903225806451,0.9032258064516129,0.8951612903225806,0.8870967741935484,0.8790322580645161,0.8709677419354839,0.8629032258064516,0.8548387096774194,0.8467741935483871,0.8387096774193549,0.8306451612903226,0.8145161290322581,0.8064516129032258,0.7983870967741935,0.7903225806451613,0.782258064516129,0.7741935483870968,0.7661290322580645,0.7580645161290323,0.75,0.7419354838709677,0.7338709677419355,0.7258064516129032,0.717741935483871,0.7096774193548387,0.7016129032258065,0.6935483870967742,0.6854838709677419,0.6774193548387096,0.6612903225806451,0.6532258064516129,0.6451612903225806,0.6370967741935484,0.6290322580645161,0.6209677419354839,0.6129032258064516,0.6048387096774194,0.5967741935483871,0.5887096774193549
HC,1.0,0.9919354838709677,0.9838709677419355,0.9758064516129032,0.967741935483871,0.9596774193548387,0.9516129032258065,0.9435483870967742,0.9354838709677419,0.9274193548387096,0.9193548387096774,0.9112903225806451,0.8951612903225806,0.8870967741935484,0.8790322580645161,0.8709677419354839,0.8629032258064516,0.8548387096774194,0.8467741935483871,0.8387096774193549,0.8306451612903226,0.8225806451612904,0.8145161290322581,0.8064516129032258,0.7983870967741935,0.7903225806451613,0.7741935483870968,0.7661290322580645,0.7580645161290323,0.75,0.7419354838709677,0.7419354838709677,0.7338709677419355,0.7258064516129032,0.717741935483871,0.7096774193548387,0.7016129032258065,0.6935483870967742,0.6774193548387096,0.6693548387096774,0.6612903225806451,0.6532258064516129,0.6451612903225806,0.6370967741935484,0.6290322580645161,0.6209677419354839,0.6129032258064516,0.6048387096774194,0.5967741935483871,0.5887096774193549
HC,1.0,0.9919354838709677,0.9838709677419355,0.9758064516129032,0.967741935483871,0.9596774193548387,0.9516129032258065,0.9435483870967742,0.9354838709677419,0.9274193548387096,0.9193548387096774,0.9112903225806451,0.9032258064516129,0.8951612903225806,0.8790322580645161,0.8709677419354839,0.8629032258064516,0.8548387096774194,0.8467741935483871,0.8387096774193549,0.8306451612903226,0.8225806451612904,0.8145161290322581,0.8064516129032258,0.7983870967741935,0.7903225806451613,0.782258064516129,0.7741935483870968,0.7661290322580645,0.7580645161290323,0.75,0.7419354838709677,0.7338709677419355,0.7258064516129032,0.717741935483871,0.7096774193548387,0.7016129032258065,0.6935483870967742,0.6854838709677419,0.6774193548387096,0.6693548387096774,0.6451612903225806,0.6370967741935484,0.6290322580645161,0.6209677419354839,0.6129032258064516,0.6048387096774194,0.5967741935483871,0.5887096774193549,0.5806451612903226
HC,1.0,0.9919354838709677,0.9838709677419355,0.9758064516129032,0.967741935483871,0.9596774193548387,0.9516129032258065,0.9435483870967742,0.9354838709677419,0.9274193548387096,0.9193548387096774,0.9112903225806451,0.9032258064516129,0.8951612903225806,0.8870967741935484,0.8790322580645161,0.8709677419354839,0.8629032258064516,0.8548387096774194,0.8467741935483871,0.8306451612903226,0.8225806451612904,0.8145161290322581,0.8064516129032258,0.7983870967741935,0.7903225806451613,0.782258064516129,0.782258064516129,0.7741935483870968,0.7661290322580645,0.7580645161290323,0.75,0.7419354838709677,0.7338709677419355,0.7258064516129032,0.717741935483871,0.7096774193548387,0.7016129032258065,0.6935483870967742,0.6854838709677419,0.6774193548387096,0.6693548387096774,0.6612903225806451,0.6532258064516129,0.6451612903225806,0.6370967741935484,0.6290322580645161,0.6209677419354839,0.6129032258064516,0.6048387096774194
HC,1.0,0.9919354838709677,0.9838709677419355,0.9758064516129032,0.967741935483871,0.9596774193548387,0.9516129032258065,0.9435483870967742,0.9354838709677419,0.9274193548387096,0.9193548387096774,0.9112903225806451,0.9032258064516129,0.8951612903225806,0.8790322580645161,0.8709677419354839,0.8629032258064516,0.8548387096774194,0.8467741935483871,0.8387096774193549,0.8306451612903226,0.8225806451612904,0.8145161290322581,0.8064516129032258,0.7983870967741935,0.7903225806451613,0.782258064516129,0.7741935483870968,0.7661290322580645,0.7580645161290323,0.75,0.7419354838709677,0.7338709677419355,0.7258064516129032,0.7096774193548387,0.7016129032258065,0.6935483870967742,0.6854838709677419,0.6774193548387096,0.6693548387096774,0.6612903225806451,0.6532258064516129,0.6370967741935484,0.6290322580645161,0.6209677419354839,0.6129032258064516,0.6048387096774194,0.5967741935483871,0.5887096774193549,0.5806451612903226
HC,1.0,0.9919354838709677,0.9838709677419355,0.9758064516129032,0.967741935483871,0.9596774193548387,0.9516129032258065,0.9435483870967742,0.9354838709677419,0.9274193548387096,0.9193548387096774,0.9032258064516129,0.8951612903225806,0.8870967741935484,0.8790322580645161,0.8709677419354839,0.8629032258064516,0.8548387096774194,0.8467741935483871,0.8467741935483871,0.8387096774193549,0.8306451612903226,0.8064516129032258,0.7983870967741935,0.7903225806451613,0.782258064516129,0.7741935483870968,0.7661290322580645,0.7580645161290323,0.75,0.7419354838709677,0.7258064516129032,0.717741935483871,0.717741935483871,0.7096774193548387,0.7016129032258065,0.6935483870967742,0.6854838709677419,0.6774193548387096,0.6693548387096774,0.6612903225806451,0.6532258064516129,0.6451612903225806,0.6370967741935484,0.6290322580645161,0.6209677419354839,0.6129032258064516,0.6048387096774194,0.5967741935483871,0.5887096774193549
HC,1.0,0.9919354838709677,0.9838709677419355,0.9758064516129032,0.967741935483871,0.9596774193548387,0.9516129032258065,0.9435483870967742,0.9354838709677419,0.9274193548387096,0.9193548387096774,0.9112903225806451,0.9032258064516129,0.8951612903225806,0.8870967741935484,0.8790322580645161,0.8709677419354839,0.8629032258064516,0.8548387096774194,0.8467741935483871,0.8387096774193549,0.8306451612903226,0.8225806451612904,0.8145161290322581,0.8064516129032258,0.7983870967741935,0.7903225806451613,0.782258064516129,0.7741935483870968,0.7661290322580645,0.7580645161290323,0.75,0.7419354838709677,0.7338709677419355,0.7258064516129032,0.717741935483871,0.7096774193548387,0.6854838709677419,0.6774193548387096,0.6693548387096774,0.6612903225806451,0.6532258064516129,0.6451612903225806,0.6370967741935484,0.6290322580645161,0.6209677419354839,0.6129032258064516,0.6048387096774194,0.5967741935483871,0.5887096774193549
HC,1.0,0.9919354838709677,0.9838709677419355,0.9758064516129032,0.967741935483871,0.9596774193548387,0.9516129032258065,0.9435483870967742,0.9354838709677419,0.9274193548387096,0.9193548387096774,0.9112903225806451,0.9032258064516129,0.8951612903225806,0.8870967741935484,0.8790322580645161,0.8709677419354839,0.8629032258064516,0.8548387096774194,0.8467741935483871,0.8225806451612904,0.8145161290322581,0.8064516129032258,0.7983870967741935,0.7903225806451613,0.782258064516129,0.7741935483870968,0.7661290322580645,0.7580645161290323,0.75,0.7419354838709677,0.7338709677419355,0.7258064516129032,0.717741935483871,0.7096774193548387,0.7016129032258065,0.6935483870967742,0.6854838709677419,0.6854838709677419,0.6774193548387096,0.6693548387096774,0.6612903225806451,0.6532258064516129,0.6451612903225806,0.6370967741935484,0.6290322580645161,0.6209677419354839,0.6129032258064516,0.6048387096774194,0.5967741935483871
HC,1.0,0.9919354838709677,0.9838709677419355,0.9758064516129032,0.967741935483871,0.9596774193548387,0.9516129032258065,0.9435483870967742,0.9354838709677419,0.9274193548387096,0.9193548387096774,0.9112903225806451,0.9032258064516129,0.8951612903225806,0.8870967741935484,0.8790322580645161,0.8709677419354839,0.8629032258064516,0.8548387096774194,0.8467741935483871,0.8387096774193549,0.8306451612903226,0.8225806451612904,0.8145161290322581,0.8064516129032258,0.7983870967741935,0.7903225806451613,0.782258064516129,0.7741935483870968,0.7661290322580645,0.7580645161290323,0.75,0.7419354838709677,0.7338709677419355,0.7258064516129032,0.717741935483871,0.7096774193548387,0.7016129032258065,0.6935483870967742,0.6854838709677419,0.6774193548387096,0.6693548387096774,0.6612903225806451,0.6532258064516129,0.6451612903225806,0.6370967741935484,0.6290322580645161,0.6209677419354839,0.6129032258064516,0.6048387096774194
HC,1.0,0.9919354838709677,0.9838709677419355,0.9758064516129032,0.967741935483871,0.9596774193548387,0.9516129032258065,0.9435483870967742,0.9354838709677419,0.9274193548387096,0.9193548387096774,0.9112903225806451,0.9032258064516129,0.8951612903225806,0.8870967741935484,0.8709677419354839,0.8629032258064516,0.8548387096774194,0.8467741935483871,0.8387096774193549,0.8306451612903226,0.8225806451612904,0.8145161290322581,0.8064516129032258,0.7983870967741935,0.7903225806451613,0.782258064516129,0.7741935483870968,0.7661290322580645,0.7580645161290323,0.75,0.7419354838709677,0.7338709677419355,0.7258064516129032,0.7016129032258065,0.7016129032258065,0.6935483870967742,0.6854838709677419,0.6774193548387096,0.6693548387096774,0.6612903225806451,0.6532258064516129,0.6451612903225806,0.6370967741935484,0.6209677419354839,0.6048387096774194,0.5967741935483871,0.5887096774193549,0.5806451612903226,0.5725806451612904
HC,1.0,0.9919354838709677,0.9838709677419355,0.9758064516129032,0.967741935483871,0.9596774193548387,0.9435483870967742,0.9354838709677419,0.9274193548387096,0.9193548387096774,0.9112903225806451,0.9032258064516129,0.8951612903225806,0.8870967741935484,0.8790322580645161,0.8709677419354839,0.8629032258064516,0.8548387096774194,0.8467741935483871,0.8387096774193549,0.8306451612903226,0.8225806451612904,0.8145161290322581,0.8064516129032258,0.7983870967741935,0.7903225806451613,0.782258064516129,0.7741935483870968,0.7661290322580645,0.7580645161290323,0.75,0.7419354838709677,0.7338709677419355,0.7258064516129032,0.717741935483871,0.7096774193548387,0.7016129032258065,0.6935483870967742,0.6854838709677419,0.6774193548387096,0.6693548387096774,0.6612903225806451,0.6451612903225806,0.6370967741935484,0.6290322580645161,0.6209677419354839,0.6129032258064516,0.6048387096774194,0.5967741935483871,0.5887096774193549
HC,1.0,0.9919354838709677,0.9838709677419355,0.9758064516129032,0.967741935483871,0.9596774193548387,0.9516129032258065,0.9435483870967742,0.9354838709677419,0.9274193548387096,0.9193548387096774,0.9112903225806451,0.9032258064516129,0.8951612903225806,0.8870967741935484,0.8790322580645161,0.8709677419354839,0.8629032258064516,0.8548387096774194,0.8467741935483871,0.8387096774193549,0.8306451612903226,0.8225806451612904,0.8145161290322581,0.8064516129032258,0.7983870967741935,0.7903225806451613,0.782258064516129,0.7741935483870968,0.7661290322580645,0.7580645161290323,0.75,0.7419354838709677,0.7338709677419355,0.7258064516129032,0.717741935483871,0.7096774193548387,0.7016129032258065,0.6935483870967742,0.6774193548387096,0.6693548387096774,0.6612903225806451,0.6532258064516129,0.6451612903225806,0.6370967741935484,0.6290322580645161,0.6209677419354839,0.6129032258064516,0.5967741935483871,0.5887096774193549
HC,1.0,0.9919354838709677,0.9838709677419355,0.9758064516129032,0.967741935483871,0.9596774193548387,0.9516129032258065,0.9435483870967742,0.9354838709677419,0.9274193548387096,0.9193548387096774,0.9112903225806451,0.9032258064516129,0.8951612903225806,0.8870967741935484,0.8790322580645161,0.8709677419354839,0.8629032258064516,0.8548387096774194,0.8467741935483871,0.8387096774193549,0.8306451612903226,0.8225806451612904,0.8145161290322581,0.8064516129032258,0.7983870967741935,0.7903225806451613,0.7741935483870968,0.7661290322580645,0.7580645161290323,0.75,0.7419354838709677,0.7338709677419355,0.7258064516129032,0.717741935483871,0.7096774193548387,0.7016129032258065,0.6854838709677419,0.6774193548387096,0.6693548387096774,0.6612903225806451,0.6532258064516129,0.6451612903225806,0.6370967741935484,0.6290322580645161,0.6209677419354839,0.6129032258064516,0.6048387096774194,0.5806451612903226,0.5725806451612904
HC,1.0,0.9919354838709677,0.9838709677419355,0.9758064516129032,0.967741935483871,0.9596774193548387,0.9516129032258065,0.9435483870967742,0.9193548387096774,0.9112903225806451,0.9032258064516129,0.8951612903225806,0.8870967741935484,0.8790322580645161,0.8709677419354839,0.8629032258064516,0.8548387096774194,0.8467741935483871,0.8387096774193549,0.8306451612903226,0.8225806451612904,0.8145161290322581,0.8064516129032258,0.7983870967741935,0.7903225806451613,0.782258064516129,0.7741935483870968,0.7661290322580645,0.7580645161290323,0.75,0.7419354838709677,0.7338709677419355,0.7258064516129032,0.717741935483871,0.7096774193548387,0.7016129032258065,0.6935483870967742,0.6854838709677419,0.6774193548387096,0.6693548387096774,0.6612903225806451,0.6532258064516129,0.6370967741935484,0.6290322580645161,0.6209677419354839,0.6129032258064516,0.6048387096774194,0.5967741935483871,0.5887096774193549,0.5725806451612904
HC,1.0,0.9919354838709677,0.9838709677419355,0.9758064516129032,0.967741935483871,0.9596774193548387,0.9516129032258065,0.9435483870967742,0.9354838709677419,0.9274193548387096,0.9193548387096774,0.9112903225806451,0.9032258064516129,0.8951612903225806,0.8870967741935484,0.8790322580645161,0.8709677419354839,0.8629032258064516,0.8548387096774194,0.8467741935483871,0.8387096774193549,0.8306451612903226,0.8225806451612904,0.8145161290322581,0.8064516129032258,0.7983870967741935,0.7903225806451613,0.782258064516129,0.7741935483870968,0.7661290322580645,0.7580645161290323,0.75,0.7419354838709677,0.7338709677419355,0.7258064516129032,0.717741935483871,0.7096774193548387,0.7016129032258065,0.6935483870967742,0.6854838709677419,0.6774193548387096,0.6693548387096774,0.6612903225806451,0.6532258064516129,0.6451612903225806,0.6129032258064516,0.6048387096774194,0.5967741935483871,0.5887096774193549,0.5806451612903226
MS,1.0,0.9912280701754386,0.9824561403508771,0.9736842105263158,0.9649122807017544,0.956140350877193,0.9473684210526315,0.9385964912280702,0.9298245614035088,0.9210526315789473,0.9122807017543859,0.8947368421052632,0.8859649122807017,0.8508771929824561,0.8421052631578947,0.8333333333333334,0.8333333333333334,0.8157894736842105,0.7982456140350878,0.7894736842105263,0.7807017543859649,0.7719298245614035,0.7631578947368421,0.7543859649122807,0.7456140350877193,0.7368421052631579,0.7192982456140351,0.7105263157894737,0.7017543859649122,0.6929824561403509,0.6842105263157895,0.6754385964912281,0.6403508771929824,0.6140350877192983,0.6140350877192983,0.5789473684210527,0.5701754385964912,0.5614035087719298,0.5350877192982456,0.23684210526315788,0.22807017543859648,0.22807017543859648,0.22807017543859648,0.22807017543859648,0.22807017543859648,0.22807017543859648,0.22807017543859648,0.20175438596491227,0.20175438596491227,0.20175438596491227
MS,1.0,0.9912280701754386,0.9824561403508771,0.9736842105263158,0.9649122807017544,0.956140350877193,0.9473684210526315,0.9035087719298246,0.8947368421052632,0.8859649122807017,0.8771929824561403,0.868421052631579,0.8596491228070176,0.8508771929824561,0.8421052631578947,0.8333333333333334,0.8245614035087719,0.8157894736842105,0.8070175438596491,0.7982456140350878,0.7719298245614035,0.7719298245614035,0.7631578947368421,0.7543859649122807,0.7368421052631579,0.7280701754385965,0.7192982456140351,0.7105263157894737,0.6929824561403509,0.6754385964912281,0.6666666666666666,0.6578947368421053,0.6491228070175439,0.6403508771929824,0.631578947368421,0.631578947368421,0.6228070175438597,0.6140350877192983,0.5877192982456141,0.5789473684210527,0.5701754385964912,0.5614035087719298,0.5350877192982456,0.3157894736842105,0.2894736842105263,0.2894736842105263,0.2894736842105263,0.2894736842105263,0.2894736842105263,0.2807017543859649
MS,1.0,0.9824561403508771,0.9736842105263158,0.9649122807017544,0.956140350877193,0.9385964912280702,0.9298245614035088,0.9210526315789473,0.9122807017543859,0.9035087719298246,0.9035087719298246,0.8947368421052632,0.8771929824561403,0.868421052631579,0.8596491228070176,0.8508771929824561,0.8421052631578947,0.8245614035087719,0.8157894736842105,0.8070175438596491,0.7982456140350878,0.7894736842105263,0.7719298245614035,0.7631578947368421,0.7543859649122807,0.7543859649122807,0.7456140350877193,0.7368421052631579,0.7280701754385965,0.7192982456140351,0.6666666666666666,0.6578947368421053,0.3333333333333333,0.3333333333333333,0.2719298245614035,0.2719298245614035,0.2719298245614035,0.2719298245614035,0.2631578947368421,0.2543859649122807,0.2543859649122807,0.2543859649122807,0.2543859649122807,0.2543859649122807,0.2543859649122807,0.2543859649122807,0.2543859649122807,0.2543859649122807,0.2543859649122807,0.24561403508771928
MS,1.0,0.9912280701754386,0.9824561403508771,0.9736842105263158,0.9649122807017544,0.956140350877193,0.9473684210526315,0.9385964912280702,0.9298245614035088,0.9210526315789473,0.9122807017543859,0.8947368421052632,0.8245614035087719,0.8157894736842105,0.8070175438596491,0.7982456140350878,0.7894736842105263,0.7807017543859649,0.7719298245614035,0.7631578947368421,0.7543859649122807,0.4473684210526316,0.43859649122807015,0.43859649122807015,0.41228070175438597,0.41228070175438597,0.3333333333333333,0.3333333333333333,0.32456140350877194,0.32456140350877194,0.32456140350877194,0.3157894736842105,0.3157894736842105,0.3157894736842105,0.30701754385964913,0.2982456140350877,0.2982456140350877,0.2894736842105263,0.2894736842105263,0.2719298245614035,0.24561403508771928,0.24561403508771928,0.23684210526315788,0.23684210526315788,0.21929824561403508,0.21929824561403508,0.21052631578947367,0.20175438596491227,0.20175438596491227,0.19298245614035087
MS,1.0,0.9912280701754386,0.9824561403508771,0.9649122807017544,0.956140350877193,0.9473684210526315,0.9385964912280702,0.9298245614035088,0.9210526315789473,0.9122807017543859,0.9035087719298246,0.8947368421052632,0.8859649122807017,0.8771929824561403,0.8596491228070176,0.8508771929824561,0.8421052631578947,0.8333333333333334,0.8245614035087719,0.8157894736842105,0.7807017543859649,0.7719298245614035,0.7631578947368421,0.7456140350877193,0.7368421052631579,0.7105263157894737,0.7017543859649122,0.6929824561403509,0.6754385964912281,0.6666666666666666,0.6403508771929824,0.5964912280701754,0.5614035087719298,0.5614035087719298,0.5526315789473685,0.5350877192982456,0.5263157894736842,0.5175438596491229,0.5175438596491229,0.47368421052631576,0.4649122807017544,0.45614035087719296,0.4473684210526316,0.23684210526315788,0.23684210526315788,0.15789473684210525,0.15789473684210525,0.15789473684210525,0.12280701754385964,0.12280701754385964
MS,1.0,0.9912280701754386,0.9824561403508771,0.9736842105263158,0.9649122807017544,0.956140350877193,0.9385964912280702,0.9298245614035088,0.9210526315789473,0.9122807017543859,0.9035087719298246,0.8947368421052632,0.8771929824561403,0.868421052631579,0.8596491228070176,0.8508771929824561,0.8333333333333334,0.8245614035087719,0.8157894736842105,0.8070175438596491,0.7982456140350878,0.7807017543859649,0.7631578947368421,0.7543859649122807,0.7368421052631579,0.7280701754385965,0.7105263157894737,0.7017543859649122,0.6929824561403509,0.6842105263157895,0.6754385964912281,0.6666666666666666,0.6228070175438597,0.5877192982456141,0.5789473684210527,0.5789473684210527,0.5701754385964912,0.5701754385964912,0.5701754385964912,0.5614035087719298,0.5526315789473685,0.543859649122807,0.5,0.4824561403508772,0.4649122807017544,0.45614035087719296,0.4473684210526316,0.43859649122807015,0.4298245614035088,0.42105263157894735
MS,1.0,0.9824561403508771,0.9736842105263158,0.9649122807017544,0.956140350877193,0.9298245614035088,0.9210526315789473,0.9122807017543859,0.8947368421052632,0.8859649122807017,0.8771929824561403,0.8508771929824561,0.8421052631578947,0.8245614035087719,0.8157894736842105,0.8070175438596491,0.7982456140350878,0.7894736842105263,0.7807017543859649,0.7719298245614035,0.7631578947368421,0.7543859649122807,0.7456140350877193,0.7368421052631579,0.7280701754385965,0.7192982456140351,0.7105263157894737,0.7017543859649122,0.6929824561403509,0.6842105263157895,0.6666666666666666,0.6491228070175439,0.6491228070175439,0.6403508771929824,0.631578947368421,0.6228070175438597,0.6140350877192983,0.5964912280701754,0.5789473684210527,0.5614035087719298,0.49122807017543857,0.4824561403508772,0.47368421052631576,0.4649122807017544,0.4649122807017544,0.2719298245614035,0.2719298245614035,0.2719298245614035,0.2719298245614035,0.2719298245614035
MS,1.0,0.9912280701754386,0.9824561403508771,0.9736842105263158,0.9649122807017544,0.956140350877193,0.9473684210526315,0.9298245614035088,0.9122807017543859,0.9035087719298246,0.8947368421052632,0.8859649122807017,0.8771929824561403,0.8333333333333334,0.8245614035087719,0.8157894736842105,0.8070175438596491,0.7982456140350878,0.7894736842105263,0.7807017543859649,0.7807017543859649,0.7631578947368421,0.7543859649122807,0.7456140350877193,0.7368421052631579,0.7280701754385965,0.7192982456140351,0.6842105263157895,0.6754385964912281,0.6666666666666666,0.6491228070175439,0.6403508771929824,0.631578947368421,0.39473684210526316,0.3684210526315789,0.3684210526315789,0.35964912280701755,0.3508771929824561,0.34210526315789475,0.34210526315789475,0.3333333333333333,0.3333333333333333,0.3333333333333333,0.3333333333333333,0.3333333333333333,0.2719298245614035,0.2631578947368421,0.2631578947368421,0.2631578947368421,0.2631578947368421
MS,1.0,0.9912280701754386,0.9824561403508771,0.9736842105263158,0.956140350877193,0.9473684210526315,0.9385964912280702,0.9298245614035088,0.9210526315789473,0.9122807017543859,0.9035087719298246,0.8947368421052632,0.8859649122807017,0.8859649122807017,0.8771929824561403,0.868421052631579,0.8596491228070176,0.8508771929824561,0.8333333333333334,0.8245614035087719,0.7894736842105263,0.7807017543859649,0.7280701754385965,0.7192982456140351,0.7105263157894737,0.7105263157894737,0.7017543859649122,0.7017543859649122,0.6929824561403509,0.6842105263157895,0.6754385964912281,0.6666666666666666,0.6578947368421053,0.6491228070175439,0.6491228070175439,0.6403508771929824,0.6228070175438597,0.6140350877192983,0.4649122807017544,0.2807017543859649,0.2807017543859649,0.2631578947368421,0.18421052631578946,0.17543859649122806,0.17543859649122806,0.17543859649122806,0.17543859649122806,0.17543859649122806,0.14912280701754385,0.14035087719298245
MS,1.0,0.9912280701754386,0.9824561403508771,0.9736842105263158,0.9649122807017544,0.956140350877193,0.9473684210526315,0.9298245614035088,0.9210526315789473,0.9122807017543859,0.9035087719298246,0.8947368421052632,0.8859649122807017,0.868421052631579,0.8596491228070176,0.8508771929824561,0.8333333333333334,0.8245614035087719,0.8157894736842105,0.8070175438596491,0.7982456140350878,0.7894736842105263,0.7807017543859649,0.7631578947368421,0.7543859649122807,0.7456140350877193,0.7368421052631579,0.6929824561403509,0.38596491228070173,0.38596491228070173,0.35964912280701755,0.3508771929824561,0.3508771929824561,0.34210526315789475,0.34210526315789475,0.34210526315789475,0.34210526315789475,0.34210526315789475,0.3333333333333333,0.32456140350877194,0.3157894736842105,0.3157894736842105,0.3157894736842105,0.3157894736842105,0.3157894736842105,0.30701754385964913,0.30701754385964913,0.2982456140350877,0.21052631578947367,0.21052631578947367
MS,1.0,0.9912280701754386,0.9824561403508771,0.956140350877193,0.9473684210526315,0.9385964912280702,0.9298245614035088,0.9210526315789473,0.9122807017543859,0.9035087719298246,0.8947368421052632,0.8859649122807017,0.8771929824561403,0.868421052631579,0.8596491228070176,0.8508771929824561,0.8421052631578947,0.8333333333333334,0.8245614035087719,0.8157894736842105,0.8070175438596491,0.7982456140350878,0.7894736842105263,0.7807017543859649,0.7719298245614035,0.7456140350877193,0.7368421052631579,0.6754385964912281,0.6666666666666666,0.6578947368421053,0.6403508771929824,0.631578947368421,0.631578947368421,0.6228070175438597,0.6052631578947368,0.6052631578947368,0.5614035087719298,0.5526315789473685,0.4824561403508772,0.47368421052631576,0.4649122807017544,0.4649122807017544,0.2807017543859649,0.2807017543859649,0.2719298245614035,0.21929824561403508,0.21929824561403508,0.21929824561403508,0.21929824561403508,0.15789473684210525
MS,1.0,0.9912280701754386,0.9824561403508771,0.9736842105263158,0.956140350877193,0.9473684210526315,0.9385964912280702,0.9298245614035088,0.9035087719298246,0.8947368421052632,0.8859649122807017,0.8771929824561403,0.868421052631579,0.8596491228070176,0.8508771929824561,0.8421052631578947,0.8333333333333334,0.7982456140350878,0.7807017543859649,0.7719298245614035,0.7631578947368421,0.7456140350877193,0.7368421052631579,0.7280701754385965,0.7192982456140351,0.7105263157894737,0.7017543859649122,0.6929824561403509,0.6754385964912281,0.6666666666666666,0.6578947368421053,0.34210526315789475,0.3333333333333333,0.32456140350877194,0.32456140350877194,0.30701754385964913,0.30701754385964913,0.2982456140350877,0.2982456140350877,0.2894736842105263,0.2894736842105263,0.2894736842105263,0.2807017543859649,0.2807017543859649,0.2807017543859649,0.21929824561403508,0.21929824561403508,0.21052631578947367,0.20175438596491227,0.20175438596491227
MS,1.0,0.9912280701754386,0.9824561403508771,0.9649122807017544,0.956140350877193,0.9473684210526315,0.9385964912280702,0.9298245614035088,0.9210526315789473,0.9035087719298246,0.8947368421052632,0.8859649122807017,0.8771929824561403,0.868421052631579,0.8596491228070176,0.8508771929824561,0.8333333333333334,0.8245614035087719,0.8157894736842105,0.8070175438596491,0.7982456140350878,0.7894736842105263,0.7807017543859649,0.7719298245614035,0.7456140350877193,0.7368421052631579,0.7017543859649122,0.6929824561403509,0.6842105263157895,0.6754385964912281,0.6666666666666666,0.631578947368421,0.6228070175438597,0.6140350877192983,0.6052631578947368,0.5877192982456141,0.5877192982456141,0.40350877192982454,0.39473684210526316,0.3157894736842105,0.2894736842105263,0.2894736842105263,0.2894736842105263,0.2807017543859649,0.2631578947368421,0.2631578947368421,0.16666666666666666,0.16666666666666666,0.16666666666666666,0.15789473684210525
MS,1.0,0.9912280701754386,0.9736842105263158,0.9649122807017544,0.956140350877193,0.9122807017543859,0.9035087719298246,0.8947368421052632,0.8859649122807017,0.8771929824561403,0.868421052631579,0.8596491228070176,0.8508771929824561,0.8421052631578947,0.8333333333333334,0.8245614035087719,0.8157894736842105,0.8070175438596491,0.7894736842105263,0.7719298245614035,0.7543859649122807,0.7456140350877193,0.7280701754385965,0.7192982456140351,0.7192982456140351,0.7017543859649122,0.6929824561403509,0.6754385964912281,0.6754385964912281,0.6666666666666666,0.6578947368421053,0.631578947368421,0.6228070175438597,0.6140350877192983,0.5964912280701754,0.5964912280701754,0.5877192982456141,0.5877192982456141,0.5789473684210527,0.5701754385964912,0.5701754385964912,0.5614035087719298,0.5526315789473685,0.543859649122807,0.5175438596491229,0.5087719298245614,0.49122807017543857,0.2807017543859649,0.2719298245614035,0.2719298245614035
MS,1.0,0.9912280701754386,0.9824561403508771,0.9736842105263158,0.9649122807017544,0.956140350877193,0.9473684210526315,0.9385964912280702,0.9298245614035088,0.9210526315789473,0.9122807017543859,0.8771929824561403,0.868421052631579,0.8508771929824561,0.8333333333333334,0.8245614035087719,0.8157894736842105,0.8157894736842105,0.8070175438596491,0.7982456140350878,0.7894736842105263,0.7807017543859649,0.7719298245614035,0.7631578947368421,0.7543859649122807,0.7456140350877193,0.7368421052631579,0.6578947368421053,0.6052631578947368,0.5964912280701754,0.5877192982456141,0.5789473684210527,0.5789473684210527,0.5526315789473685,0.543859649122807,0.543859649122807,0.5350877192982456,0.5175438596491229,0.5175438596491229,0.5087719298245614,0.5087719298245614,0.49122807017543857,0.4824561403508772,0.45614035087719296,0.38596491228070173,0.38596491228070173,0.37719298245614036,0.35964912280701755,0.3508771929824561,0.2719298245614035
MS,1.0,0.9912280701754386,0.9736842105263158,0.9736842105263158,0.9649122807017544,0.956140350877193,0.9473684210526315,0.9210526315789473,0.9122807017543859,0.9035087719298246,0.8859649122807017,0.8771929824561403,0.868421052631579,0.8596491228070176,0.8508771929824561,0.8421052631578947,0.8333333333333334,0.8245614035087719,0.8157894736842105,0.8070175438596491,0.7982456140350878,0.7982456140350878,0.7807017543859649,0.7719298245614035,0.7543859649122807,0.7456140350877193,0.7368421052631579,0.7280701754385965,0.7192982456140351,0.6929824561403509,0.6842105263157895,0.6754385964912281,0.6666666666666666,0.6666666666666666,0.6578947368421053,0.6491228070175439,0.6403508771929824,0.631578947368421,0.6140350877192983,0.6052631578947368,0.5964912280701754,0.32456140350877194,0.3157894736842105,0.3157894736842105,0.3157894736842105,0.30701754385964913,0.2982456140350877,0.2807017543859649,0.2807017543859649,0.2807017543859649
MS,1.0,0.9912280701754386,0.9824561403508771,0.8157894736842105,0.8070175438596491,0.7982456140350878,0.7894736842105263,0.7807017543859649,0.7719298245614035,0.7631578947368421,0.7543859649122807,0.7456140350877193,0.7280701754385965,0.7192982456140351,0.7105263157894737,0.7017543859649122,0.6842105263157895,0.6754385964912281,0.6666666666666666,0.6578947368421053,0.6491228070175439,0.6403508771929824,0.631578947368421,0.6228070175438597,0.6140350877192983,0.6052631578947368,0.5964912280701754,0.5701754385964912,0.5701754385964912,0.5701754385964912,0.5614035087719298,0.543859649122807,0.5350877192982456,0.5263157894736842,0.5175438596491229,0.5087719298245614,0.49122807017543857,0.4824561403508772,0.47368421052631576,0.43859649122807015,0.42105263157894735,0.41228070175438597,0.40350877192982454,0.39473684210526316,0.38596491228070173,0.37719298245614036,0.3684210526315789,0.3684210526315789,0.3508771929824561,0.3333333333333333
MS,1.0,0.9912280701754386,0.9824561403508771,0.9736842105263158,0.9649122807017544,0.956140350877193,0.9473684210526315,0.9385964912280702,0.9298245614035088,0.9210526315789473,0.9122807017543859,0.9035087719298246,0.8947368421052632,0.8771929824561403,0.868421052631579,0.8596491228070176,0.8508771929824561,0.8333333333333334,0.8245614035087719,0.8157894736842105,0.8070175438596491,0.7982456140350878,0.7894736842105263,0.7807017543859649,0.7719298245614035,0.7631578947368421,0.7543859649122807,0.7456140350877193,0.7368421052631579,0.7280701754385965,0.7192982456140351,0.7192982456140351,0.7105263157894737,0.6929824561403509,0.6842105263157895,0.6754385964912281,0.6140350877192983,0.6052631578947368,0.3157894736842105,0.30701754385964913,0.22807017543859648,0.21052631578947367,0.21052631578947367,0.20175438596491227,0.20175438596491227,0.19298245614035087,0.19298245614035087,0.19298245614035087,0.19298245614035087,0.18421052631578946
MS,1.0,0.9912280701754386,0.9824561403508771,0.9736842105263158,0.9649122807017544,0.956140350877193,0.9473684210526315,0.9298245614035088,0.9122807017543859,0.8947368421052632,0.8859649122807017,0.8771929824561403,0.868421052631579,0.8596491228070176,0.8421052631578947,0.8333333333333334,0.8245614035087719,0.8157894736842105,0.7807017543859649,0.7719298245614035,0.6754385964912281,0.6666666666666666,0.6491228070175439,0.6403508771929824,0.631578947368421,0.6228070175438597,0.6140350877192983,0.6052631578947368,0.5877192982456141,0.5789473684210527,0.5789473684210527,0.5789473684210527,0.5701754385964912,0.5614035087719298,0.5526315789473685,0.543859649122807,0.5350877192982456,0.5350877192982456,0.5263157894736842,0.5263157894736842,0.5263157894736842,0.5263157894736842,0.5175438596491229,0.49122807017543857,0.2807017543859649,0.2719298245614035,0.2719298245614035,0.2719298245614035,0.2631578947368421,0.2543859649122807
MS,1.0,0.9912280701754386,0.9824561403508771,0.9649122807017544,0.956140350877193,0.9473684210526315,0.9385964912280702,0.9210526315789473,0.9122807017543859,0.9035087719298246,0.8508771929824561,0.8421052631578947,0.8333333333333334,0.8245614035087719,0.8157894736842105,0.8070175438596491,0.7982456140350878,0.7894736842105263,0.7894736842105263,0.7807017543859649,0.7719298245614035,0.7631578947368421,0.7543859649122807,0.7456140350877193,0.7368421052631579,0.7280701754385965,0.7105263157894737,0.7017543859649122,0.6929824561403509,0.43859649122807015,0.4298245614035088,0.42105263157894735,0.40350877192982454,0.40350877192982454,0.40350877192982454,0.40350877192982454,0.40350877192982454,0.39473684210526316,0.38596491228070173,0.38596491228070173,0.37719298245614036,0.37719298245614036,0.3684210526315789,0.3684210526315789,0.3684210526315789,0.3684210526315789,0.3684210526315789,0.3684210526315789,0.3684210526315789,0.35964912280701755
MC,1.0,0.9911504424778761,0.9823008849557522,0.9734513274336283,0.9646017699115044,0.9557522123893806,0.9469026548672567,0.9380530973451328,0.9292035398230089,0.9203539823008849,0.911504424778761,0.9026548672566371,0.8938053097345132,0.8849557522123894,0.8141592920353983,0.8053097345132744,0.7964601769911505,0.7876106194690266,0.7787610619469026,0.7699115044247787,0.7610619469026548,0.7522123893805309,0.7433628318584071,0.7345132743362832,0.7256637168141593,0.7168141592920354,0.7079646017699115,0.6991150442477876,0.6902654867256637,0.6814159292035398,0.6814159292035398,0.672566371681416,0.6637168141592921,0.6548672566371682,0.6460176991150443,0.6283185840707964,0.6194690265486725,0.6106194690265486,0.5929203539823009,0.5752212389380531,0.5663716814159292,0.5575221238938053,0.5486725663716814,0.5398230088495575,0.5309734513274337,0.5221238938053098,0.5221238938053098,0.415929203539823,0.40707964601769914,0.39823008849557523
MC,1.0,0.9911504424778761,0.9823008849557522,0.9557522123893806,0.9469026548672567,0.9380530973451328,0.9203539823008849,0.911504424778761,0.9026548672566371,0.8672566371681416,0.8584070796460177,0.8584070796460177,0.8584070796460177,0.8495575221238938,0.8230088495575221,0.8141592920353983,0.8141592920353983,0.8053097345132744,0.7964601769911505,0.7876106194690266,0.7787610619469026,0.7699115044247787,0.7610619469026548,0.7522123893805309,0.7433628318584071,0.7433628318584071,0.7345132743362832,0.7256637168141593,0.7168141592920354,0.7079646017699115,0.6991150442477876,0.6902654867256637,0.672566371681416,0.6637168141592921,0.6548672566371682,0.6460176991150443,0.6371681415929203,0.6283185840707964,0.6194690265486725,0.6106194690265486,0.6017699115044248,0.5929203539823009,0.5929203539823009,0.584070796460177,0.5752212389380531,0.5752212389380531,0.5663716814159292,0.5575221238938053,0.5486725663716814,0.5132743362831859
MC,1.0,0.9911504424778761,0.9823008849557522,0.9734513274336283,0.9646017699115044,0.9292035398230089,0.9203539823008849,0.911504424778761,0.9026548672566371,0.9026548672566371,0.8938053097345132,0.8849557522123894,0.8761061946902655,0.8495575221238938,0.8407079646017699,0.831858407079646,0.8230088495575221,0.8141592920353983,0.8053097345132744,0.7964601769911505,0.7876106194690266,0.7787610619469026,0.7699115044247787,0.7610619469026548,0.7522123893805309,0.7345132743362832,0.7256637168141593,0.7168141592920354,0.7079646017699115,0.6991150442477876,0.6991150442477876,0.6902654867256637,0.6814159292035398,0.672566371681416,0.672566371681416,0.6637168141592921,0.6548672566371682,0.6460176991150443,0.6371681415929203,0.48672566371681414,0.4778761061946903,0.46017699115044247,0.45132743362831856,0.4424778761061947,0.4336283185840708,0.4247787610619469,0.4247787610619469,0.39823008849557523,0.39823008849557523,0.39823008849557523
MC,1.0,0.9911504424778761,0.9823008849557522,0.9734513274336283,0.9646017699115044,0.9557522123893806,0.9469026548672567,0.9380530973451328,0.9292035398230089,0.9203539823008849,0.911504424778761,0.9026548672566371,0.8938053097345132,0.8849557522123894,0.8761061946902655,0.8672566371681416,0.8584070796460177,0.8495575221238938,0.8407079646017699,0.831858407079646,0.8230088495575221,0.7787610619469026,0.7699115044247787,0.7610619469026548,0.7522123893805309,0.7433628318584071,0.7345132743362832,0.6902654867256637,0.6814159292035398,0.6814159292035398,0.6814159292035398,0.672566371681416,0.6637168141592921,0.6106194690265486,0.6017699115044248,0.5929203539823009,0.584070796460177,0.5752212389380531,0.5663716814159292,0.5663716814159292,0.5575221238938053,0.5486725663716814,0.5398230088495575,0.5309734513274337,0.5221238938053098,0.504424778761062,0.49557522123893805,0.4424778761061947,0.4336283185840708,0.4336283185840708
MC,1.0,0.9911504424778761,0.9823008849557522,0.9734513274336283,0.9646017699115044,0.9557522123893806,0.9469026548672567,0.9380530973451328,0.9292035398230089,0.9203539823008849,0.911504424778761,0.9026548672566371,0.8938053097345132,0.8849557522123894,0.8761061946902655,0.8584070796460177,0.8495575221238938,0.8407079646017699,0.831858407079646,0.8230088495575221,0.8141592920353983,0.8053097345132744,0.7964601769911505,0.7876106194690266,0.7787610619469026,0.7699115044247787,0.7610619469026548,0.7522123893805309,0.7433628318584071,0.7345132743362832,0.7256637168141593,0.7168141592920354,0.7079646017699115,0.6991150442477876,0.6902654867256637,0.6814159292035398,0.672566371681416,0.6637168141592921,0.6371681415929203,0.6283185840707964,0.6194690265486725,0.6106194690265486,0.6017699115044248,0.5929203539823009,0.5486725663716814,0.5309734513274337,0.5221238938053098,0.5132743362831859,0.504424778761062,0.48672566371681414
MC,1.0,0.9911504424778761,0.9823008849557522,0.9734513274336283,0.9646017699115044,0.9557522123893806,0.9469026548672567,0.9380530973451328,0.9292035398230089,0.9203539823008849,0.911504424778761,0.9026548672566371,0.8938053097345132,0.8849557522123894,0.8761061946902655,0.8672566371681416,0.8584070796460177,0.831858407079646,0.8230088495575221,0.8141592920353983,0.8053097345132744,0.7964601769911505,0.7876106194690266,0.7787610619469026,0.7699115044247787,0.7168141592920354,0.7079646017699115,0.6991150442477876,0.6902654867256637,0.6814159292035398,0.672566371681416,0.6637168141592921,0.6548672566371682,0.6460176991150443,0.6371681415929203,0.6194690265486725,0.6194690265486725,0.6106194690265486,0.6017699115044248,0.5929203539823009,0.5929203539823009,0.5929203539823009,0.5752212389380531,0.5663716814159292,0.5575221238938053,0.5486725663716814,0.5486725663716814,0.5486725663716814,0.5398230088495575,0.5309734513274337
MC,1.0,0.9911504424778761,0.9823008849557522,0.9734513274336283,0.9646017699115044,0.9557522123893806,0.9469026548672567,0.9380530973451328,0.9292035398230089,0.9203539823008849,0.911504424778761,0.9026548672566371,0.8938053097345132,0.8849557522123894,0.8761061946902655,0.8672566371681416,0.8584070796460177,0.8495575221238938,0.8407079646017699,0.831858407079646,0.8053097345132744,0.7433628318584071,0.7345132743362832,0.7256637168141593,0.7168141592920354,0.7079646017699115,0.6991150442477876,0.6902654867256637,0.6814159292035398,0.672566371681416,0.6548672566371682,0.6460176991150443,0.6283185840707964,0.6194690265486725,0.6106194690265486,0.6017699115044248,0.5929203539823009,0.584070796460177,0.5752212389380531,0.5663716814159292,0.5575221238938053,0.5575221238938053,0.5486725663716814,0.5398230088495575,0.5309734513274337,0.49557522123893805,0.49557522123893805,0.48672566371681414,0.4778761061946903,0.4690265486725664
MC,1.0,0.9911504424778761,0.9823008849557522,0.9734513274336283,0.9646017699115044,0.9557522123893806,0.9469026548672567,0.9380530973451328,0.9292035398230089,0.9203539823008849,0.911504424778761,0.9026548672566371,0.8938053097345132,0.8849557522123894,0.8761061946902655,0.8672566371681416,0.8584070796460177,0.8495575221238938,0.831858407079646,0.8230088495575221,0.8141592920353983,0.8053097345132744,0.7964601769911505,0.7876106194690266,0.7876106194690266,0.7787610619469026,0.7699115044247787,0.7610619469026548,0.7522123893805309,0.7433628318584071,0.7345132743362832,0.7256637168141593,0.7168141592920354,0.7079646017699115,0.6902654867256637,0.6814159292035398,0.672566371681416,0.6637168141592921,0.6548672566371682,0.6460176991150443,0.6371681415929203,0.6283185840707964,0.6194690265486725,0.6106194690265486,0.6017699115044248,0.5929203539823009,0.5575221238938053,0.5486725663716814,0.5398230088495575,0.5309734513274337
MC,1.0,0.9911504424778761,0.9823008849557522,0.9734513274336283,0.9646017699115044,0.9557522123893806,0.9469026548672567,0.9380530973451328,0.9292035398230089,0.9203539823008849,0.911504424778761,0.9026548672566371,0.8938053097345132,0.8849557522123894,0.8761061946902655,0.8672566371681416,0.8584070796460177,0.8495575221238938,0.8407079646017699,0.831858407079646,0.8230088495575221,0.8141592920353983,0.8053097345132744,0.7964601769911505,0.7876106194690266,0.7787610619469026,0.7610619469026548,0.7522123893805309,0.7433628318584071,0.7345132743362832,0.7256637168141593,0.7168141592920354,0.7079646017699115,0.6902654867256637,0.6814159292035398,0.672566371681416,0.6637168141592921,0.6548672566371682,0.6371681415929203,0.6283185840707964,0.6194690265486725,0.6106194690265486,0.6017699115044248,0.5929203539823009,0.5752212389380531,0.5663716814159292,0.5575221238938053,0.5486725663716814,0.5398230088495575,0.5309734513274337
MC,1.0,0.9911504424778761,0.9823008849557522,0.9734513274336283,0.9646017699115044,0.9557522123893806,0.9469026548672567,0.9380530973451328,0.9292035398230089,0.9203539823008849,0.911504424778761,0.9026548672566371,0.8938053097345132,0.8849557522123894,0.8761061946902655,0.8672566371681416,0.8584070796460177,0.8495575221238938,0.8407079646017699,0.8141592920353983,0.8053097345132744,0.7964601769911505,0.7876106194690266,0.7787610619469026,0.7699115044247787,0.7610619469026548,0.7522123893805309,0.7433628318584071,0.7345132743362832,0.7256637168141593,0.7168141592920354,0.7079646017699115,0.6991150442477876,0.6902654867256637,0.6814159292035398,0.672566371681416,0.6637168141592921,0.6548672566371682,0.6460176991150443,0.6371681415929203,0.6283185840707964,0.6194690265486725,0.6106194690265486,0.5752212389380531,0.5663716814159292,0.5575221238938053,0.5398230088495575,0.39823008849557523,0.3893805309734513,0.3805309734513274
MC,1.0,0.9911504424778761,0.9823008849557522,0.9734513274336283,0.9646017699115044,0.9557522123893806,0.9380530973451328,0.9292035398230089,0.9203539823008849,0.911504424778761,0.9026548672566371,0.8938053097345132,0.8849557522123894,0.8761061946902655,0.8672566371681416,0.8584070796460177,0.8495575221238938,0.8407079646017699,0.831858407079646,0.8230088495575221,0.8141592920353983,0.8053097345132744,0.7964601769911505,0.7876106194690266,0.7787610619469026,0.7699115044247787,0.7610619469026548,0.7522123893805309,0.7433628318584071,0.7345132743362832,0.7168141592920354,0.7079646017699115,0.6991150442477876,0.6902654867256637,0.6814159292035398,0.672566371681416,0.6637168141592921,0.6548672566371682,0.6371681415929203,0.6283185840707964,0.6194690265486725,0.6106194690265486,0.5929203539823009,0.584070796460177,0.5752212389380531,0.5663716814159292,0.5575221238938053,0.5486725663716814,0.5398230088495575,0.5309734513274337
MC,1.0,0.9911504424778761,0.9823008849557522,0.9734513274336283,0.9646017699115044,0.9557522123893806,0.9469026548672567,0.9380530973451328,0.9292035398230089,0.9203539823008849,0.911504424778761,0.9026548672566371,0.8938053097345132,0.8849557522123894,0.8761061946902655,0.8672566371681416,0.8584070796460177,0.8495575221238938,0.8407079646017699,0.831858407079646,0.8141592920353983,0.8053097345132744,0.7964601769911505,0.7876106194690266,0.7787610619469026,0.7610619469026548,0.7522123893805309,0.7433628318584071,0.7345132743362832,0.7256637168141593,0.7168141592920354,0.6637168141592921,0.6548672566371682,0.6460176991150443,0.6371681415929203,0.6283185840707964,0.6194690265486725,0.6106194690265486,0.5929203539823009,0.584070796460177,0.5752212389380531,0.5663716814159292,0.5221238938053098,0.5132743362831859,0.5132743362831859,0.5132743362831859,0.504424778761062,0.504424778761062,0.49557522123893805,0.4690265486725664
MC,1.0,0.9911504424778761,0.9823008849557522,0.9734513274336283,0.9646017699115044,0.9557522123893806,0.9469026548672567,0.9292035398230089,0.9203539823008849,0.911504424778761,0.9026548672566371,0.8938053097345132,0.8938053097345132,0.8849557522123894,0.8761061946902655,0.8495575221238938,0.8407079646017699,0.831858407079646,0.8230088495575221,0.8141592920353983,0.8053097345132744,0.7964601769911505,0.7876106194690266,0.7787610619469026,0.7699115044247787,0.7610619469026548,0.7522123893805309,0.7433628318584071,0.7345132743362832,0.7256637168141593,0.7256637168141593,0.7168141592920354,0.7079646017699115,0.6991150442477876,0.6902654867256637,0.6814159292035398,0.6637168141592921,0.6548672566371682,0.6460176991150443,0.6371681415929203,0.6106194690265486,0.6017699115044248,0.5929203539823009,0.584070796460177,0.5663716814159292,0.5575221238938053,0.5575221238938053,0.5486725663716814,0.5398230088495575,0.5132743362831859
MC,1.0,0.9911504424778761,0.9823008849557522,0.9734513274336283,0.9646017699115044,0.9557522123893806,0.9469026548672567,0.9380530973451328,0.9292035398230089,0.9203539823008849,0.911504424778761,0.9026548672566371,0.8938053097345132,0.8849557522123894,0.8761061946902655,0.8672566371681416,0.8584070796460177,0.8495575221238938,0.8407079646017699,0.831858407079646,0.8230088495575221,0.8141592920353983,0.8053097345132744,0.7964601769911505,0.7787610619469026,0.7699115044247787,0.7610619469026548,0.7433628318584071,0.7345132743362832,0.7256637168141593,0.7168141592920354,0.7079646017699115,0.6991150442477876,0.6902654867256637,0.6814159292035398,0.672566371681416,0.6548672566371682,0.6371681415929203,0.6283185840707964,0.6194690265486725,0.6106194690265486,0.6017699115044248,0.5929203539823009,0.584070796460177,0.5752212389380531,0.5663716814159292,0.5575221238938053,0.5486725663716814,0.5309734513274337,0.5221238938053098
MC,1.0,0.9911504424778761,0.9823008849557522,0.9734513274336283,0.9646017699115044,0.9469026548672567,0.9380530973451328,0.9292035398230089,0.9203539823008849,0.911504424778761,0.9026548672566371,0.8938053097345132,0.8849557522123894,0.8761061946902655,0.8672566371681416,0.8584070796460177,0.8495575221238938,0.8407079646017699,0.831858407079646,0.8230088495575221,0.8141592920353983,0.8053097345132744,0.7964601769911505,0.7876106194690266,0.7787610619469026,0.7699115044247787,0.7610619469026548,0.7522123893805309,0.7256637168141593,0.7168141592920354,0.7079646017699115,0.6991150442477876,0.6902654867256637,0.6814159292035398,0.672566371681416,0.6637168141592921,0.6548672566371682,0.6460176991150443,0.6371681415929203,0.6283185840707964,0.6194690265486725,0.6106194690265486,0.6017699115044248,0.584070796460177,0.5752212389380531,0.5663716814159292,0.5575221238938053,0.5486725663716814,0.5309734513274337,0.5221238938053098
MC,1.0,0.9823008849557522,0.9734513274336283,0.9646017699115044,0.9557522123893806,0.9469026548672567,0.9380530973451328,0.9292035398230089,0.9203539823008849,0.911504424778761,0.9026548672566371,0.8938053097345132,0.8849557522123894,0.8761061946902655,0.8672566371681416,0.8495575221238938,0.8495575221238938,0.8407079646017699,0.831858407079646,0.8230088495575221,0.8230088495575221,0.8141592920353983,0.8053097345132744,0.7964601769911505,0.7876106194690266,0.7787610619469026,0.7699115044247787,0.7522123893805309,0.7433628318584071,0.7345132743362832,0.7256637168141593,0.7168141592920354,0.7079646017699115,0.6991150442477876,0.6902654867256637,0.6814159292035398,0.672566371681416,0.6637168141592921,0.6548672566371682,0.6460176991150443,0.6371681415929203,0.6283185840707964,0.6194690265486725,0.6106194690265486,0.5929203539823009,0.584070796460177,0.5752212389380531,0.5663716814159292,0.5575221238938053,0.5486725663716814
MC,1.0,0.9911504424778761,0.9823008849557522,0.9734513274336283,0.9646017699115044,0.9557522123893806,0.9292035398230089,0.9026548672566371,0.8938053097345132,0.8849557522123894,0.8761061946902655,0.8672566371681416,0.8584070796460177,0.8495575221238938,0.8407079646017699,0.831858407079646,0.8230088495575221,0.8141592920353983,0.8053097345132744,0.7876106194690266,0.7787610619469026,0.7699115044247787,0.7610619469026548,0.7522123893805309,0.7433628318584071,0.7345132743362832,0.7256637168141593,0.7168141592920354,0.7079646017699115,0.6991150442477876,0.6902654867256637,0.6814159292035398,0.6637168141592921,0.6548672566371682,0.6460176991150443,0.6371681415929203,0.6283185840707964,0.6194690265486725,0.6106194690265486,0.6017699115044248,0.5929203539823009,0.5929203539823009,0.584070796460177,0.5752212389380531,0.5663716814159292,0.5575221238938053,0.5132743362831859,0.504424778761062,0.49557522123893805,0.48672566371681414
MC,1.0,0.9911504424778761,0.9823008849557522,0.9734513274336283,0.9646017699115044,0.9557522123893806,0.9469026548672567,0.9380530973451328,0.9292035398230089,0.9203539823008849,0.911504424778761,0.9026548672566371,0.8938053097345132,0.8849557522123894,0.8761061946902655,0.8672566371681416,0.8584070796460177,0.8495575221238938,0.8407079646017699,0.831858407079646,0.8230088495575221,0.8141592920353983,0.8053097345132744,0.7964601769911505,0.7876106194690266,0.7787610619469026,0.7699115044247787,0.7433628318584071,0.7345132743362832,0.7256637168141593,0.7168141592920354,0.7079646017699115,0.6991150442477876,0.6902654867256637,0.6814159292035398,0.672566371681416,0.6637168141592921,0.6371681415929203,0.6283185840707964,0.6194690265486725,0.6106194690265486,0.6017699115044248,0.5929203539823009,0.584070796460177,0.5752212389380531,0.5663716814159292,0.5575221238938053,0.5309734513274337,0.3274336283185841,0.3274336283185841
MC,1.0,0.9911504424778761,0.9823008849557522,0.9734513274336283,0.9646017699115044,0.9469026548672567,0.9292035398230089,0.9203539823008849,0.911504424778761,0.9026548672566371,0.8938053097345132,0.8849557522123894,0.8761061946902655,0.8672566371681416,0.8584070796460177,0.8495575221238938,0.8407079646017699,0.831858407079646,0.8230088495575221,0.8141592920353983,0.8053097345132744,0.7964601769911505,0.7876106194690266,0.7787610619469026,0.7699115044247787,0.7699115044247787,0.7610619469026548,0.7522123893805309,0.7433628318584071,0.7345132743362832,0.7256637168141593,0.7168141592920354,0.7079646017699115,0.6991150442477876,0.6902654867256637,0.6814159292035398,0.672566371681416,0.6637168141592921,0.4424778761061947,0.4424778761061947,0.4336283185840708,0.415929203539823,0.415929203539823,0.415929203539823,0.40707964601769914,0.40707964601769914,0.39823008849557523,0.3893805309734513,0.3893805309734513,0.3893805309734513
MC,1.0,0.9911504424778761,0.9823008849557522,0.9734513274336283,0.9557522123893806,0.9469026548672567,0.9380530973451328,0.9292035398230089,0.9203539823008849,0.911504424778761,0.9026548672566371,0.8938053097345132,0.8849557522123894,0.8761061946902655,0.8672566371681416,0.8584070796460177,0.8495575221238938,0.8407079646017699,0.831858407079646,0.8230088495575221,0.8230088495575221,0.8141592920353983,0.8053097345132744,0.7964601769911505,0.7876106194690266,0.7787610619469026,0.7345132743362832,0.7256637168141593,0.7168141592920354,0.7079646017699115,0.6991150442477876,0.6902654867256637,0.6814159292035398,0.672566371681416,0.6637168141592921,0.6548672566371682,0.6460176991150443,0.6371681415929203,0.6283185840707964,0.6194690265486725,0.6106194690265486,0.6017699115044248,0.5663716814159292,0.5575221238938053,0.5398230088495575,0.5398230088495575,0.5309734513274337,0.49557522123893805,0.49557522123893805,0.48672566371681414
SS,1.0,0.9917355371900827,0.9752066115702479,0.9669421487603306,0.9586776859504132,0.9504132231404959,0.9421487603305785,0.9338842975206612,0.9173553719008265,0.9090909090909091,0.9008264462809917,0.8925619834710744,0.8842975206611571,0.8760330578512396,0.8677685950413223,0.859504132231405,0.8512396694214877,0.6694214876033058,0.6528925619834711,0.6446280991735537,0.6363636363636364,0.628099173553719,0.6033057851239669,0.5289256198347108,0.5289256198347108,0.5206611570247934,0.5206611570247934,0.512396694214876,0.5041322314049587,0.48760330578512395,0.48760330578512395,0.4380165289256198,0.4380165289256198,0.4297520661157025,0.4214876033057851,0.4214876033057851,0.34710743801652894,0.33884297520661155,0.3305785123966942,0.3305785123966942,0.3305785123966942,0.32231404958677684,0.3140495867768595,0.3140495867768595,0.30578512396694213,0.2975206611570248,0.2975206611570248,0.2975206611570248,0.2892561983471074,0.2809917355371901
SS,1.0,0.9834710743801653,0.9752066115702479,0.9669421487603306,0.9586776859504132,0.5785123966942148,0.5785123966942148,0.5785123966942148,0.5785123966942148,0.5785123966942148,0.5537190082644629,0.5537190082644629,0.5537190082644629,0.5289256198347108,0.512396694214876,0.4380165289256198,0.4380165289256198,0.4380165289256198,0.4380165289256198,0.371900826446281,0.371900826446281,0.36363636363636365,0.36363636363636365,0.36363636363636365,0.36363636363636365,0.36363636363636365,0.36363636363636365,0.36363636363636365,0.36363636363636365,0.35537190082644626,0.34710743801652894,0.3140495867768595,0.3140495867768595,0.3140495867768595,0.3140495867768595,0.30578512396694213,0.2892561983471074,0.2892561983471074,0.2892561983471074,0.2809917355371901,0.256198347107438,0.24793388429752067,0.24793388429752067,0.2396694214876033,0.2396694214876033,0.2396694214876033,0.2396694214876033,0.2396694214876033,0.2231404958677686,0.21487603305785125
SS,1.0,0.9090909090909091,0.8925619834710744,0.8842975206611571,0.8760330578512396,0.859504132231405,0.8512396694214877,0.8347107438016529,0.8181818181818182,0.8099173553719008,0.8016528925619835,0.7933884297520661,0.7851239669421488,0.7768595041322314,0.768595041322314,0.7355371900826446,0.7272727272727273,0.71900826446281,0.71900826446281,0.7107438016528925,0.7107438016528925,0.7024793388429752,0.6942148760330579,0.6776859504132231,0.6694214876033058,0.6528925619834711,0.628099173553719,0.628099173553719,0.6033057851239669,0.6033057851239669,0.5950413223140496,0.5950413223140496,0.5950413223140496,0.5867768595041323,0.5785123966942148,0.4628099173553719,0.4628099173553719,0.4628099173553719,0.4628099173553719,0.45454545454545453,0.4462809917355372,0.4380165289256198,0.4297520661157025,0.4297520661157025,0.4214876033057851,0.4214876033057851,0.4132231404958678,0.4049586776859504,0.2809917355371901,0.2809917355371901
SS,1.0,0.9917355371900827,0.9752066115702479,0.9669421487603306,0.9586776859504132,0.9504132231404959,0.9421487603305785,0.9338842975206612,0.9256198347107438,0.9173553719008265,0.9090909090909091,0.9008264462809917,0.8760330578512396,0.8677685950413223,0.859504132231405,0.8512396694214877,0.8429752066115702,0.8264462809917356,0.8181818181818182,0.8099173553719008,0.8016528925619835,0.8016528925619835,0.7933884297520661,0.7851239669421488,0.7768595041322314,0.768595041322314,0.6859504132231405,0.6776859504132231,0.6776859504132231,0.6694214876033058,0.6611570247933884,0.6528925619834711,0.6446280991735537,0.628099173553719,0.34710743801652894,0.33884297520661155,0.33884297520661155,0.3305785123966942,0.3305785123966942,0.3305785123966942,0.3305785123966942,0.3305785123966942,0.3305785123966942,0.30578512396694213,0.2975206611570248,0.2975206611570248,0.2975206611570248,0.2892561983471074,0.2727272727272727,0.2727272727272727
SS,1.0,0.9917355371900827,0.9834710743801653,0.9504132231404959,0.9421487603305785,0.9338842975206612,0.9256198347107438,0.9173553719008265,0.9090909090909091,0.9008264462809917,0.8925619834710744,0.8842975206611571,0.8760330578512396,0.8677685950413223,0.859504132231405,0.8512396694214877,0.8429752066115702,0.8347107438016529,0.8264462809917356,0.8181818181818182,0.8099173553719008,0.8016528925619835,0.7933884297520661,0.4132231404958678,0.4049586776859504,0.39669421487603307,0.39669421487603307,0.39669421487603307,0.38016528925619836,0.371900826446281,0.371900826446281,0.34710743801652894,0.34710743801652894,0.34710743801652894,0.3305785123966942,0.3305785123966942,0.3305785123966942,0.3305785123966942,0.3305785123966942,0.32231404958677684,0.3140495867768595,0.30578512396694213,0.30578512396694213,0.2892561983471074,0.2809917355371901,0.2727272727272727,0.256198347107438,0.24793388429752067,0.2396694214876033,0.2396694214876033
SS,1.0,0.9917355371900827,0.9834710743801653,0.9669421487603306,0.9586776859504132,0.9504132231404959,0.9421487603305785,0.9338842975206612,0.9256198347107438,0.9173553719008265,0.9090909090909091,0.9008264462809917,0.8925619834710744,0.8842975206611571,0.8760330578512396,0.8677685950413223,0.859504132231405,0.8512396694214877,0.8264462809917356,0.8181818181818182,0.8016528925619835,0.7933884297520661,0.7851239669421488,0.7768595041322314,0.768595041322314,0.7520661157024794,0.743801652892562,0.7355371900826446,0.7272727272727273,0.71900826446281,0.7107438016528925,0.7024793388429752,0.6694214876033058,0.6611570247933884,0.6528925619834711,0.6446280991735537,0.5867768595041323,0.5785123966942148,0.5537190082644629,0.5537190082644629,0.5454545454545454,0.5454545454545454,0.5371900826446281,0.5289256198347108,0.5206611570247934,0.5206611570247934,0.5206611570247934,0.5206611570247934,0.5206611570247934,0.512396694214876
SS,1.0,0.9917355371900827,0.8181818181818182,0.8099173553719008,0.8016528925619835,0.7933884297520661,0.7851239669421488,0.768595041322314,0.7603305785123967,0.7520661157024794,0.7107438016528925,0.7024793388429752,0.6942148760330579,0.6859504132231405,0.6776859504132231,0.6694214876033058,0.6694214876033058,0.33884297520661155,0.3305785123966942,0.3305785123966942,0.3305785123966942,0.3305785123966942,0.3305785123966942,0.3305785123966942,0.32231404958677684,0.3140495867768595,0.3140495867768595,0.3140495867768595,0.3140495867768595,0.3140495867768595,0.3140495867768595,0.30578512396694213,0.30578512396694213,0.30578512396694213,0.2396694214876033,0.2396694214876033,0.2396694214876033,0.23140495867768596,0.2231404958677686,0.21487603305785125,0.2066115702479339,0.19008264462809918,0.19008264462809918,0.18181818181818182,0.18181818181818182,0.17355371900826447,0.1322314049586777,0.1322314049586777,0.1322314049586777,0.1322314049586777
SS,1.0,0.9917355371900827,0.9834710743801653,0.9752066115702479,0.9669421487603306,0.9586776859504132,0.9504132231404959,0.9421487603305785,0.9338842975206612,0.9256198347107438,0.9173553719008265,0.9090909090909091,0.9008264462809917,0.8925619834710744,0.8842975206611571,0.8760330578512396,0.8677685950413223,0.859504132231405,0.8264462809917356,0.8264462809917356,0.7024793388429752,0.6942148760330579,0.6942148760330579,0.6859504132231405,0.6859504132231405,0.6776859504132231,0.6776859504132231,0.6776859504132231,0.6611570247933884,0.6528925619834711,0.6446280991735537,0.6446280991735537,0.6363636363636364,0.628099173553719,0.628099173553719,0.628099173553719,0.6198347107438017,0.6115702479338843,0.6033057851239669,0.6033057851239669,0.5950413223140496,0.5867768595041323,0.5785123966942148,0.5702479338842975,0.32231404958677684,0.2892561983471074,0.2892561983471074,0.2809917355371901,0.2727272727272727,0.2644628099173554
SS,1.0,0.9917355371900827,0.9834710743801653,0.9752066115702479,0.9669421487603306,0.9586776859504132,0.8842975206611571,0.8760330578512396,0.8677685950413223,0.859504132231405,0.8512396694214877,0.8429752066115702,0.8347107438016529,0.8264462809917356,0.8016528925619835,0.7603305785123967,0.7520661157024794,0.743801652892562,0.743801652892562,0.7355371900826446,0.7272727272727273,0.7107438016528925,0.7107438016528925,0.7107438016528925,0.7107438016528925,0.7024793388429752,0.6942148760330579,0.6859504132231405,0.6776859504132231,0.6694214876033058,0.6115702479338843,0.6033057851239669,0.6033057851239669,0.5950413223140496,0.5950413223140496,0.5950413223140496,0.5867768595041323,0.5454545454545454,0.5371900826446281,0.5289256198347108,0.5206611570247934,0.512396694214876,0.5041322314049587,0.47107438016528924,0.4628099173553719,0.4462809917355372,0.3140495867768595,0.3140495867768595,0.30578512396694213,0.12396694214876033
SS,1.0,0.9917355371900827,0.9834710743801653,0.9752066115702479,0.9669421487603306,0.9504132231404959,0.9421487603305785,0.9338842975206612,0.9256198347107438,0.9090909090909091,0.9008264462809917,0.8925619834710744,0.8842975206611571,0.8760330578512396,0.8760330578512396,0.8677685950413223,0.859504132231405,0.8512396694214877,0.8347107438016529,0.8264462809917356,0.6694214876033058,0.48760330578512395,0.4793388429752066,0.4793388429752066,0.4793388429752066,0.47107438016528924,0.47107438016528924,0.47107438016528924,0.45454545454545453,0.4297520661157025,0.2396694214876033,0.2066115702479339,0.19834710743801653,0.19834710743801653,0.19834710743801653,0.19834710743801653,0.19834710743801653,0.19834710743801653,0.19834710743801653,0.19834710743801653,0.19834710743801653,0.19834710743801653,0.19834710743801653,0.19834710743801653,0.19834710743801653,0.19008264462809918,0.19008264462809918,0.19008264462809918,0.1652892561983471,0.1652892561983471
SS,1.0,0.9917355371900827,0.9834710743801653,0.9586776859504132,0.9504132231404959,0.9421487603305785,0.9338842975206612,0.9256198347107438,0.9173553719008265,0.9090909090909091,0.9008264462809917,0.8925619834710744,0.8760330578512396,0.8677685950413223,0.859504132231405,0.8429752066115702,0.8264462809917356,0.8181818181818182,0.8099173553719008,0.7851239669421488,0.7768595041322314,0.768595041322314,0.768595041322314,0.7603305785123967,0.7520661157024794,0.7272727272727273,0.71900826446281,0.7107438016528925,0.7024793388429752,0.6942148760330579,0.6446280991735537,0.6363636363636364,0.628099173553719,0.6198347107438017,0.6115702479338843,0.6033057851239669,0.5950413223140496,0.5785123966942148,0.5702479338842975,0.5619834710743802,0.5537190082644629,0.5454545454545454,0.5371900826446281,0.2809917355371901,0.2809917355371901,0.2809917355371901,0.2809917355371901,0.2727272727272727,0.2727272727272727,0.2644628099173554
SS,1.0,0.9917355371900827,0.9834710743801653,0.9752066115702479,0.9586776859504132,0.9504132231404959,0.9421487603305785,0.9338842975206612,0.9256198347107438,0.9173553719008265,0.9090909090909091,0.9008264462809917,0.8925619834710744,0.8760330578512396,0.8099173553719008,0.8016528925619835,0.7933884297520661,0.7851239669421488,0.4049586776859504,0.4049586776859504,0.4049586776859504,0.4049586776859504,0.4049586776859504,0.39669421487603307,0.3884297520661157,0.3884297520661157,0.371900826446281,0.371900826446281,0.36363636363636365,0.36363636363636365,0.35537190082644626,0.35537190082644626,0.35537190082644626,0.35537190082644626,0.34710743801652894,0.34710743801652894,0.33884297520661155,0.3305785123966942,0.3305785123966942,0.32231404958677684,0.30578512396694213,0.30578512396694213,0.2809917355371901,0.2809917355371901,0.2809917355371901,0.2809917355371901,0.2727272727272727,0.2727272727272727,0.24793388429752067,0.18181818181818182
SS,1.0,0.9917355371900827,0.9834710743801653,0.9752066115702479,0.9669421487603306,0.9586776859504132,0.9504132231404959,0.9421487603305785,0.9338842975206612,0.9256198347107438,0.9173553719008265,0.9090909090909091,0.9008264462809917,0.8512396694214877,0.8429752066115702,0.8347107438016529,0.8264462809917356,0.6611570247933884,0.6528925619834711,0.6528925619834711,0.6446280991735537,0.6363636363636364,0.6363636363636364,0.6363636363636364,0.628099173553719,0.6198347107438017,0.6198347107438017,0.5867768595041323,0.2975206611570248,0.2975206611570248,0.2975206611570248,0.2975206611570248,0.2644628099173554,0.2644628099173554,0.256198347107438,0.24793388429752067,0.24793388429752067,0.24793388429752067,0.24793388429752067,0.24793388429752067,0.24793388429752067,0.24793388429752067,0.2396694214876033,0.2396694214876033,0.2396694214876033,0.2396694214876033,0.2396694214876033,0.23140495867768596,0.2231404958677686,0.21487603305785125
SS,1.0,0.9917355371900827,0.9834710743801653,0.9752066115702479,0.9669421487603306,0.9504132231404959,0.9421487603305785,0.9338842975206612,0.9256198347107438,0.9173553719008265,0.9090909090909091,0.9008264462809917,0.8925619834710744,0.8842975206611571,0.8760330578512396,0.8677685950413223,0.859504132231405,0.8512396694214877,0.8181818181818182,0.8099173553719008,0.8099173553719008,0.7603305785123967,0.743801652892562,0.7355371900826446,0.7272727272727273,0.71900826446281,0.7107438016528925,0.7024793388429752,0.6611570247933884,0.6528925619834711,0.6363636363636364,0.628099173553719,0.6198347107438017,0.3305785123966942,0.32231404958677684,0.32231404958677684,0.32231404958677684,0.32231404958677684,0.32231404958677684,0.2892561983471074,0.2892561983471074,0.2727272727272727,0.2727272727272727,0.2727272727272727,0.2644628099173554,0.2644628099173554,0.256198347107438,0.256198347107438,0.256198347107438,0.24793388429752067
SS,1.0,0.9917355371900827,0.9834710743801653,0.9752066115702479,0.9669421487603306,0.9586776859504132,0.9504132231404959,0.9421487603305785,0.9256198347107438,0.9173553719008265,0.8760330578512396,0.8677685950413223,0.8512396694214877,0.8429752066115702,0.6942148760330579,0.6859504132231405,0.6859504132231405,0.6776859504132231,0.6694214876033058,0.6694214876033058,0.6611570247933884,0.6611570247933884,0.6611570247933884,0.6528925619834711,0.6446280991735537,0.6363636363636364,0.6363636363636364,0.49586776859504134,0.4793388429752066,0.47107438016528924,0.4628099173553719,0.45454545454545453,0.45454545454545453,0.45454545454545453,0.4462809917355372,0.4380165289256198,0.4297520661157025,0.4297520661157025,0.2809917355371901,0.2809917355371901,0.2727272727272727,0.23140495867768596,0.23140495867768596,0.21487603305785125,0.21487603305785125,0.21487603305785125,0.2066115702479339,0.19834710743801653,0.18181818181818182,0.17355371900826447
SS,1.0,0.9256198347107438,0.9173553719008265,0.9090909090909091,0.9008264462809917,0.8925619834710744,0.8842975206611571,0.8842975206611571,0.8760330578512396,0.7851239669421488,0.7768595041322314,0.768595041322314,0.7603305785123967,0.7520661157024794,0.743801652892562,0.743801652892562,0.7355371900826446,0.7272727272727273,0.71900826446281,0.7107438016528925,0.7024793388429752,0.6942148760330579,0.6859504132231405,0.6776859504132231,0.6694214876033058,0.6611570247933884,0.6528925619834711,0.6446280991735537,0.6363636363636364,0.6363636363636364,0.6198347107438017,0.6115702479338843,0.5950413223140496,0.5950413223140496,0.5950413223140496,0.5785123966942148,0.5702479338842975,0.5702479338842975,0.5619834710743802,0.5206611570247934,0.512396694214876,0.512396694214876,0.5041322314049587,0.49586776859504134,0.48760330578512395,0.45454545454545453,0.45454545454545453,0.39669421487603307,0.3884297520661157,0.3884297520661157
SS,1.0,0.9917355371900827,0.9834710743801653,0.9752066115702479,0.9338842975206612,0.9256198347107438,0.9173553719008265,0.9090909090909091,0.9008264462809917,0.8925619834710744,0.8842975206611571,0.8760330578512396,0.8677685950413223,0.859504132231405,0.8512396694214877,0.8347107438016529,0.8264462809917356,0.8181818181818182,0.8099173553719008,0.8016528925619835,0.7768595041322314,0.768595041322314,0.7603305785123967,0.743801652892562,0.7355371900826446,0.7272727272727273,0.71900826446281,0.71900826446281,0.71900826446281,0.7107438016528925,0.7024793388429752,0.6942148760330579,0.6859504132231405,0.5537190082644629,0.5454545454545454,0.5371900826446281,0.5289256198347108,0.48760330578512395,0.48760330578512395,0.4793388429752066,0.47107438016528924,0.4628099173553719,0.4628099173553719,0.4214876033057851,0.4132231404958678,0.2396694214876033,0.2396694214876033,0.2396694214876033,0.23140495867768596,0.23140495867768596
SS,1.0,0.9917355371900827,0.9834710743801653,0.9752066115702479,0.9669421487603306,0.9586776859504132,0.9504132231404959,0.9421487603305785,0.9338842975206612,0.9256198347107438,0.9173553719008265,0.9090909090909091,0.9008264462809917,0.8925619834710744,0.8842975206611571,0.8429752066115702,0.8347107438016529,0.8181818181818182,0.8099173553719008,0.8016528925619835,0.39669421487603307,0.39669421487603307,0.39669421487603307,0.39669421487603307,0.3884297520661157,0.3884297520661157,0.3884297520661157,0.38016528925619836,0.371900826446281,0.371900826446281,0.371900826446281,0.36363636363636365,0.36363636363636365,0.36363636363636365,0.36363636363636365,0.35537190082644626,0.35537190082644626,0.34710743801652894,0.33884297520661155,0.3305785123966942,0.3305785123966942,0.32231404958677684,0.3140495867768595,0.3140495867768595,0.3140495867768595,0.30578512396694213,0.2975206611570248,0.2975206611570248,0.2975206611570248,0.2975206611570248
SS,1.0,0.9917355371900827,0.9834710743801653,0.9752066115702479,0.9586776859504132,0.9504132231404959,0.9421487603305785,0.9338842975206612,0.9256198347107438,0.9173553719008265,0.743801652892562,0.743801652892562,0.7355371900826446,0.7272727272727273,0.71900826446281,0.71900826446281,0.7107438016528925,0.7024793388429752,0.6942148760330579,0.6859504132231405,0.6776859504132231,0.6611570247933884,0.6528925619834711,0.6528925619834711,0.6528925619834711,0.6528925619834711,0.6446280991735537,0.6033057851239669,0.6033057851239669,0.6033057851239669,0.5950413223140496,0.5867768595041323,0.5785123966942148,0.5702479338842975,0.5289256198347108,0.5206611570247934,0.5206611570247934,0.512396694214876,0.512396694214876,0.32231404958677684,0.32231404958677684,0.3140495867768595,0.2727272727272727,0.2644628099173554,0.2644628099173554,0.2644628099173554,0.2644628099173554,0.2644628099173554,0.23140495867768596,0.23140495867768596
SS,1.0,0.9917355371900827,0.9834710743801653,0.9752066115702479,0.9586776859504132,0.9421487603305785,0.9008264462809917,0.8677685950413223,0.859504132231405,0.8512396694214877,0.8347107438016529,0.8264462809917356,0.8181818181818182,0.8099173553719008,0.8016528925619835,0.7933884297520661,0.7851239669421488,0.7768595041322314,0.7603305785123967,0.7520661157024794,0.6611570247933884,0.6528925619834711,0.6446280991735537,0.6446280991735537,0.6446280991735537,0.6363636363636364,0.628099173553719,0.6198347107438017,0.6115702479338843,0.5619834710743802,0.5619834710743802,0.5619834710743802,0.5619834710743802,0.5619834710743802,0.5537190082644629,0.5454545454545454,0.5371900826446281,0.5371900826446281,0.5289256198347108,0.2727272727272727,0.2727272727272727,0.2644628099173554,0.256198347107438,0.256198347107438,0.24793388429752067,0.24793388429752067,0.2396694214876033,0.2396694214876033,0.2396694214876033,0.2231404958677686
SC,1.0,0.9917355371900827,0.9834710743801653,0.9752066115702479,0.9669421487603306,0.9586776859504132,0.9504132231404959,0.9421487603305785,0.9338842975206612,0.9256198347107438,0.9173553719008265,0.9090909090909091,0.9008264462809917,0.8925619834710744,0.6528925619834711,0.6446280991735537,0.6363636363636364,0.6198347107438017,0.6115702479338843,0.6115702479338843,0.6033057851239669,0.5785123966942148,0.5785123966942148,0.5785123966942148,0.5702479338842975,0.5619834710743802,0.5537190082644629,0.5206611570247934,0.5206611570247934,0.5041322314049587,0.49586776859504134,0.48760330578512395,0.48760330578512395,0.4793388429752066,0.47107438016528924,0.4628099173553719,0.4462809917355372,0.4380165289256198,0.4297520661157025,0.4297520661157025,0.4297520661157025,0.4297520661157025,0.4214876033057851,0.4132231404958678,0.3140495867768595,0.18181818181818182,0.18181818181818182,0.18181818181818182,0.18181818181818182,0.18181818181818182
SC,1.0,0.9917355371900827,0.9834710743801653,0.9752066115702479,0.9669421487603306,0.9586776859504132,0.9504132231404959,0.9421487603305785,0.9008264462809917,0.8925619834710744,0.8842975206611571,0.8760330578512396,0.8677685950413223,0.8512396694214877,0.8429752066115702,0.8264462809917356,0.7933884297520661,0.7851239669421488,0.7768595041322314,0.7603305785123967,0.7603305785123967,0.7272727272727273,0.71900826446281,0.6942148760330579,0.6859504132231405,0.6776859504132231,0.6694214876033058,0.6611570247933884,0.6528925619834711,0.6446280991735537,0.6363636363636364,0.6363636363636364,0.628099173553719,0.6198347107438017,0.5537190082644629,0.5454545454545454,0.5371900826446281,0.5371900826446281,0.5289256198347108,0.3140495867768595,0.3140495867768595,0.3140495867768595,0.30578512396694213,0.30578512396694213,0.2892561983471074,0.2892561983471074,0.2809917355371901,0.2727272727272727,0.18181818181818182,0.18181818181818182
SC,1.0,0.9752066115702479,0.9669421487603306,0.9586776859504132,0.9504132231404959,0.9421487603305785,0.9338842975206612,0.9256198347107438,0.9173553719008265,0.8925619834710744,0.8347107438016529,0.8264462809917356,0.8181818181818182,0.8099173553719008,0.8016528925619835,0.7933884297520661,0.7768595041322314,0.7520661157024794,0.743801652892562,0.7355371900826446,0.6776859504132231,0.6776859504132231,0.6694214876033058,0.6611570247933884,0.6528925619834711,0.6446280991735537,0.6363636363636364,0.628099173553719,0.628099173553719,0.5950413223140496,0.5867768595041323,0.5619834710743802,0.5537190082644629,0.2727272727272727,0.2727272727272727,0.2727272727272727,0.2644628099173554,0.256198347107438,0.24793388429752067,0.24793388429752067,0.2396694214876033,0.2396694214876033,0.2396694214876033,0.23140495867768596,0.23140495867768596,0.23140495867768596,0.23140495867768596,0.23140495867768596,0.23140495867768596,0.23140495867768596
SC,1.0,0.9752066115702479,0.9669421487603306,0.9586776859504132,0.9504132231404959,0.8842975206611571,0.8760330578512396,0.8677685950413223,0.859504132231405,0.8512396694214877,0.8429752066115702,0.8347107438016529,0.8264462809917356,0.7933884297520661,0.7851239669421488,0.7768595041322314,0.7768595041322314,0.743801652892562,0.7355371900826446,0.7272727272727273,0.71900826446281,0.71900826446281,0.7107438016528925,0.6942148760330579,0.6694214876033058,0.6611570247933884,0.6611570247933884,0.6528925619834711,0.6528925619834711,0.6446280991735537,0.628099173553719,0.6198347107438017,0.6115702479338843,0.6033057851239669,0.6033057851239669,0.5950413223140496,0.5950413223140496,0.5867768595041323,0.5537190082644629,0.5371900826446281,0.5206611570247934,0.4793388429752066,0.47107438016528924,0.4628099173553719,0.45454545454545453,0.4214876033057851,0.35537190082644626,0.34710743801652894,0.33884297520661155,0.33884297520661155
SC,1.0,0.9917355371900827,0.9834710743801653,0.9752066115702479,0.9669421487603306,0.9421487603305785,0.9173553719008265,0.9090909090909091,0.9008264462809917,0.8925619834710744,0.8842975206611571,0.8760330578512396,0.8677685950413223,0.859504132231405,0.8512396694214877,0.8429752066115702,0.8347107438016529,0.7603305785123967,0.7520661157024794,0.743801652892562,0.7355371900826446,0.7272727272727273,0.71900826446281,0.7107438016528925,0.7024793388429752,0.7024793388429752,0.7024793388429752,0.6942148760330579,0.6776859504132231,0.6446280991735537,0.6363636363636364,0.628099173553719,0.628099173553719,0.6198347107438017,0.6115702479338843,0.6033057851239669,0.49586776859504134,0.49586776859504134,0.48760330578512395,0.48760330578512395,0.4793388429752066,0.4793388429752066,0.47107438016528924,0.47107438016528924,0.4628099173553719,0.4628099173553719,0.2727272727272727,0.2727272727272727,0.2727272727272727,0.18181818181818182
SC,1.0,0.9917355371900827,0.9586776859504132,0.9504132231404959,0.8842975206611571,0.8760330578512396,0.8677685950413223,0.8512396694214877,0.8264462809917356,0.8181818181818182,0.8099173553719008,0.8016528925619835,0.768595041322314,0.768595041322314,0.7603305785123967,0.7520661157024794,0.743801652892562,0.743801652892562,0.743801652892562,0.6859504132231405,0.6859504132231405,0.6859504132231405,0.6776859504132231,0.6776859504132231,0.6694214876033058,0.6611570247933884,0.6528925619834711,0.6446280991735537,0.6363636363636364,0.628099173553719,0.6198347107438017,0.6115702479338843,0.6033057851239669,0.5950413223140496,0.5867768595041323,0.5785123966942148,0.5702479338842975,0.5619834710743802,0.5454545454545454,0.5454545454545454,0.5371900826446281,0.5289256198347108,0.5206611570247934,0.512396694214876,0.5041322314049587,0.48760330578512395,0.48760330578512395,0.48760330578512395,0.4793388429752066,0.4628099173553719
SC,1.0,0.9917355371900827,0.9834710743801653,0.9173553719008265,0.9090909090909091,0.9008264462809917,0.8677685950413223,0.7851239669421488,0.7768595041322314,0.7768595041322314,0.743801652892562,0.7355371900826446,0.7272727272727273,0.7272727272727273,0.7107438016528925,0.7024793388429752,0.6942148760330579,0.6859504132231405,0.6776859504132231,0.6776859504132231,0.6694214876033058,0.3305785123966942,0.3305785123966942,0.32231404958677684,0.32231404958677684,0.3140495867768595,0.2892561983471074,0.2809917355371901,0.2809917355371901,0.23140495867768596,0.23140495867768596,0.23140495867768596,0.2231404958677686,0.2231404958677686,0.2231404958677686,0.21487603305785125,0.2066115702479339,0.19834710743801653,0.19834710743801653,0.19834710743801653,0.19834710743801653,0.19008264462809918,0.19008264462809918,0.18181818181818182,0.18181818181818182,0.18181818181818182,0.18181818181818182,0.18181818181818182,0.17355371900826447,0.17355371900826447
SC,1.0,0.9917355371900827,0.9752066115702479,0.9669421487603306,0.9586776859504132,0.9504132231404959,0.8760330578512396,0.8677685950413223,0.859504132231405,0.8512396694214877,0.8429752066115702,0.8347107438016529,0.8264462809917356,0.8016528925619835,0.7933884297520661,0.7851239669421488,0.7768595041322314,0.768595041322314,0.7355371900826446,0.7355371900826446,0.7355371900826446,0.4462809917355372,0.4462809917355372,0.4380165289256198,0.3884297520661157,0.3884297520661157,0.3884297520661157,0.3884297520661157,0.371900826446281,0.36363636363636365,0.35537190082644626,0.34710743801652894,0.34710743801652894,0.34710743801652894,0.33884297520661155,0.3305785123966942,0.3305785123966942,0.3305785123966942,0.30578512396694213,0.2975206611570248,0.2975206611570248,0.2975206611570248,0.2975206611570248,0.2892561983471074,0.2892561983471074,0.2892561983471074,0.2892561983471074,0.2892561983471074,0.2809917355371901,0.2727272727272727
SC,1.0,0.9834710743801653,0.9752066115702479,0.9669421487603306,0.9586776859504132,0.9504132231404959,0.9421487603305785,0.9338842975206612,0.9256198347107438,0.9173553719008265,0.9090909090909091,0.9008264462809917,0.8925619834710744,0.859504132231405,0.8512396694214877,0.8429752066115702,0.8347107438016529,0.8264462809917356,0.8181818181818182,0.8099173553719008,0.8016528925619835,0.7933884297520661,0.7851239669421488,0.7851239669421488,0.7768595041322314,0.768595041322314,0.7520661157024794,0.743801652892562,0.7272727272727273,0.71900826446281,0.6446280991735537,0.6363636363636364,0.628099173553719,0.6198347107438017,0.6115702479338843,0.6115702479338843,0.5454545454545454,0.5454545454545454,0.5454545454545454,0.5371900826446281,0.5289256198347108,0.5289256198347108,0.5206611570247934,0.512396694214876,0.4793388429752066,0.4793388429752066,0.4793388429752066,0.4793388429752066,0.256198347107438,0.21487603305785125
SC,1.0,0.9917355371900827,0.9834710743801653,0.9669421487603306,0.9586776859504132,0.9504132231404959,0.9338842975206612,0.9256198347107438,0.7933884297520661,0.7851239669421488,0.7768595041322314,0.768595041322314,0.7603305785123967,0.7520661157024794,0.71900826446281,0.7107438016528925,0.7024793388429752,0.6942148760330579,0.6859504132231405,0.6776859504132231,0.6694214876033058,0.6611570247933884,0.6446280991735537,0.6198347107438017,0.6198347107438017,0.6115702479338843,0.6033057851239669,0.6033057851239669,0.5785123966942148,0.5702479338842975,0.5619834710743802,0.5619834710743802,0.5537190082644629,0.5537190082644629,0.5371900826446281,0.5289256198347108,0.5206611570247934,0.512396694214876,0.512396694214876,0.5041322314049587,0.49586776859504134,0.49586776859504134,0.4297520661157025,0.4214876033057851,0.4214876033057851,0.4132231404958678,0.4049586776859504,0.39669421487603307,0.3884297520661157,0.3884297520661157
SC,1.0,0.9917355371900827,0.9834710743801653,0.9752066115702479,0.9669421487603306,0.9586776859504132,0.9504132231404959,0.9421487603305785,0.9338842975206612,0.9256198347107438,0.9173553719008265,0.9090909090909091,0.9008264462809917,0.8925619834710744,0.8842975206611571,0.8760330578512396,0.8677685950413223,0.859504132231405,0.8512396694214877,0.8429752066115702,0.8347107438016529,0.8264462809917356,0.8181818181818182,0.8016528925619835,0.7933884297520661,0.7851239669421488,0.7768595041322314,0.7024793388429752,0.6859504132231405,0.6776859504132231,0.6611570247933884,0.6611570247933884,0.6528925619834711,0.6446280991735537,0.628099173553719,0.6198347107438017,0.6033057851239669,0.5950413223140496,0.32231404958677684,0.32231404958677684,0.256198347107438,0.256198347107438,0.256198347107438,0.256198347107438,0.24793388429752067,0.2396694214876033,0.2396694214876033,0.2396694214876033,0.2396694214876033,0.23140495867768596
SC,1.0,0.9917355371900827,0.9834710743801653,0.9752066115702479,0.9669421487603306,0.9504132231404959,0.9421487603305785,0.9090909090909091,0.8347107438016529,0.8264462809917356,0.8264462809917356,0.7355371900826446,0.71900826446281,0.7024793388429752,0.6942148760330579,0.6859504132231405,0.6611570247933884,0.6528925619834711,0.6363636363636364,0.628099173553719,0.628099173553719,0.628099173553719,0.628099173553719,0.6198347107438017,0.6115702479338843,0.5867768595041323,0.5867768595041323,0.5867768595041323,0.5785123966942148,0.5785123966942148,0.5702479338842975,0.5619834710743802,0.5619834710743802,0.5537190082644629,0.5454545454545454,0.5371900826446281,0.5206611570247934,0.5206611570247934,0.45454545454545453,0.45454545454545453,0.4462809917355372,0.4462809917355372,0.4214876033057851,0.4132231404958678,0.3305785123966942,0.3305785123966942,0.32231404958677684,0.3140495867768595,0.30578512396694213,0.30578512396694213
SC,1.0,0.9917355371900827,0.9834710743801653,0.9752066115702479,0.9669421487603306,0.8842975206611571,0.8760330578512396,0.8677685950413223,0.859504132231405,0.8512396694214877,0.8347107438016529,0.8016528925619835,0.7933884297520661,0.7851239669421488,0.7520661157024794,0.743801652892562,0.7355371900826446,0.7355371900826446,0.7272727272727273,0.7107438016528925,0.7107438016528925,0.7024793388429752,0.6942148760330579,0.6776859504132231,0.6694214876033058,0.6363636363636364,0.628099173553719,0.6198347107438017,0.6198347107438017,0.6115702479338843,0.6115702479338843,0.6033057851239669,0.5950413223140496,0.5867768595041323,0.5702479338842975,0.5537190082644629,0.5537190082644629,0.5454545454545454,0.5206611570247934,0.512396694214876,0.5041322314049587,0.49586776859504134,0.4628099173553719,0.45454545454545453,0.45454545454545453,0.4462809917355372,0.4380165289256198,0.4380165289256198,0.4297520661157025,0.4132231404958678
SC,1.0,0.9917355371900827,0.9834710743801653,0.9752066115702479,0.9669421487603306,0.9586776859504132,0.9421487603305785,0.9338842975206612,0.9256198347107438,0.9173553719008265,0.9090909090909091,0.9008264462809917,0.8677685950413223,0.859504132231405,0.8512396694214877,0.8429752066115702,0.8347107438016529,0.8264462809917356,0.8181818181818182,0.8099173553719008,0.7933884297520661,0.7851239669421488,0.743801652892562,0.7355371900826446,0.7272727272727273,0.71900826446281,0.7107438016528925,0.6859504132231405,0.6776859504132231,0.6776859504132231,0.6446280991735537,0.6446280991735537,0.6363636363636364,0.628099173553719,0.38016528925619836,0.38016528925619836,0.371900826446281,0.36363636363636365,0.36363636363636365,0.36363636363636365,0.35537190082644626,0.35537190082644626,0.33884297520661155,0.33884297520661155,0.33884297520661155,0.3305785123966942,0.32231404958677684,0.3140495867768595,0.3140495867768595,0.3140495867768595
SC,1.0,0.9917355371900827,0.9752066115702479,0.9669421487603306,0.9586776859504132,0.9504132231404959,0.9421487603305785,0.9256198347107438,0.9173553719008265,0.9173553719008265,0.9090909090909091,0.9008264462809917,0.8925619834710744,0.8842975206611571,0.859504132231405,0.8512396694214877,0.8347107438016529,0.8264462809917356,0.5950413223140496,0.5867768595041323,0.5867768595041323,0.5785123966942148,0.512396694214876,0.5041322314049587,0.49586776859504134,0.49586776859504134,0.49586776859504134,0.4462809917355372,0.4380165289256198,0.4297520661157025,0.4297520661157025,0.4214876033057851,0.4214876033057851,0.4214876033057851,0.371900826446281,0.36363636363636365,0.34710743801652894,0.30578512396694213,0.30578512396694213,0.2644628099173554,0.2644628099173554,0.256198347107438,0.256198347107438,0.256198347107438,0.256198347107438,0.24793388429752067,0.24793388429752067,0.24793388429752067,0.2396694214876033,0.2396694214876033
SC,1.0,0.9917355371900827,0.9669421487603306,0.9586776859504132,0.9504132231404959,0.9421487603305785,0.9338842975206612,0.9256198347107438,0.9173553719008265,0.9090909090909091,0.8925619834710744,0.8842975206611571,0.8760330578512396,0.8347107438016529,0.8264462809917356,0.8181818181818182,0.8181818181818182,0.8099173553719008,0.8016528925619835,0.7933884297520661,0.7933884297520661,0.7851239669421488,0.7851239669421488,0.768595041322314,0.7520661157024794,0.743801652892562,0.7355371900826446,0.7272727272727273,0.71900826446281,0.7107438016528925,0.6859504132231405,0.6776859504132231,0.6694214876033058,0.6611570247933884,0.35537190082644626,0.35537190082644626,0.35537190082644626,0.35537190082644626,0.34710743801652894,0.34710743801652894,0.34710743801652894,0.33884297520661155,0.33884297520661155,0.33884297520661155,0.3305785123966942,0.32231404958677684,0.32231404958677684,0.2809917355371901,0.2809917355371901,0.2809917355371901
SC,1.0,0.9917355371900827,0.9834710743801653,0.9586776859504132,0.9504132231404959,0.9421487603305785,0.7933884297520661,0.7768595041322314,0.6942148760330579,0.6942148760330579,0.6859504132231405,0.6859504132231405,0.6776859504132231,0.6694214876033058,0.6611570247933884,0.6446280991735537,0.6446280991735537,0.6363636363636364,0.6115702479338843,0.6033057851239669,0.6033057851239669,0.5950413223140496,0.5867768595041323,0.5785123966942148,0.5702479338842975,0.5619834710743802,0.5537190082644629,0.5454545454545454,0.5371900826446281,0.5289256198347108,0.5206611570247934,0.5206611570247934,0.512396694214876,0.512396694214876,0.5041322314049587,0.47107438016528924,0.45454545454545453,0.4462809917355372,0.4380165289256198,0.4297520661157025,0.4214876033057851,0.4132231404958678,0.2066115702479339,0.2066115702479339,0.19834710743801653,0.19834710743801653,0.19834710743801653,0.18181818181818182,0.18181818181818182,0.18181818181818182
SC,1.0,0.9917355371900827,0.9834710743801653,0.9752066115702479,0.9669421487603306,0.9586776859504132,0.9338842975206612,0.9256198347107438,0.9173553719008265,0.9090909090909091,0.9008264462809917,0.8925619834710744,0.8760330578512396,0.8677685950413223,0.859504132231405,0.8512396694214877,0.8429752066115702,0.8347107438016529,0.8264462809917356,0.8181818181818182,0.8099173553719008,0.8016528925619835,0.7933884297520661,0.7768595041322314,0.7768595041322314,0.768595041322314,0.7272727272727273,0.7024793388429752,0.6859504132231405,0.6776859504132231,0.6694214876033058,0.6611570247933884,0.6528925619834711,0.6446280991735537,0.6363636363636364,0.628099173553719,0.628099173553719,0.6115702479338843,0.6033057851239669,0.5950413223140496,0.5867768595041323,0.5785123966942148,0.5702479338842975,0.5619834710743802,0.5537190082644629,0.5454545454545454,0.5371900826446281,0.5289256198347108,0.5206611570247934,0.2727272727272727
SC,1.0,0.9917355371900827,0.9834710743801653,0.9752066115702479,0.9669421487603306,0.9008264462809917,0.8925619834710744,0.8760330578512396,0.8677685950413223,0.859504132231405,0.8512396694214877,0.8429752066115702,0.8347107438016529,0.8016528925619835,0.7933884297520661,0.7933884297520661,0.7851239669421488,0.768595041322314,0.768595041322314,0.768595041322314,0.7603305785123967,0.743801652892562,0.7355371900826446,0.7272727272727273,0.71900826446281,0.71900826446281,0.7107438016528925,0.7024793388429752,0.6942148760330579,0.6942148760330579,0.6942148760330579,0.6776859504132231,0.6694214876033058,0.6611570247933884,0.6528925619834711,0.628099173553719,0.6198347107438017,0.3305785123966942,0.32231404958677684,0.32231404958677684,0.3140495867768595,0.30578512396694213,0.2975206611570248,0.2975206611570248,0.2644628099173554,0.2644628099173554,0.2644628099173554,0.23140495867768596,0.23140495867768596,0.23140495867768596
SC,1.0,0.9917355371900827,0.9834710743801653,0.9586776859504132,0.9504132231404959,0.9338842975206612,0.9256198347107438,0.9173553719008265,0.9090909090909091,0.9008264462809917,0.8925619834710744,0.8842975206611571,0.8760330578512396,0.8677685950413223,0.859504132231405,0.8429752066115702,0.8181818181818182,0.8099173553719008,0.8016528925619835,0.768595041322314,0.768595041322314,0.7603305785123967,0.6611570247933884,0.6363636363636364,0.6363636363636364,0.6363636363636364,0.628099173553719,0.628099173553719,0.6198347107438017,0.6198347107438017,0.5867768595041323,0.5867768595041323,0.5867768595041323,0.5867768595041323,0.5867768595041323,0.5785123966942148,0.5702479338842975,0.5619834710743802,0.5619834710743802,0.5537190082644629,0.5537190082644629,0.5454545454545454,0.5454545454545454,0.5371900826446281,0.5371900826446281,0.5289256198347108,0.5289256198347108,0.5206611570247934,0.512396694214876,0.49586776859504134
