Region ID;Region Name;Region pixels;Region area;Area unit;Object count;Object pixels;Object area;Area unit;Load
0;Clear Label;0;0;pixels;21;185;185;pixels;0
997;root;504727;504.727.432.129;pixels;16;148;148;pixels;0.000293
8;Basic cell groups and regions;0;0;pixels;0;0;0;pixels;0
567;Cerebrum;0;0;pixels;0;0;0;pixels;0
688;Cerebral cortex;0;0;pixels;0;0;0;pixels;0
695;Cortical plate;0;0;pixels;0;0;0;pixels;0
315;Isocortex;0;0;pixels;0;0;0;pixels;0
184;Frontal pole, cerebral cortex;0;0;pixels;0;0;0;pixels;0
68;Frontal pole, layer 1;0;0;pixels;0;0;0;pixels;0
667;Frontal pole, layer 2/3;0;0;pixels;0;0;0;pixels;0
526157192;Frontal pole, layer 5;0;0;pixels;0;0;0;pixels;0
526157196;Frontal pole, layer 6a;0;0;pixels;0;0;0;pixels;0
526322264;Frontal pole, layer 6b;0;0;pixels;0;0;0;pixels;0
500;Somatomotor areas;0;0;pixels;0;0;0;pixels;0
107;Somatomotor areas, Layer 1;0;0;pixels;0;0;0;pixels;0
219;Somatomotor areas, Layer 2/3;0;0;pixels;0;0;0;pixels;0
299;Somatomotor areas, Layer 5;0;0;pixels;0;0;0;pixels;0
644;Somatomotor areas, Layer 6a;0;0;pixels;0;0;0;pixels;0
947;Somatomotor areas, Layer 6b;0;0;pixels;0;0;0;pixels;0
985;Primary motor area;0;0;pixels;0;0;0;pixels;0
320;Primary motor area, Layer 1;0;0;pixels;0;0;0;pixels;0
943;Primary motor area, Layer 2/3;0;0;pixels;0;0;0;pixels;0
648;Primary motor area, Layer 5;0;0;pixels;0;0;0;pixels;0
844;Primary motor area, Layer 6a;0;0;pixels;0;0;0;pixels;0
882;Primary motor area, Layer 6b;0;0;pixels;0;0;0;pixels;0
993;Secondary motor area;0;0;pixels;0;0;0;pixels;0
656;Secondary motor area, layer 1;0;0;pixels;0;0;0;pixels;0
962;Secondary motor area, layer 2/3;0;0;pixels;0;0;0;pixels;0
767;Secondary motor area, layer 5;0;0;pixels;0;0;0;pixels;0
1021;Secondary motor area, layer 6a;0;0;pixels;0;0;0;pixels;0
1085;Secondary motor area, layer 6b;0;0;pixels;0;0;0;pixels;0
453;Somatosensory areas;0;0;pixels;0;0;0;pixels;0
12993;Somatosensory areas, layer 1;0;0;pixels;0;0;0;pixels;0
12994;Somatosensory areas, layer 2/3;0;0;pixels;0;0;0;pixels;0
12995;Somatosensory areas, layer 4;0;0;pixels;0;0;0;pixels;0
12996;Somatosensory areas, layer 5;0;0;pixels;0;0;0;pixels;0
12997;Somatosensory areas, layer 6a;0;0;pixels;0;0;0;pixels;0
12998;Somatosensory areas, layer 6b;0;0;pixels;0;0;0;pixels;0
322;Primary somatosensory area;0;0;pixels;0;0;0;pixels;0
793;Primary somatosensory area, layer 1;0;0;pixels;0;0;0;pixels;0
346;Primary somatosensory area, layer 2/3;0;0;pixels;0;0;0;pixels;0
865;Primary somatosensory area, layer 4;0;0;pixels;0;0;0;pixels;0
921;Primary somatosensory area, layer 5;0;0;pixels;0;0;0;pixels;0
686;Primary somatosensory area, layer 6a;0;0;pixels;0;0;0;pixels;0
719;Primary somatosensory area, layer 6b;0;0;pixels;0;0;0;pixels;0
353;Primary somatosensory area, nose;0;0;pixels;0;0;0;pixels;0
558;Primary somatosensory area, nose, layer 1;0;0;pixels;0;0;0;pixels;0
838;Primary somatosensory area, nose, layer 2/3;0;0;pixels;0;0;0;pixels;0
654;Primary somatosensory area, nose, layer 4;0;0;pixels;0;0;0;pixels;0
702;Primary somatosensory area, nose, layer 5;0;0;pixels;0;0;0;pixels;0
889;Primary somatosensory area, nose, layer 6a;0;0;pixels;0;0;0;pixels;0
929;Primary somatosensory area, nose, layer 6b;0;0;pixels;0;0;0;pixels;0
329;Primary somatosensory area, barrel field;0;0;pixels;0;0;0;pixels;0
981;Primary somatosensory area, barrel field, layer 1;0;0;pixels;0;0;0;pixels;0
201;Primary somatosensory area, barrel field, layer 2/3;0;0;pixels;0;0;0;pixels;0
1047;Primary somatosensory area, barrel field, layer 4;0;0;pixels;0;0;0;pixels;0
1070;Primary somatosensory area, barrel field, layer 5;0;0;pixels;0;0;0;pixels;0
1038;Primary somatosensory area, barrel field, layer 6a;0;0;pixels;0;0;0;pixels;0
1062;Primary somatosensory area, barrel field, layer 6b;0;0;pixels;0;0;0;pixels;0
480149202;Rostrolateral lateral visual area;0;0;pixels;0;0;0;pixels;0
480149206;Rostrolateral lateral visual area, layer 1;0;0;pixels;0;0;0;pixels;0
480149210;Rostrolateral lateral visual area, layer 2/3;0;0;pixels;0;0;0;pixels;0
480149214;Rostrolateral lateral visual area, layer 4;0;0;pixels;0;0;0;pixels;0
480149218;Rostrolateral lateral visual area,layer 5;0;0;pixels;0;0;0;pixels;0
480149222;Rostrolateral lateral visual area, layer 6a;0;0;pixels;0;0;0;pixels;0
480149226;Rostrolateral lateral visual area, layer 6b;0;0;pixels;0;0;0;pixels;0
337;Primary somatosensory area, lower limb;0;0;pixels;0;0;0;pixels;0
1030;Primary somatosensory area, lower limb, layer 1;0;0;pixels;0;0;0;pixels;0
113;Primary somatosensory area, lower limb, layer 2/3;0;0;pixels;0;0;0;pixels;0
1094;Primary somatosensory area, lower limb, layer 4;0;0;pixels;0;0;0;pixels;0
1128;Primary somatosensory area, lower limb, layer 5;0;0;pixels;0;0;0;pixels;0
478;Primary somatosensory area, lower limb, layer 6a;0;0;pixels;0;0;0;pixels;0
510;Primary somatosensory area, lower limb, layer 6b;0;0;pixels;0;0;0;pixels;0
345;Primary somatosensory area, mouth;0;0;pixels;0;0;0;pixels;0
878;Primary somatosensory area, mouth, layer 1;0;0;pixels;0;0;0;pixels;0
657;Primary somatosensory area, mouth, layer 2/3;0;0;pixels;0;0;0;pixels;0
950;Primary somatosensory area, mouth, layer 4;0;0;pixels;0;0;0;pixels;0
974;Primary somatosensory area, mouth, layer 5;0;0;pixels;0;0;0;pixels;0
1102;Primary somatosensory area, mouth, layer 6a;0;0;pixels;0;0;0;pixels;0
2;Primary somatosensory area, mouth, layer 6b;0;0;pixels;0;0;0;pixels;0
369;Primary somatosensory area, upper limb;0;0;pixels;0;0;0;pixels;0
450;Primary somatosensory area, upper limb, layer 1;0;0;pixels;0;0;0;pixels;0
854;Primary somatosensory area, upper limb, layer 2/3;0;0;pixels;0;0;0;pixels;0
577;Primary somatosensory area, upper limb, layer 4;0;0;pixels;0;0;0;pixels;0
625;Primary somatosensory area, upper limb, layer 5;0;0;pixels;0;0;0;pixels;0
945;Primary somatosensory area, upper limb, layer 6a;0;0;pixels;0;0;0;pixels;0
1026;Primary somatosensory area, upper limb, layer 6b;0;0;pixels;0;0;0;pixels;0
361;Primary somatosensory area, trunk;0;0;pixels;0;0;0;pixels;0
1006;Primary somatosensory area, trunk, layer 1;0;0;pixels;0;0;0;pixels;0
670;Primary somatosensory area, trunk, layer 2/3;0;0;pixels;0;0;0;pixels;0
1086;Primary somatosensory area, trunk, layer 4;0;0;pixels;0;0;0;pixels;0
1111;Primary somatosensory area, trunk, layer 5;0;0;pixels;0;0;0;pixels;0
9;Primary somatosensory area, trunk, layer 6a;0;0;pixels;0;0;0;pixels;0
461;Primary somatosensory area, trunk, layer 6b;0;0;pixels;0;0;0;pixels;0
182305689;Primary somatosensory area, unassigned;0;0;pixels;0;0;0;pixels;0
182305693;Primary somatosensory area, unassigned, layer 1;0;0;pixels;0;0;0;pixels;0
182305697;Primary somatosensory area, unassigned, layer 2/3;0;0;pixels;0;0;0;pixels;0
182305701;Primary somatosensory area, unassigned, layer 4;0;0;pixels;0;0;0;pixels;0
182305705;Primary somatosensory area, unassigned, layer 5;0;0;pixels;0;0;0;pixels;0
182305709;Primary somatosensory area, unassigned, layer 6a;0;0;pixels;0;0;0;pixels;0
182305713;Primary somatosensory area, unassigned, layer 6b;0;0;pixels;0;0;0;pixels;0
378;Supplemental somatosensory area;0;0;pixels;0;0;0;pixels;0
873;Supplemental somatosensory area, layer 1;0;0;pixels;0;0;0;pixels;0
806;Supplemental somatosensory area, layer 2/3;0;0;pixels;0;0;0;pixels;0
1035;Supplemental somatosensory area, layer 4;0;0;pixels;0;0;0;pixels;0
1090;Supplemental somatosensory area, layer 5;0;0;pixels;0;0;0;pixels;0
862;Supplemental somatosensory area, layer 6a;0;0;pixels;0;0;0;pixels;0
893;Supplemental somatosensory area, layer 6b;0;0;pixels;0;0;0;pixels;0
1057;Gustatory areas;0;0;pixels;0;0;0;pixels;0
36;Gustatory areas, layer 1;0;0;pixels;0;0;0;pixels;0
180;Gustatory areas, layer 2/3;0;0;pixels;0;0;0;pixels;0
148;Gustatory areas, layer 4;0;0;pixels;0;0;0;pixels;0
187;Gustatory areas, layer 5;0;0;pixels;0;0;0;pixels;0
638;Gustatory areas, layer 6a;0;0;pixels;0;0;0;pixels;0
662;Gustatory areas, layer 6b;0;0;pixels;0;0;0;pixels;0
677;Visceral area;0;0;pixels;0;0;0;pixels;0
897;Visceral area, layer 1;0;0;pixels;0;0;0;pixels;0
1106;Visceral area, layer 2/3;0;0;pixels;0;0;0;pixels;0
1010;Visceral area, layer 4;0;0;pixels;0;0;0;pixels;0
1058;Visceral area, layer 5;0;0;pixels;0;0;0;pixels;0
857;Visceral area, layer 6a;0;0;pixels;0;0;0;pixels;0
849;Visceral area, layer 6b;0;0;pixels;0;0;0;pixels;0
247;Auditory areas;0;0;pixels;0;0;0;pixels;0
1011;Dorsal auditory area;0;0;pixels;0;0;0;pixels;0
527;Dorsal auditory area, layer 1;NA;NA;pixels;NA;NA;NA;pixels; NA
600;Dorsal auditory area, layer 2/3;NA;NA;pixels;NA;NA;NA;pixels; NA
678;Dorsal auditory area, layer 4;NA;NA;pixels;NA;NA;NA;pixels; NA
252;Dorsal auditory area, layer 5;NA;NA;pixels;NA;NA;NA;pixels; NA
156;Dorsal auditory area, layer 6a;NA;NA;pixels;NA;NA;NA;pixels; NA
243;Dorsal auditory area, layer 6b;NA;NA;pixels;NA;NA;NA;pixels; NA
480149230;Laterolateral anterior visual area;0;0;pixels;0;0;0;pixels;0
480149234;Laterolateral anterior visual area, layer 1;0;0;pixels;0;0;0;pixels;0
480149238;Laterolateral anterior visual area, layer 2/3;0;0;pixels;0;0;0;pixels;0
480149242;Laterolateral anterior visual area, layer 4;0;0;pixels;0;0;0;pixels;0
480149246;Laterolateral anterior visual area,layer 5;0;0;pixels;0;0;0;pixels;0
480149250;Laterolateral anterior visual area, layer 6a;0;0;pixels;0;0;0;pixels;0
480149254;Laterolateral anterior visual area, layer 6b;0;0;pixels;0;0;0;pixels;0
1002;Primary auditory area;0;0;pixels;0;0;0;pixels;0
735;Primary auditory area, layer 1;NA;NA;pixels;NA;NA;NA;pixels; NA
251;Primary auditory area, layer 2/3;NA;NA;pixels;NA;NA;NA;pixels; NA
816;Primary auditory area, layer 4;NA;NA;pixels;NA;NA;NA;pixels; NA
847;Primary auditory area, layer 5;NA;NA;pixels;NA;NA;NA;pixels; NA
954;Primary auditory area, layer 6a;NA;NA;pixels;NA;NA;NA;pixels; NA
1005;Primary auditory area, layer 6b;NA;NA;pixels;NA;NA;NA;pixels; NA
1027;Posterior auditory area;NA;NA;pixels;NA;NA;NA;pixels; NA
696;Posterior auditory area, layer 1;NA;NA;pixels;NA;NA;NA;pixels; NA
643;Posterior auditory area, layer 2/3;NA;NA;pixels;NA;NA;NA;pixels; NA
759;Posterior auditory area, layer 4;NA;NA;pixels;NA;NA;NA;pixels; NA
791;Posterior auditory area, layer 5;NA;NA;pixels;NA;NA;NA;pixels; NA
249;Posterior auditory area, layer 6a;NA;NA;pixels;NA;NA;NA;pixels; NA
456;Posterior auditory area, layer 6b;NA;NA;pixels;NA;NA;NA;pixels; NA
1018;Ventral auditory area;NA;NA;pixels;NA;NA;NA;pixels; NA
959;Ventral auditory area, layer 1;NA;NA;pixels;NA;NA;NA;pixels; NA
755;Ventral auditory area, layer 2/3;NA;NA;pixels;NA;NA;NA;pixels; NA
990;Ventral auditory area, layer 4;NA;NA;pixels;NA;NA;NA;pixels; NA
1023;Ventral auditory area, layer 5;NA;NA;pixels;NA;NA;NA;pixels; NA
520;Ventral auditory area, layer 6a;NA;NA;pixels;NA;NA;NA;pixels; NA
598;Ventral auditory area, layer 6b;NA;NA;pixels;NA;NA;NA;pixels; NA
669;Visual areas;NA;NA;pixels;NA;NA;NA;pixels; NA
801;Visual areas, layer 1;0;0;pixels;0;0;0;pixels;0
561;Visual areas, layer 2/3;0;0;pixels;0;0;0;pixels;0
913;Visual areas, layer 4;0;0;pixels;0;0;0;pixels;0
937;Visual areas, layer 5;0;0;pixels;0;0;0;pixels;0
457;Visual areas, layer 6a;0;0;pixels;0;0;0;pixels;0
497;Visual areas, layer 6b;0;0;pixels;0;0;0;pixels;0
402;Anterolateral visual area;0;0;pixels;0;0;0;pixels;0
1074;Anterolateral visual area, layer 1;NA;NA;pixels;NA;NA;NA;pixels; NA
905;Anterolateral visual area, layer 2/3;NA;NA;pixels;NA;NA;NA;pixels; NA
1114;Anterolateral visual area, layer 4;NA;NA;pixels;NA;NA;NA;pixels; NA
233;Anterolateral visual area, layer 5;NA;NA;pixels;NA;NA;NA;pixels; NA
601;Anterolateral visual area, layer 6a;NA;NA;pixels;NA;NA;NA;pixels; NA
649;Anterolateral visual area, layer 6b;NA;NA;pixels;NA;NA;NA;pixels; NA
394;Anteromedial visual area;NA;NA;pixels;NA;NA;NA;pixels; NA
281;Anteromedial visual area, layer 1;0;0;pixels;0;0;0;pixels;0
1066;Anteromedial visual area, layer 2/3;0;0;pixels;0;0;0;pixels;0
401;Anteromedial visual area, layer 4;0;0;pixels;0;0;0;pixels;0
433;Anteromedial visual area, layer 5;0;0;pixels;0;0;0;pixels;0
1046;Anteromedial visual area, layer 6a;0;0;pixels;0;0;0;pixels;0
441;Anteromedial visual area, layer 6b;0;0;pixels;0;0;0;pixels;0
409;Lateral visual area;0;0;pixels;0;0;0;pixels;0
421;Lateral visual area, layer 1;0;0;pixels;0;0;0;pixels;0
973;Lateral visual area, layer 2/3;0;0;pixels;0;0;0;pixels;0
573;Lateral visual area, layer 4;0;0;pixels;0;0;0;pixels;0
613;Lateral visual area, layer 5;0;0;pixels;0;0;0;pixels;0
74;Lateral visual area, layer 6a;0;0;pixels;0;0;0;pixels;0
121;Lateral visual area, layer 6b;0;0;pixels;0;0;0;pixels;0
385;Primary visual area;0;0;pixels;0;0;0;pixels;0
593;Primary visual area, layer 1;NA;NA;pixels;NA;NA;NA;pixels; NA
821;Primary visual area, layer 2/3;NA;NA;pixels;NA;NA;NA;pixels; NA
721;Primary visual area, layer 4;NA;NA;pixels;NA;NA;NA;pixels; NA
778;Primary visual area, layer 5;NA;NA;pixels;NA;NA;NA;pixels; NA
33;Primary visual area, layer 6a;NA;NA;pixels;NA;NA;NA;pixels; NA
305;Primary visual area, layer 6b;NA;NA;pixels;NA;NA;NA;pixels; NA
425;Posterolateral visual area;NA;NA;pixels;NA;NA;NA;pixels; NA
750;Posterolateral visual area, layer 1;0;0;pixels;0;0;0;pixels;0
269;Posterolateral visual area, layer 2/3;0;0;pixels;0;0;0;pixels;0
869;Posterolateral visual area, layer 4;0;0;pixels;0;0;0;pixels;0
902;Posterolateral visual area, layer 5;0;0;pixels;0;0;0;pixels;0
377;Posterolateral visual area, layer 6a;0;0;pixels;0;0;0;pixels;0
393;Posterolateral visual area, layer 6b;0;0;pixels;0;0;0;pixels;0
533;posteromedial visual area;0;0;pixels;0;0;0;pixels;0
805;posteromedial visual area, layer 1;NA;NA;pixels;NA;NA;NA;pixels; NA
41;posteromedial visual area, layer 2/3;NA;NA;pixels;NA;NA;NA;pixels; NA
501;posteromedial visual area, layer 4;NA;NA;pixels;NA;NA;NA;pixels; NA
565;posteromedial visual area, layer 5;NA;NA;pixels;NA;NA;NA;pixels; NA
257;posteromedial visual area, layer 6a;NA;NA;pixels;NA;NA;NA;pixels; NA
469;posteromedial visual area, layer 6b;NA;NA;pixels;NA;NA;NA;pixels; NA
312782574;Laterointermediate area;NA;NA;pixels;NA;NA;NA;pixels; NA
312782578;Laterointermediate area, layer 1;0;0;pixels;0;0;0;pixels;0
312782582;Laterointermediate area, layer 2/3;0;0;pixels;0;0;0;pixels;0
312782586;Laterointermediate area, layer 4;0;0;pixels;0;0;0;pixels;0
312782590;Laterointermediate area, layer 5;0;0;pixels;0;0;0;pixels;0
312782594;Laterointermediate area, layer 6a;0;0;pixels;0;0;0;pixels;0
312782598;Laterointermediate area, layer 6b;0;0;pixels;0;0;0;pixels;0
312782628;Postrhinal area;0;0;pixels;0;0;0;pixels;0
312782632;Postrhinal area, layer 1;0;0;pixels;0;0;0;pixels;0
312782636;Postrhinal area, layer 2/3;0;0;pixels;0;0;0;pixels;0
312782640;Postrhinal area, layer 4;0;0;pixels;0;0;0;pixels;0
312782644;Postrhinal area, layer 5;0;0;pixels;0;0;0;pixels;0
312782648;Postrhinal area, layer 6a;0;0;pixels;0;0;0;pixels;0
312782652;Postrhinal area, layer 6b;0;0;pixels;0;0;0;pixels;0
31;Anterior cingulate area;0;0;pixels;0;0;0;pixels;0
572;Anterior cingulate area, layer 1;0;0;pixels;0;0;0;pixels;0
1053;Anterior cingulate area, layer 2/3;0;0;pixels;0;0;0;pixels;0
739;Anterior cingulate area, layer 5;0;0;pixels;0;0;0;pixels;0
179;Anterior cingulate area, layer 6a;0;0;pixels;0;0;0;pixels;0
227;Anterior cingulate area, layer 6b;0;0;pixels;0;0;0;pixels;0
39;Anterior cingulate area, dorsal part;0;0;pixels;0;0;0;pixels;0
935;Anterior cingulate area, dorsal part, layer 1;0;0;pixels;0;0;0;pixels;0
211;Anterior cingulate area, dorsal part, layer 2/3;0;0;pixels;0;0;0;pixels;0
1015;Anterior cingulate area, dorsal part, layer 5;0;0;pixels;0;0;0;pixels;0
919;Anterior cingulate area, dorsal part, layer 6a;0;0;pixels;0;0;0;pixels;0
927;Anterior cingulate area, dorsal part, layer 6b;0;0;pixels;0;0;0;pixels;0
48;Anterior cingulate area, ventral part;0;0;pixels;0;0;0;pixels;0
588;Anterior cingulate area, ventral part, layer 1;0;0;pixels;0;0;0;pixels;0
296;Anterior cingulate area, ventral part, layer 2/3;0;0;pixels;0;0;0;pixels;0
772;Anterior cingulate area, ventral part, layer 5;0;0;pixels;0;0;0;pixels;0
810;Anterior cingulate area, ventral part, 6a;0;0;pixels;0;0;0;pixels;0
819;Anterior cingulate area, ventral part, 6b;0;0;pixels;0;0;0;pixels;0
972;Prelimbic area;0;0;pixels;0;0;0;pixels;0
171;Prelimbic area, layer 1;0;0;pixels;0;0;0;pixels;0
195;Prelimbic area, layer 2;0;0;pixels;0;0;0;pixels;0
304;Prelimbic area, layer 2/3;0;0;pixels;0;0;0;pixels;0
363;Prelimbic area, layer 5;0;0;pixels;0;0;0;pixels;0
84;Prelimbic area, layer 6a;0;0;pixels;0;0;0;pixels;0
132;Prelimbic area, layer 6b;0;0;pixels;0;0;0;pixels;0
44;Infralimbic area;0;0;pixels;0;0;0;pixels;0
707;Infralimbic area, layer 1;0;0;pixels;0;0;0;pixels;0
747;Infralimbic area, layer 2;0;0;pixels;0;0;0;pixels;0
556;Infralimbic area, layer 2/3;0;0;pixels;0;0;0;pixels;0
827;Infralimbic area, layer 5;0;0;pixels;0;0;0;pixels;0
1054;Infralimbic area, layer 6a;0;0;pixels;0;0;0;pixels;0
1081;Infralimbic area, layer 6b;0;0;pixels;0;0;0;pixels;0
714;Orbital area;0;0;pixels;0;0;0;pixels;0
264;Orbital area, layer 1;0;0;pixels;0;0;0;pixels;0
492;Orbital area, layer 2/3;0;0;pixels;0;0;0;pixels;0
352;Orbital area, layer 5;0;0;pixels;0;0;0;pixels;0
476;Orbital area, layer 6a;0;0;pixels;0;0;0;pixels;0
516;Orbital area, layer 6b;0;0;pixels;0;0;0;pixels;0
723;Orbital area, lateral part;0;0;pixels;0;0;0;pixels;0
448;Orbital area, lateral part, layer 1;0;0;pixels;0;0;0;pixels;0
412;Orbital area, lateral part, layer 2/3;0;0;pixels;0;0;0;pixels;0
630;Orbital area, lateral part, layer 5;0;0;pixels;0;0;0;pixels;0
440;Orbital area, lateral part, layer 6a;0;0;pixels;0;0;0;pixels;0
488;Orbital area, lateral part, layer 6b;0;0;pixels;0;0;0;pixels;0
731;Orbital area, medial part;0;0;pixels;0;0;0;pixels;0
484;Orbital area, medial part, layer 1;0;0;pixels;0;0;0;pixels;0
524;Orbital area, medial part, layer 2;0;0;pixels;0;0;0;pixels;0
582;Orbital area, medial part, layer 2/3;0;0;pixels;0;0;0;pixels;0
620;Orbital area, medial part, layer 5;0;0;pixels;0;0;0;pixels;0
910;Orbital area, medial part, layer 6a;0;0;pixels;0;0;0;pixels;0
527696977;Orbital area, medial part, layer 6b;0;0;pixels;0;0;0;pixels;0
738;Orbital area, ventral part;0;0;pixels;0;0;0;pixels;0
746;Orbital area, ventrolateral part;0;0;pixels;0;0;0;pixels;0
969;Orbital area, ventrolateral part, layer 1;0;0;pixels;0;0;0;pixels;0
288;Orbital area, ventrolateral part, layer 2/3;0;0;pixels;0;0;0;pixels;0
1125;Orbital area, ventrolateral part, layer 5;0;0;pixels;0;0;0;pixels;0
608;Orbital area, ventrolateral part, layer 6a;0;0;pixels;0;0;0;pixels;0
680;Orbital area, ventrolateral part, layer 6b;0;0;pixels;0;0;0;pixels;0
95;Agranular insular area;0;0;pixels;0;0;0;pixels;0
104;Agranular insular area, dorsal part;0;0;pixels;0;0;0;pixels;0
996;Agranular insular area, dorsal part, layer 1;0;0;pixels;0;0;0;pixels;0
328;Agranular insular area, dorsal part, layer 2/3;0;0;pixels;0;0;0;pixels;0
1101;Agranular insular area, dorsal part, layer 5;0;0;pixels;0;0;0;pixels;0
783;Agranular insular area, dorsal part, layer 6a;0;0;pixels;0;0;0;pixels;0
831;Agranular insular area, dorsal part, layer 6b;0;0;pixels;0;0;0;pixels;0
111;Agranular insular area, posterior part;0;0;pixels;0;0;0;pixels;0
120;Agranular insular area, posterior part, layer 1;0;0;pixels;0;0;0;pixels;0
163;Agranular insular area, posterior part, layer 2/3;0;0;pixels;0;0;0;pixels;0
344;Agranular insular area, posterior part, layer 5;0;0;pixels;0;0;0;pixels;0
314;Agranular insular area, posterior part, layer 6a;0;0;pixels;0;0;0;pixels;0
355;Agranular insular area, posterior part, layer 6b;0;0;pixels;0;0;0;pixels;0
119;Agranular insular area, ventral part;0;0;pixels;0;0;0;pixels;0
704;Agranular insular area, ventral part, layer 1;0;0;pixels;0;0;0;pixels;0
694;Agranular insular area, ventral part, layer 2/3;0;0;pixels;0;0;0;pixels;0
800;Agranular insular area, ventral part, layer 5;0;0;pixels;0;0;0;pixels;0
675;Agranular insular area, ventral part, layer 6a;0;0;pixels;0;0;0;pixels;0
699;Agranular insular area, ventral part, layer 6b;0;0;pixels;0;0;0;pixels;0
254;Retrosplenial area;NA;NA;pixels;NA;NA;NA;pixels; NA
894;Retrosplenial area, lateral agranular part;NA;NA;pixels;NA;NA;NA;pixels; NA
671;Retrosplenial area, lateral agranular part, layer 1;NA;NA;pixels;NA;NA;NA;pixels; NA
965;Retrosplenial area, lateral agranular part, layer 2/3;NA;NA;pixels;NA;NA;NA;pixels; NA
774;Retrosplenial area, lateral agranular part, layer 5;NA;NA;pixels;NA;NA;NA;pixels; NA
906;Retrosplenial area, lateral agranular part, layer 6a;NA;NA;pixels;NA;NA;NA;pixels; NA
279;Retrosplenial area, lateral agranular part, layer 6b;NA;NA;pixels;NA;NA;NA;pixels; NA
480149258;Mediomedial anterior visual area;0;0;pixels;0;0;0;pixels;0
480149262;Mediomedial anterior visual area, layer 1;0;0;pixels;0;0;0;pixels;0
480149266;Mediomedial anterior visual area, layer 2/3;0;0;pixels;0;0;0;pixels;0
480149270;Mediomedial anterior visual area, layer 4;0;0;pixels;0;0;0;pixels;0
480149274;Mediomedial anterior visual area,layer 5;0;0;pixels;0;0;0;pixels;0
480149278;Mediomedial anterior visual area, layer 6a;0;0;pixels;0;0;0;pixels;0
480149282;Mediomedial anterior visual area, layer 6b;0;0;pixels;0;0;0;pixels;0
480149286;Mediomedial posterior visual area;0;0;pixels;0;0;0;pixels;0
480149290;Mediomedial posterior visual area, layer 1;0;0;pixels;0;0;0;pixels;0
480149294;Mediomedial posterior visual area, layer 2/3;0;0;pixels;0;0;0;pixels;0
480149298;Mediomedial posterior visual area, layer 4;0;0;pixels;0;0;0;pixels;0
480149302;Mediomedial posterior visual area,layer 5;0;0;pixels;0;0;0;pixels;0
480149306;Mediomedial posterior visual area, layer 6a;0;0;pixels;0;0;0;pixels;0
480149310;Mediomedial posterior visual area, layer 6b;0;0;pixels;0;0;0;pixels;0
480149314;Medial visual area;0;0;pixels;0;0;0;pixels;0
480149318;Medial visual area, layer 1;0;0;pixels;0;0;0;pixels;0
480149322;Medial visual area, layer 2/3;0;0;pixels;0;0;0;pixels;0
480149326;Medial visual area, layer 4;0;0;pixels;0;0;0;pixels;0
480149330;Medial visual area,layer 5;0;0;pixels;0;0;0;pixels;0
480149334;Medial visual area, layer 6a;0;0;pixels;0;0;0;pixels;0
480149338;Medial visual area, layer 6b;0;0;pixels;0;0;0;pixels;0
879;Retrosplenial area, dorsal part;0;0;pixels;0;0;0;pixels;0
442;Retrosplenial area, dorsal part, layer 1;NA;NA;pixels;NA;NA;NA;pixels; NA
434;Retrosplenial area, dorsal part, layer 2/3;NA;NA;pixels;NA;NA;NA;pixels; NA
545;Retrosplenial area, dorsal part, layer 4;NA;NA;pixels;NA;NA;NA;pixels; NA
610;Retrosplenial area, dorsal part, layer 5;NA;NA;pixels;NA;NA;NA;pixels; NA
274;Retrosplenial area, dorsal part, layer 6a;NA;NA;pixels;NA;NA;NA;pixels; NA
330;Retrosplenial area, dorsal part, layer 6b;NA;NA;pixels;NA;NA;NA;pixels; NA
886;Retrosplenial area, ventral part;NA;NA;pixels;NA;NA;NA;pixels; NA
542;Retrosplenial area, ventral part, layer 1;NA;NA;pixels;NA;NA;NA;pixels; NA
606;Retrosplenial area, ventral part, layer 2;NA;NA;pixels;NA;NA;NA;pixels; NA
430;Retrosplenial area, ventral part, layer 2/3;NA;NA;pixels;NA;NA;NA;pixels; NA
687;Retrosplenial area, ventral part, layer 5;NA;NA;pixels;NA;NA;NA;pixels; NA
590;Retrosplenial area, ventral part, layer 6a;NA;NA;pixels;NA;NA;NA;pixels; NA
622;Retrosplenial area, ventral part, layer 6b;NA;NA;pixels;NA;NA;NA;pixels; NA
22;Posterior parietal association areas;NA;NA;pixels;NA;NA;NA;pixels; NA
532;Posterior parietal association areas, layer 1;NA;NA;pixels;NA;NA;NA;pixels; NA
241;Posterior parietal association areas, layer 2/3;NA;NA;pixels;NA;NA;NA;pixels; NA
635;Posterior parietal association areas, layer 4;NA;NA;pixels;NA;NA;NA;pixels; NA
683;Posterior parietal association areas, layer 5;NA;NA;pixels;NA;NA;NA;pixels; NA
308;Posterior parietal association areas, layer 6a;NA;NA;pixels;NA;NA;NA;pixels; NA
340;Posterior parietal association areas, layer 6b;NA;NA;pixels;NA;NA;NA;pixels; NA
312782546;Anterior area;NA;NA;pixels;NA;NA;NA;pixels; NA
312782550;Anterior area, layer 1;NA;NA;pixels;NA;NA;NA;pixels; NA
312782554;Anterior area, layer 2/3;NA;NA;pixels;NA;NA;NA;pixels; NA
312782558;Anterior area, layer 4;NA;NA;pixels;NA;NA;NA;pixels; NA
312782562;Anterior area, layer 5;NA;NA;pixels;NA;NA;NA;pixels; NA
312782566;Anterior area, layer 6a;NA;NA;pixels;NA;NA;NA;pixels; NA
312782570;Anterior area, layer 6b;NA;NA;pixels;NA;NA;NA;pixels; NA
417;Rostrolateral visual area;NA;NA;pixels;NA;NA;NA;pixels; NA
312782604;Rostrolateral area, layer 1;NA;NA;pixels;NA;NA;NA;pixels; NA
312782608;Rostrolateral area, layer 2/3;NA;NA;pixels;NA;NA;NA;pixels; NA
312782612;Rostrolateral area, layer 4;NA;NA;pixels;NA;NA;NA;pixels; NA
312782616;Rostrolateral area, layer 5;NA;NA;pixels;NA;NA;NA;pixels; NA
312782620;Rostrolateral area, layer 6a;NA;NA;pixels;NA;NA;NA;pixels; NA
312782624;Rostrolateral area, layer 6b;NA;NA;pixels;NA;NA;NA;pixels; NA
541;Temporal association areas;NA;NA;pixels;NA;NA;NA;pixels; NA
97;Temporal association areas, layer 1;82930;82.929.719.727;pixels;5;46;46;pixels;0.000555
1127;Temporal association areas, layer 2/3;116531;116.530.554.443;pixels;22;208;208;pixels;0.001785
234;Temporal association areas, layer 4;34316;34.315.746.094;pixels;20;212;212;pixels;0.006178
289;Temporal association areas, layer 5;174081;174.080.920.288;pixels;83;1147;1147;pixels;0.006589
729;Temporal association areas, layer 6a;107594;107.594.162.231;pixels;58;778;778;pixels;0.007231
786;Temporal association areas, layer 6b;16086;16.085.505.981;pixels;9;110;110;pixels;0.006838
922;Perirhinal area;0;0;pixels;0;0;0;pixels;0
540;Perirhinal area, layer 1;50759;50.758.707.764;pixels;1;12;12;pixels;0.000236
888;Perirhinal area, layer 2/3;76853;76.852.973.022;pixels;23;217;217;pixels;0.002824
692;Perirhinal area, layer 5;29669;29.668.822.144;pixels;16;181;181;pixels;0.006101
335;Perirhinal area, layer 6a;0;0;pixels;0;0;0;pixels;0
368;Perirhinal area, layer 6b;0;0;pixels;0;0;0;pixels;0
895;Ectorhinal area;0;0;pixels;0;0;0;pixels;0
836;Ectorhinal area/Layer 1;64699;64.699.479.614;pixels;2;22;22;pixels;0.00034
427;Ectorhinal area/Layer 2/3;128684;128.684.047.852;pixels;13;210;210;pixels;0.001632
988;Ectorhinal area/Layer 5;182660;182.659.856.812;pixels;45;567;567;pixels;0.003104
977;Ectorhinal area/Layer 6a;161570;161.569.971.191;pixels;116;1573;1573;pixels;0.009736
1045;Ectorhinal area/Layer 6b;18230;18.230.240.112;pixels;6;103;103;pixels;0.00565
698;Olfactory areas;13226;13.225.860.474;pixels;1;26;26;pixels;0.001966
507;Main olfactory bulb;0;0;pixels;0;0;0;pixels;0
212;Main olfactory bulb, glomerular layer;0;0;pixels;0;0;0;pixels;0
220;Main olfactory bulb, granule layer;0;0;pixels;0;0;0;pixels;0
228;Main olfactory bulb, inner plexiform layer;0;0;pixels;0;0;0;pixels;0
236;Main olfactory bulb, mitral layer;0;0;pixels;0;0;0;pixels;0
244;Main olfactory bulb, outer plexiform layer;0;0;pixels;0;0;0;pixels;0
151;Accessory olfactory bulb;0;0;pixels;0;0;0;pixels;0
188;Accessory olfactory bulb, glomerular layer;0;0;pixels;0;0;0;pixels;0
196;Accessory olfactory bulb, granular layer;0;0;pixels;0;0;0;pixels;0
204;Accessory olfactory bulb, mitral layer;0;0;pixels;0;0;0;pixels;0
159;Anterior olfactory nucleus;0;0;pixels;0;0;0;pixels;0
167;Anterior olfactory nucleus, dorsal part;0;0;pixels;0;0;0;pixels;0
175;Anterior olfactory nucleus, external part;0;0;pixels;0;0;0;pixels;0
183;Anterior olfactory nucleus, lateral part;0;0;pixels;0;0;0;pixels;0
191;Anterior olfactory nucleus, medial part;0;0;pixels;0;0;0;pixels;0
199;Anterior olfactory nucleus, posteroventral part;0;0;pixels;0;0;0;pixels;0
160;Anterior olfactory nucleus, layer 1;0;0;pixels;0;0;0;pixels;0
168;Anterior olfactory nucleus, layer 2;0;0;pixels;0;0;0;pixels;0
589;Taenia tecta;0;0;pixels;0;0;0;pixels;0
597;Taenia tecta, dorsal part;0;0;pixels;0;0;0;pixels;0
297;Taenia tecta, dorsal part, layers 1-4;0;0;pixels;0;0;0;pixels;0
1034;Taenia tecta, dorsal part, layer 1;0;0;pixels;0;0;0;pixels;0
1042;Taenia tecta, dorsal part, layer 2;0;0;pixels;0;0;0;pixels;0
1050;Taenia tecta, dorsal part, layer 3;0;0;pixels;0;0;0;pixels;0
1059;Taenia tecta, dorsal part, layer 4;0;0;pixels;0;0;0;pixels;0
605;Taenia tecta, ventral part;0;0;pixels;0;0;0;pixels;0
306;Taenia tecta, ventral part, layers 1-3;0;0;pixels;0;0;0;pixels;0
1067;Taenia tecta, ventral part, layer 1;0;0;pixels;0;0;0;pixels;0
1075;Taenia tecta, ventral part, layer 2;0;0;pixels;0;0;0;pixels;0
1082;Taenia tecta, ventral part, layer 3;0;0;pixels;0;0;0;pixels;0
814;Dorsal peduncular area;0;0;pixels;0;0;0;pixels;0
496;Dorsal peduncular area, layer 1;0;0;pixels;0;0;0;pixels;0
535;Dorsal peduncular area, layer 2;0;0;pixels;0;0;0;pixels;0
360;Dorsal peduncular area, layer 2/3;0;0;pixels;0;0;0;pixels;0
646;Dorsal peduncular area, layer 5;0;0;pixels;0;0;0;pixels;0
267;Dorsal peduncular area, layer 6a;0;0;pixels;0;0;0;pixels;0
961;Piriform area;1002663;1.002.663.206.177;pixels;197;2681;2681;pixels;0.002674
152;Piriform area, layers 1-3;0;0;pixels;0;0;0;pixels;0
276;Piriform area, molecular layer;0;0;pixels;0;0;0;pixels;0
284;Piriform area, pyramidal layer;0;0;pixels;0;0;0;pixels;0
291;Piriform area, polymorph layer;0;0;pixels;0;0;0;pixels;0
619;Nucleus of the lateral olfactory tract;0;0;pixels;0;0;0;pixels;0
392;Nucleus of the lateral olfactory tract, layers 1-3;0;0;pixels;0;0;0;pixels;0
260;Nucleus of the lateral olfactory tract, molecular layer;0;0;pixels;0;0;0;pixels;0
268;Nucleus of the lateral olfactory tract, pyramidal layer;0;0;pixels;0;0;0;pixels;0
1139;Nucleus of the lateral olfactory tract, layer 3;0;0;pixels;0;0;0;pixels;0
631;Cortical amygdalar area;0;0;pixels;0;0;0;pixels;0
639;Cortical amygdalar area, anterior part;0;0;pixels;0;0;0;pixels;0
192;Cortical amygdalar area, anterior part, layer 1;0;0;pixels;0;0;0;pixels;0
200;Cortical amygdalar area, anterior part, layer 2;0;0;pixels;0;0;0;pixels;0
208;Cortical amygdalar area, anterior part, layer 3;0;0;pixels;0;0;0;pixels;0
647;Cortical amygdalar area, posterior part;0;0;pixels;0;0;0;pixels;0
655;Cortical amygdalar area, posterior part, lateral zone;403567;403.567.472.290;pixels;28;314;314;pixels;0.000778
584;Cortical amygdalar area, posterior part, lateral zone, layers 1-2;0;0;pixels;0;0;0;pixels;0
376;Cortical amygdalar area, posterior part, lateral zone, layers 1-3;0;0;pixels;0;0;0;pixels;0
216;Cortical amygdalar area, posterior part, lateral zone, layer 1;0;0;pixels;0;0;0;pixels;0
224;Cortical amygdalar area, posterior part, lateral zone, layer 2;0;0;pixels;0;0;0;pixels;0
232;Cortical amygdalar area, posterior part, lateral zone, layer 3;0;0;pixels;0;0;0;pixels;0
663;Cortical amygdalar area, posterior part, medial zone;383550;383.549.953.735;pixels;26;305;305;pixels;0.000795
592;Cortical amygdalar area, posterior part, medial zone, layers 1-2;0;0;pixels;0;0;0;pixels;0
383;Cortical amygdalar area, posterior part, medial zone, layers 1-3;0;0;pixels;0;0;0;pixels;0
240;Cortical amygdalar area, posterior part, medial zone, layer 1;0;0;pixels;0;0;0;pixels;0
248;Cortical amygdalar area, posterior part, medial zone, layer 2;0;0;pixels;0;0;0;pixels;0
256;Cortical amygdalar area, posterior part, medial zone, layer 3;0;0;pixels;0;0;0;pixels;0
788;Piriform-amygdalar area;240568;240.567.678.345;pixels;18;235;235;pixels;0.000977
400;Piriform-amygdalar area, layers 1-3;0;0;pixels;0;0;0;pixels;0
408;Piriform-amygdalar area, molecular layer;0;0;pixels;0;0;0;pixels;0
416;Piriform-amygdalar area, pyramidal layer;0;0;pixels;0;0;0;pixels;0
424;Piriform-amygdalar area, polymorph layer;0;0;pixels;0;0;0;pixels;0
566;Postpiriform transition area;0;0;pixels;0;0;0;pixels;0
517;Postpiriform transition area, layers 1-3;0;0;pixels;0;0;0;pixels;0
1140;Postpiriform transition area, layers 1;0;0;pixels;0;0;0;pixels;0
1141;Postpiriform transition area, layers 2;0;0;pixels;0;0;0;pixels;0
1142;Postpiriform transition area, layers 3;0;0;pixels;0;0;0;pixels;0
1089;Hippocampal formation;NA;NA;pixels;NA;NA;NA;pixels; NA
1080;Hippocampal region;NA;NA;pixels;NA;NA;NA;pixels; NA
375;Ammon's horn;NA;NA;pixels;NA;NA;NA;pixels; NA
382;Field CA1;NA;NA;pixels;NA;NA;NA;pixels; NA
391;Field CA1, stratum lacunosum-moleculare;0;0;pixels;0;0;0;pixels;0
399;Field CA1, stratum oriens;NA;NA;pixels;NA;NA;NA;pixels; NA
407;Field CA1, pyramidal layer;NA;NA;pixels;NA;NA;NA;pixels; NA
415;Field CA1, stratum radiatum;NA;NA;pixels;NA;NA;NA;pixels; NA
423;Field CA2;NA;NA;pixels;NA;NA;NA;pixels; NA
431;Field CA2, stratum lacunosum-moleculare;0;0;pixels;0;0;0;pixels;0
438;Field CA2, stratum oriens;0;0;pixels;0;0;0;pixels;0
446;Field CA2, pyramidal layer;NA;NA;pixels;NA;NA;NA;pixels; NA
454;Field CA2, stratum radiatum;NA;NA;pixels;NA;NA;NA;pixels; NA
463;Field CA3;NA;NA;pixels;NA;NA;NA;pixels; NA
471;Field CA3, stratum lacunosum-moleculare;NA;NA;pixels;NA;NA;NA;pixels; NA
479;Field CA3, stratum lucidum;0;0;pixels;0;0;0;pixels;0
486;Field CA3, stratum oriens;0;0;pixels;0;0;0;pixels;0
495;Field CA3, pyramidal layer;0;0;pixels;0;0;0;pixels;0
504;Field CA3, stratum radiatum;0;0;pixels;0;0;0;pixels;0
726;Dentate gyrus;0;0;pixels;0;0;0;pixels;0
10703;Dentate gyrus, molecular layer;NA;NA;pixels;NA;NA;NA;pixels; NA
10704;Dentate gyrus, polymorph layer;NA;NA;pixels;NA;NA;NA;pixels; NA
632;Dentate gyrus, granule cell layer;NA;NA;pixels;NA;NA;NA;pixels; NA
10702;Dentate gyrus, subgranular zone;NA;NA;pixels;NA;NA;NA;pixels; NA
734;Dentate gyrus crest;0;0;pixels;0;0;0;pixels;0
742;Dentate gyrus crest, molecular layer;0;0;pixels;0;0;0;pixels;0
751;Dentate gyrus crest, polymorph layer;0;0;pixels;0;0;0;pixels;0
758;Dentate gyrus crest, granule cell layer;0;0;pixels;0;0;0;pixels;0
766;Dentate gyrus lateral blade;0;0;pixels;0;0;0;pixels;0
775;Dentate gyrus lateral blade, molecular layer;0;0;pixels;0;0;0;pixels;0
782;Dentate gyrus lateral blade, polymorph layer;0;0;pixels;0;0;0;pixels;0
790;Dentate gyrus lateral blade, granule cell layer;0;0;pixels;0;0;0;pixels;0
799;Dentate gyrus medial blade;0;0;pixels;0;0;0;pixels;0
807;Dentate gyrus medial blade, molecular layer;0;0;pixels;0;0;0;pixels;0
815;Dentate gyrus medial blade, polymorph layer;0;0;pixels;0;0;0;pixels;0
823;Dentate gyrus medial blade, granule cell layer;0;0;pixels;0;0;0;pixels;0
982;Fasciola cinerea;0;0;pixels;0;0;0;pixels;0
19;Induseum griseum;0;0;pixels;0;0;0;pixels;0
822;Retrohippocampal region;0;0;pixels;0;0;0;pixels;0
909;Entorhinal area;0;0;pixels;0;0;0;pixels;0
918;Entorhinal area, lateral part;0;0;pixels;0;0;0;pixels;0
1121;Entorhinal area, lateral part, layer 1;77925;77.925.340.088;pixels;0;0;0;pixels;0
20;Entorhinal area, lateral part, layer 2;98658;98.657.770.020;pixels;9;115;115;pixels;0.001166
999;Entorhinal area, lateral part, layer 2/3;0;0;pixels;0;0;0;pixels;0
715;Entorhinal area, lateral part, layer 2a;0;0;pixels;0;0;0;pixels;0
764;Entorhinal area, lateral part, layer 2b;0;0;pixels;0;0;0;pixels;0
52;Entorhinal area, lateral part, layer 3;100803;100.802.504.150;pixels;32;447;447;pixels;0.004434
92;Entorhinal area, lateral part, layer 4;0;0;pixels;0;0;0;pixels;0
312;Entorhinal area, lateral part, layer 4/5;0;0;pixels;0;0;0;pixels;0
139;Entorhinal area, lateral part, layer 5;113313;113.313.453.247;pixels;21;324;324;pixels;0.002859
387;Entorhinal area, lateral part, layer 5/6;0;0;pixels;0;0;0;pixels;0
28;Entorhinal area, lateral part, layer 6a;19660;19.660.062.866;pixels;8;144;144;pixels;0.007324
60;Entorhinal area, lateral part, layer 6b;0;0;pixels;0;0;0;pixels;0
926;Entorhinal area, medial part, dorsal zone;0;0;pixels;0;0;0;pixels;0
526;Entorhinal area, medial part, dorsal zone, layer 1;0;0;pixels;0;0;0;pixels;0
543;Entorhinal area, medial part, dorsal zone, layer 2;0;0;pixels;0;0;0;pixels;0
468;Entorhinal area, medial part, dorsal zone, layer 2a;0;0;pixels;0;0;0;pixels;0
508;Entorhinal area, medial part, dorsal zone, layer 2b;0;0;pixels;0;0;0;pixels;0
664;Entorhinal area, medial part, dorsal zone, layer 3;0;0;pixels;0;0;0;pixels;0
712;Entorhinal area, medial part, dorsal zone, layer 4;0;0;pixels;0;0;0;pixels;0
727;Entorhinal area, medial part, dorsal zone, layer 5;0;0;pixels;0;0;0;pixels;0
550;Entorhinal area, medial part, dorsal zone, layer 5/6;0;0;pixels;0;0;0;pixels;0
743;Entorhinal area, medial part, dorsal zone, layer 6;0;0;pixels;0;0;0;pixels;0
934;Entorhinal area, medial part, ventral zone;0;0;pixels;0;0;0;pixels;0
259;Entorhinal area, medial part, ventral zone, layer 1;0;0;pixels;0;0;0;pixels;0
324;Entorhinal area, medial part, ventral zone, layer 2;0;0;pixels;0;0;0;pixels;0
371;Entorhinal area, medial part, ventral zone, layer 3;0;0;pixels;0;0;0;pixels;0
419;Entorhinal area, medial part, ventral zone, layer 4;0;0;pixels;0;0;0;pixels;0
1133;Entorhinal area, medial part, ventral zone, layer 5/6;0;0;pixels;0;0;0;pixels;0
843;Parasubiculum;0;0;pixels;0;0;0;pixels;0
10693;Parasubiculum, layer 1;0;0;pixels;0;0;0;pixels;0
10694;Parasubiculum, layer 2;0;0;pixels;0;0;0;pixels;0
10695;Parasubiculum, layer 3;0;0;pixels;0;0;0;pixels;0
1037;Postsubiculum;0;0;pixels;0;0;0;pixels;0
10696;Postsubiculum, layer 1;0;0;pixels;0;0;0;pixels;0
10697;Postsubiculum, layer 2;0;0;pixels;0;0;0;pixels;0
10698;Postsubiculum, layer 3;0;0;pixels;0;0;0;pixels;0
1084;Presubiculum;0;0;pixels;0;0;0;pixels;0
10699;Presubiculum, layer 1;0;0;pixels;0;0;0;pixels;0
10700;Presubiculum, layer 2;0;0;pixels;0;0;0;pixels;0
10701;Presubiculum, layer 3;0;0;pixels;0;0;0;pixels;0
502;Subiculum;NA;NA;pixels;NA;NA;NA;pixels; NA
509;Subiculum, dorsal part;NA;NA;pixels;NA;NA;NA;pixels; NA
829;Subiculum, dorsal part, molecular layer;NA;NA;pixels;NA;NA;NA;pixels; NA
845;Subiculum, dorsal part, pyramidal layer;NA;NA;pixels;NA;NA;NA;pixels; NA
837;Subiculum, dorsal part, stratum radiatum;0;0;pixels;0;0;0;pixels;0
518;Subiculum, ventral part;0;0;pixels;0;0;0;pixels;0
853;Subiculum, ventral part, molecular layer;0;0;pixels;0;0;0;pixels;0
870;Subiculum, ventral part, pyramidal layer;0;0;pixels;0;0;0;pixels;0
861;Subiculum, ventral part, stratum radiatum;0;0;pixels;0;0;0;pixels;0
484682470;Prosubiculum;NA;NA;pixels;NA;NA;NA;pixels; NA
484682475;Prosubiculum, dorsal part;NA;NA;pixels;NA;NA;NA;pixels; NA
484682479;Prosubiculum, dorsal part, molecular layer;NA;NA;pixels;NA;NA;NA;pixels; NA
484682483;Prosubiculum, dorsal part, pyramidal layer;NA;NA;pixels;NA;NA;NA;pixels; NA
484682487;Prosubiculum, dorsal part, stratum radiatum;0;0;pixels;0;0;0;pixels;0
484682492;Prosubiculum, ventral part;0;0;pixels;0;0;0;pixels;0
484682496;Prosubiculum, ventral part, molecular layer;0;0;pixels;0;0;0;pixels;0
484682500;Prosubiculum, ventral part, pyramidal layer;0;0;pixels;0;0;0;pixels;0
484682504;Prosubiculum, ventral part, stratum radiatum;0;0;pixels;0;0;0;pixels;0
589508447;Hippocampo-amygdalar transition area;0;0;pixels;0;0;0;pixels;0
484682508;Area prostriata;0;0;pixels;0;0;0;pixels;0
703;Cortical subplate;36818;36.817.935.913;pixels;10;141;141;pixels;0.00383
16;Layer 6b, isocortex;0;0;pixels;0;0;0;pixels;0
583;Claustrum;0;0;pixels;0;0;0;pixels;0
942;Endopiriform nucleus;0;0;pixels;0;0;0;pixels;0
952;Endopiriform nucleus, dorsal part;198388;198.387.907.104;pixels;84;1131;1131;pixels;0.005701
966;Endopiriform nucleus, ventral part;114386;114.385.820.313;pixels;33;429;429;pixels;0.00375
131;Lateral amygdalar nucleus;439670;439.670.496.826;pixels;148;1338;1338;pixels;0.003043
295;Basolateral amygdalar nucleus;0;0;pixels;0;0;0;pixels;0
303;Basolateral amygdalar nucleus, anterior part;109024;109.023.984.985;pixels;45;601;601;pixels;0.005513
311;Basolateral amygdalar nucleus, posterior part;239853;239.852.766.968;pixels;60;653;653;pixels;0.002723
451;Basolateral amygdalar nucleus, ventral part;217691;217.690.514.282;pixels;51;599;599;pixels;0.002752
319;Basomedial amygdalar nucleus;0;0;pixels;0;0;0;pixels;0
327;Basomedial amygdalar nucleus, anterior part;0;0;pixels;0;0;0;pixels;0
334;Basomedial amygdalar nucleus, posterior part;404997;404.997.295.044;pixels;87;872;872;pixels;0.002153
780;Posterior amygdalar nucleus;321710;321.710.119.629;pixels;65;851;851;pixels;0.002645
623;Cerebral nuclei;0;0;pixels;0;0;0;pixels;0
477;Striatum;195528;195.528.261.597;pixels;35;369;369;pixels;0.001887
485;Striatum dorsal region;0;0;pixels;0;0;0;pixels;0
672;Caudoputamen;102590;102.589.782.593;pixels;2;32;32;pixels;0.000312
493;Striatum ventral region;0;0;pixels;0;0;0;pixels;0
56;Nucleus accumbens;0;0;pixels;0;0;0;pixels;0
998;Fundus of striatum;0;0;pixels;0;0;0;pixels;0
754;Olfactory tubercle;0;0;pixels;0;0;0;pixels;0
481;Islands of Calleja;0;0;pixels;0;0;0;pixels;0
489;Major island of Calleja;0;0;pixels;0;0;0;pixels;0
144;Olfactory tubercle, layers 1-3;0;0;pixels;0;0;0;pixels;0
458;Olfactory tubercle, molecular layer;0;0;pixels;0;0;0;pixels;0
465;Olfactory tubercle, pyramidal layer;0;0;pixels;0;0;0;pixels;0
473;Olfactory tubercle, polymorph layer;0;0;pixels;0;0;0;pixels;0
549009199;Lateral strip of striatum;0;0;pixels;0;0;0;pixels;0
275;Lateral septal complex;0;0;pixels;0;0;0;pixels;0
242;Lateral septal nucleus;0;0;pixels;0;0;0;pixels;0
250;Lateral septal nucleus, caudal (caudodorsal) part;0;0;pixels;0;0;0;pixels;0
258;Lateral septal nucleus, rostral (rostroventral) part;0;0;pixels;0;0;0;pixels;0
266;Lateral septal nucleus, ventral part;0;0;pixels;0;0;0;pixels;0
310;Septofimbrial nucleus;0;0;pixels;0;0;0;pixels;0
333;Septohippocampal nucleus;0;0;pixels;0;0;0;pixels;0
278;Striatum-like amygdalar nuclei;0;0;pixels;0;0;0;pixels;0
23;Anterior amygdalar area;0;0;pixels;0;0;0;pixels;0
292;Bed nucleus of the accessory olfactory tract;0;0;pixels;0;0;0;pixels;0
536;Central amygdalar nucleus;0;0;pixels;0;0;0;pixels;0
544;Central amygdalar nucleus, capsular part;0;0;pixels;0;0;0;pixels;0
551;Central amygdalar nucleus, lateral part;0;0;pixels;0;0;0;pixels;0
559;Central amygdalar nucleus, medial part;0;0;pixels;0;0;0;pixels;0
1105;Intercalated amygdalar nucleus;10366;10.366.214.966;pixels;4;40;40;pixels;0.003859
403;Medial amygdalar nucleus;583010;583.010.227.905;pixels;12;129;129;pixels;0.000221
411;Medial amygdalar nucleus, anterodorsal part;0;0;pixels;0;0;0;pixels;0
418;Medial amygdalar nucleus, anteroventral part;0;0;pixels;0;0;0;pixels;0
426;Medial amygdalar nucleus, posterodorsal part;0;0;pixels;0;0;0;pixels;0
472;Medial amygdalar nucleus, posterodorsal part, sublayer a;0;0;pixels;0;0;0;pixels;0
480;Medial amygdalar nucleus, posterodorsal part, sublayer b;0;0;pixels;0;0;0;pixels;0
487;Medial amygdalar nucleus, posterodorsal part, sublayer c;0;0;pixels;0;0;0;pixels;0
435;Medial amygdalar nucleus, posteroventral part;0;0;pixels;0;0;0;pixels;0
803;Pallidum;0;0;pixels;0;0;0;pixels;0
818;Pallidum, dorsal region;0;0;pixels;0;0;0;pixels;0
1022;Globus pallidus, external segment;0;0;pixels;0;0;0;pixels;0
1031;Globus pallidus, internal segment;0;0;pixels;0;0;0;pixels;0
835;Pallidum, ventral region;0;0;pixels;0;0;0;pixels;0
342;Substantia innominata;0;0;pixels;0;0;0;pixels;0
298;Magnocellular nucleus;0;0;pixels;0;0;0;pixels;0
826;Pallidum, medial region;0;0;pixels;0;0;0;pixels;0
904;Medial septal complex;0;0;pixels;0;0;0;pixels;0
564;Medial septal nucleus;0;0;pixels;0;0;0;pixels;0
596;Diagonal band nucleus;0;0;pixels;0;0;0;pixels;0
581;Triangular nucleus of septum;0;0;pixels;0;0;0;pixels;0
809;Pallidum, caudal region;0;0;pixels;0;0;0;pixels;0
351;Bed nuclei of the stria terminalis;0;0;pixels;0;0;0;pixels;0
359;Bed nuclei of the stria terminalis, anterior division;0;0;pixels;0;0;0;pixels;0
537;Bed nuclei of the stria terminalis, anterior division, anterolateral area;0;0;pixels;0;0;0;pixels;0
498;Bed nuclei of the stria terminalis, anterior division, anteromedial area;0;0;pixels;0;0;0;pixels;0
505;Bed nuclei of the stria terminalis, anterior division, dorsomedial nucleus;0;0;pixels;0;0;0;pixels;0
513;Bed nuclei of the stria terminalis, anterior division, fusiform nucleus;0;0;pixels;0;0;0;pixels;0
546;Bed nuclei of the stria terminalis, anterior division, juxtacapsular nucleus;0;0;pixels;0;0;0;pixels;0
521;Bed nuclei of the stria terminalis, anterior division, magnocellular nucleus;0;0;pixels;0;0;0;pixels;0
554;Bed nuclei of the stria terminalis, anterior division, oval nucleus;0;0;pixels;0;0;0;pixels;0
562;Bed nuclei of the stria terminalis, anterior division, rhomboid nucleus;0;0;pixels;0;0;0;pixels;0
529;Bed nuclei of the stria terminalis, anterior division, ventral nucleus;0;0;pixels;0;0;0;pixels;0
367;Bed nuclei of the stria terminalis, posterior division;0;0;pixels;0;0;0;pixels;0
569;Bed nuclei of the stria terminalis, posterior division, dorsal nucleus;0;0;pixels;0;0;0;pixels;0
578;Bed nuclei of the stria terminalis, posterior division, principal nucleus;0;0;pixels;0;0;0;pixels;0
585;Bed nuclei of the stria terminalis, posterior division, interfascicular nucleus;0;0;pixels;0;0;0;pixels;0
594;Bed nuclei of the stria terminalis, posterior division, transverse nucleus;0;0;pixels;0;0;0;pixels;0
602;Bed nuclei of the stria terminalis, posterior division, strial extension;0;0;pixels;0;0;0;pixels;0
287;Bed nucleus of the anterior commissure;0;0;pixels;0;0;0;pixels;0
343;Brain stem;0;0;pixels;0;0;0;pixels;0
1129;Interbrain;0;0;pixels;0;0;0;pixels;0
549;Thalamus;446820;446.819.610.596;pixels;31;266;266;pixels;0.000595
864;Thalamus, sensory-motor cortex related;0;0;pixels;0;0;0;pixels;0
637;Ventral group of the dorsal thalamus;0;0;pixels;0;0;0;pixels;0
629;Ventral anterior-lateral complex of the thalamus;0;0;pixels;0;0;0;pixels;0
685;Ventral medial nucleus of the thalamus;0;0;pixels;0;0;0;pixels;0
709;Ventral posterior complex of the thalamus;0;0;pixels;0;0;0;pixels;0
718;Ventral posterolateral nucleus of the thalamus;357;357.455.688;pixels;0;0;0;pixels;0
725;Ventral posterolateral nucleus of the thalamus, parvicellular part;39678;39.677.581.421;pixels;0;0;0;pixels;0
733;Ventral posteromedial nucleus of the thalamus;715;714.911.377;pixels;0;0;0;pixels;0
741;Ventral posteromedial nucleus of the thalamus, parvicellular part;0;0;pixels;0;0;0;pixels;0
563807435;Posterior triangular thalamic nucleus;306340;306.339.525.024;pixels;0;0;0;pixels;0
406;Subparafascicular nucleus;0;0;pixels;0;0;0;pixels;0
414;Subparafascicular nucleus, magnocellular part;63270;63.269.656.860;pixels;61;709;709;pixels;0.011206
422;Subparafascicular nucleus, parvicellular part;154063;154.063.401.733;pixels;1;7;7;pixels;0.000045
609;Subparafascicular area;0;0;pixels;0;0;0;pixels;0
1044;Peripeduncular nucleus;0;0;pixels;0;0;0;pixels;0
1008;Geniculate group, dorsal thalamus;0;0;pixels;0;0;0;pixels;0
475;Medial geniculate complex;0;0;pixels;0;0;0;pixels;0
1072;Medial geniculate complex, dorsal part;24307;24.306.986.816;pixels;4;6;6;pixels;0.000247
1079;Medial geniculate complex, ventral part;20732;20.732.429.932;pixels;0;0;0;pixels;0
1088;Medial geniculate complex, medial part;168719;168.719.084.961;pixels;2;29;29;pixels;0.000172
170;Dorsal part of the lateral geniculate complex;0;0;pixels;0;0;0;pixels;0
496345664;Dorsal part of the lateral geniculate complex, shell;152634;152.633.578.979;pixels;24;181;181;pixels;0.001186
496345668;Dorsal part of the lateral geniculate complex, core;148344;148.344.110.718;pixels;46;374;374;pixels;0.002521
496345672;Dorsal part of the lateral geniculate complex, ipsilateral zone;51474;51.473.619.141;pixels;2;22;22;pixels;0.000427
856;Thalamus, polymodal association cortex related;0;0;pixels;0;0;0;pixels;0
138;Lateral group of the dorsal thalamus;0;0;pixels;0;0;0;pixels;0
218;Lateral posterior nucleus of the thalamus;299905;299.905.322.632;pixels;9;76;76;pixels;0.000253
1020;Posterior complex of the thalamus;66844;66.844.213.745;pixels;0;0;0;pixels;0
1029;Posterior limiting nucleus of the thalamus;43967;43.967.049.683;pixels;3;38;38;pixels;0.000864
325;Suprageniculate nucleus;67917;67.916.580.811;pixels;1;10;10;pixels;0.000147
560581551;Ethmoid nucleus of the thalamus;182660;182.659.856.812;pixels;4;44;44;pixels;0.000241
560581555;Retroethmoid nucleus;0;0;pixels;0;0;0;pixels;0
239;Anterior group of the dorsal thalamus;0;0;pixels;0;0;0;pixels;0
255;Anteroventral nucleus of thalamus;0;0;pixels;0;0;0;pixels;0
127;Anteromedial nucleus;0;0;pixels;0;0;0;pixels;0
1096;Anteromedial nucleus, dorsal part;0;0;pixels;0;0;0;pixels;0
1104;Anteromedial nucleus, ventral part;0;0;pixels;0;0;0;pixels;0
64;Anterodorsal nucleus;0;0;pixels;0;0;0;pixels;0
1120;Interanteromedial nucleus of the thalamus;0;0;pixels;0;0;0;pixels;0
1113;Interanterodorsal nucleus of the thalamus;0;0;pixels;0;0;0;pixels;0
155;Lateral dorsal nucleus of thalamus;0;0;pixels;0;0;0;pixels;0
444;Medial group of the dorsal thalamus;0;0;pixels;0;0;0;pixels;0
59;Intermediodorsal nucleus of the thalamus;0;0;pixels;0;0;0;pixels;0
362;Mediodorsal nucleus of thalamus;0;0;pixels;0;0;0;pixels;0
617;Mediodorsal nucleus of the thalamus, central part;0;0;pixels;0;0;0;pixels;0
626;Mediodorsal nucleus of the thalamus, lateral part;0;0;pixels;0;0;0;pixels;0
636;Mediodorsal nucleus of the thalamus, medial part;0;0;pixels;0;0;0;pixels;0
366;Submedial nucleus of the thalamus;0;0;pixels;0;0;0;pixels;0
1077;Perireunensis nucleus;0;0;pixels;0;0;0;pixels;0
571;Midline group of the dorsal thalamus;0;0;pixels;0;0;0;pixels;0
149;Paraventricular nucleus of the thalamus;0;0;pixels;0;0;0;pixels;0
15;Parataenial nucleus;0;0;pixels;0;0;0;pixels;0
181;Nucleus of reuniens;0;0;pixels;0;0;0;pixels;0
560581559;Xiphoid thalamic nucleus;0;0;pixels;0;0;0;pixels;0
51;Intralaminar nuclei of the dorsal thalamus;0;0;pixels;0;0;0;pixels;0
189;Rhomboid nucleus;0;0;pixels;0;0;0;pixels;0
599;Central medial nucleus of the thalamus;0;0;pixels;0;0;0;pixels;0
907;Paracentral nucleus;0;0;pixels;0;0;0;pixels;0
575;Central lateral nucleus of the thalamus;0;0;pixels;0;0;0;pixels;0
930;Parafascicular nucleus;9294;9.293.847.900;pixels;0;0;0;pixels;0
560581563;Posterior intralaminar thalamic nucleus;0;0;pixels;0;0;0;pixels;0
262;Reticular nucleus of the thalamus;0;0;pixels;0;0;0;pixels;0
1014;Geniculate group, ventral thalamus;0;0;pixels;0;0;0;pixels;0
27;Intergeniculate leaflet of the lateral geniculate complex;61482;61.482.378.418;pixels;66;593;593;pixels;0.009645
563807439;Intermediate geniculate nucleus;20732;20.732.429.932;pixels;5;41;41;pixels;0.001978
178;Ventral part of the lateral geniculate complex;291326;291.326.386.108;pixels;265;2657;2657;pixels;0.00912
300;Ventral part of the lateral geniculate complex, lateral zone;0;0;pixels;0;0;0;pixels;0
316;Ventral part of the lateral geniculate complex, medial zone;0;0;pixels;0;0;0;pixels;0
321;Subgeniculate nucleus;42180;42.179.771.240;pixels;0;0;0;pixels;0
958;Epithalamus;0;0;pixels;0;0;0;pixels;0
483;Medial habenula;0;0;pixels;0;0;0;pixels;0
186;Lateral habenula;0;0;pixels;0;0;0;pixels;0
953;Pineal body;0;0;pixels;0;0;0;pixels;0
1097;Hypothalamus;667370;667.369.770.386;pixels;226;2577;2577;pixels;0.003861
157;Periventricular zone;0;0;pixels;0;0;0;pixels;0
390;Supraoptic nucleus;0;0;pixels;0;0;0;pixels;0
332;Accessory supraoptic group;0;0;pixels;0;0;0;pixels;0
432;Nucleus circularis;0;0;pixels;0;0;0;pixels;0
38;Paraventricular hypothalamic nucleus;0;0;pixels;0;0;0;pixels;0
71;Paraventricular hypothalamic nucleus, magnocellular division;0;0;pixels;0;0;0;pixels;0
47;Paraventricular hypothalamic nucleus, magnocellular division, anterior magnocellular part;0;0;pixels;0;0;0;pixels;0
79;Paraventricular hypothalamic nucleus, magnocellular division, medial magnocellular part;0;0;pixels;0;0;0;pixels;0
103;Paraventricular hypothalamic nucleus, magnocellular division, posterior magnocellular part;0;0;pixels;0;0;0;pixels;0
652;Paraventricular hypothalamic nucleus, magnocellular division, posterior magnocellular part, lateral zone;0;0;pixels;0;0;0;pixels;0
660;Paraventricular hypothalamic nucleus, magnocellular division, posterior magnocellular part, medial zone;0;0;pixels;0;0;0;pixels;0
94;Paraventricular hypothalamic nucleus, parvicellular division;0;0;pixels;0;0;0;pixels;0
55;Paraventricular hypothalamic nucleus, parvicellular division, anterior parvicellular part;0;0;pixels;0;0;0;pixels;0
87;Paraventricular hypothalamic nucleus, parvicellular division, medial parvicellular part, dorsal zone;0;0;pixels;0;0;0;pixels;0
110;Paraventricular hypothalamic nucleus, parvicellular division, periventricular part;0;0;pixels;0;0;0;pixels;0
30;Periventricular hypothalamic nucleus, anterior part;0;0;pixels;0;0;0;pixels;0
118;Periventricular hypothalamic nucleus, intermediate part;62912;62.912.201.172;pixels;19;203;203;pixels;0.003227
223;Arcuate hypothalamic nucleus;198745;198.745.362.793;pixels;3;28;28;pixels;0.000141
141;Periventricular region;0;0;pixels;0;0;0;pixels;0
72;Anterodorsal preoptic nucleus;0;0;pixels;0;0;0;pixels;0
80;Anterior hypothalamic area;0;0;pixels;0;0;0;pixels;0
263;Anteroventral preoptic nucleus;0;0;pixels;0;0;0;pixels;0
272;Anteroventral periventricular nucleus;0;0;pixels;0;0;0;pixels;0
830;Dorsomedial nucleus of the hypothalamus;139408;139.407.718.506;pixels;47;640;640;pixels;0.004591
668;Dorsomedial nucleus of the hypothalamus, anterior part;0;0;pixels;0;0;0;pixels;0
676;Dorsomedial nucleus of the hypothalamus, posterior part;0;0;pixels;0;0;0;pixels;0
684;Dorsomedial nucleus of the hypothalamus, ventral part;0;0;pixels;0;0;0;pixels;0
452;Median preoptic nucleus;0;0;pixels;0;0;0;pixels;0
523;Medial preoptic area;0;0;pixels;0;0;0;pixels;0
763;Vascular organ of the lamina terminalis;0;0;pixels;0;0;0;pixels;0
914;Posterodorsal preoptic nucleus;0;0;pixels;0;0;0;pixels;0
1109;Parastrial nucleus;0;0;pixels;0;0;0;pixels;0
1124;Suprachiasmatic preoptic nucleus;0;0;pixels;0;0;0;pixels;0
126;Periventricular hypothalamic nucleus, posterior part;0;0;pixels;0;0;0;pixels;0
133;Periventricular hypothalamic nucleus, preoptic part;0;0;pixels;0;0;0;pixels;0
347;Subparaventricular zone;0;0;pixels;0;0;0;pixels;0
286;Suprachiasmatic nucleus;0;0;pixels;0;0;0;pixels;0
338;Subfornical organ;0;0;pixels;0;0;0;pixels;0
576073699;Ventromedial preoptic nucleus;0;0;pixels;0;0;0;pixels;0
689;Ventrolateral preoptic nucleus;0;0;pixels;0;0;0;pixels;0
467;Hypothalamic medial zone;0;0;pixels;0;0;0;pixels;0
88;Anterior hypothalamic nucleus;0;0;pixels;0;0;0;pixels;0
700;Anterior hypothalamic nucleus, anterior part;0;0;pixels;0;0;0;pixels;0
708;Anterior hypothalamic nucleus, central part;0;0;pixels;0;0;0;pixels;0
716;Anterior hypothalamic nucleus, dorsal part;0;0;pixels;0;0;0;pixels;0
724;Anterior hypothalamic nucleus, posterior part;0;0;pixels;0;0;0;pixels;0
331;Mammillary body;0;0;pixels;0;0;0;pixels;0
210;Lateral mammillary nucleus;0;0;pixels;0;0;0;pixels;0
491;Medial mammillary nucleus;0;0;pixels;0;0;0;pixels;0
732;Medial mammillary nucleus, median part;0;0;pixels;0;0;0;pixels;0
606826647;Medial mammillary nucleus, lateral part;0;0;pixels;0;0;0;pixels;0
606826651;Medial mammillary nucleus, medial part;0;0;pixels;0;0;0;pixels;0
606826655;Medial mammillary nucleus, posterior part;0;0;pixels;0;0;0;pixels;0
606826659;Medial mammillary nucleus, dorsal part;0;0;pixels;0;0;0;pixels;0
525;Supramammillary nucleus;0;0;pixels;0;0;0;pixels;0
1110;Supramammillary nucleus, lateral part;0;0;pixels;0;0;0;pixels;0
1118;Supramammillary nucleus, medial part;0;0;pixels;0;0;0;pixels;0
557;Tuberomammillary nucleus;0;0;pixels;0;0;0;pixels;0
1126;Tuberomammillary nucleus, dorsal part;0;0;pixels;0;0;0;pixels;0
1;Tuberomammillary nucleus, ventral part;78283;78.282.795.776;pixels;14;206;206;pixels;0.002631
515;Medial preoptic nucleus;0;0;pixels;0;0;0;pixels;0
740;Medial preoptic nucleus, central part;0;0;pixels;0;0;0;pixels;0
748;Medial preoptic nucleus, lateral part;0;0;pixels;0;0;0;pixels;0
756;Medial preoptic nucleus, medial part;0;0;pixels;0;0;0;pixels;0
980;Dorsal premammillary nucleus;5362;5.361.835.327;pixels;2;24;24;pixels;0.004476
1004;Ventral premammillary nucleus;119390;119.390.199.951;pixels;18;259;259;pixels;0.002169
63;Paraventricular hypothalamic nucleus, descending division;0;0;pixels;0;0;0;pixels;0
439;Paraventricular hypothalamic nucleus, descending division, dorsal parvicellular part;0;0;pixels;0;0;0;pixels;0
447;Paraventricular hypothalamic nucleus, descending division, forniceal part;0;0;pixels;0;0;0;pixels;0
455;Paraventricular hypothalamic nucleus, descending division, lateral parvicellular part;0;0;pixels;0;0;0;pixels;0
464;Paraventricular hypothalamic nucleus, descending division, medial parvicellular part, ventral zone;0;0;pixels;0;0;0;pixels;0
693;Ventromedial hypothalamic nucleus;21090;21.089.885.620;pixels;0;0;0;pixels;0
761;Ventromedial hypothalamic nucleus, anterior part;0;0;pixels;0;0;0;pixels;0
769;Ventromedial hypothalamic nucleus, central part;0;0;pixels;0;0;0;pixels;0
777;Ventromedial hypothalamic nucleus, dorsomedial part;0;0;pixels;0;0;0;pixels;0
785;Ventromedial hypothalamic nucleus, ventrolateral part;0;0;pixels;0;0;0;pixels;0
946;Posterior hypothalamic nucleus;946900;946.900.118.774;pixels;758;8499;8499;pixels;0.008976
290;Hypothalamic lateral zone;0;0;pixels;0;0;0;pixels;0
194;Lateral hypothalamic area;451824;451.823.990.234;pixels;121;1260;1260;pixels;0.002789
226;Lateral preoptic area;0;0;pixels;0;0;0;pixels;0
356;Preparasubthalamic nucleus;0;0;pixels;0;0;0;pixels;0
364;Parasubthalamic nucleus;180873;180.872.578.369;pixels;59;558;558;pixels;0.003085
576073704;Perifornical nucleus;0;0;pixels;0;0;0;pixels;0
173;Retrochiasmatic area;0;0;pixels;0;0;0;pixels;0
470;Subthalamic nucleus;139765;139.765.174.194;pixels;9;53;53;pixels;0.000379
614;Tuberal nucleus;180515;180.515.122.681;pixels;9;97;97;pixels;0.000537
797;Zona incerta;793552;793.551.628.418;pixels;258;2424;2424;pixels;0.003055
796;Dopaminergic A13 group;0;0;pixels;0;0;0;pixels;0
804;Fields of Forel;283462;283.462.360.962;pixels;152;1363;1363;pixels;0.004808
10671;Median eminence;63985;63.984.568.237;pixels;1;2;2;pixels;0.000031
313;Midbrain;1535987;1.535.987.093.384;pixels;880;9224;9224;pixels;0.006005
339;Midbrain, sensory related;0;0;pixels;0;0;0;pixels;0
302;Superior colliculus, sensory related;0;0;pixels;0;0;0;pixels;0
851;Superior colliculus, optic layer;0;0;pixels;0;0;0;pixels;0
842;Superior colliculus, superficial gray layer;0;0;pixels;0;0;0;pixels;0
834;Superior colliculus, zonal layer;0;0;pixels;0;0;0;pixels;0
4;Inferior colliculus;0;0;pixels;0;0;0;pixels;0
811;Inferior colliculus, central nucleus;0;0;pixels;0;0;0;pixels;0
820;Inferior colliculus, dorsal nucleus;0;0;pixels;0;0;0;pixels;0
828;Inferior colliculus, external nucleus;0;0;pixels;0;0;0;pixels;0
580;Nucleus of the brachium of the inferior colliculus;0;0;pixels;0;0;0;pixels;0
271;Nucleus sagulum;0;0;pixels;0;0;0;pixels;0
874;Parabigeminal nucleus;0;0;pixels;0;0;0;pixels;0
460;Midbrain trigeminal nucleus;0;0;pixels;0;0;0;pixels;0
599626923;Subcommissural organ;6434;6.434.202.393;pixels;0;0;0;pixels;0
323;Midbrain, motor related;0;0;pixels;0;0;0;pixels;0
381;Substantia nigra, reticular part;0;0;pixels;0;0;0;pixels;0
749;Ventral tegmental area;0;0;pixels;0;0;0;pixels;0
607344830;Paranigral nucleus;0;0;pixels;0;0;0;pixels;0
246;Midbrain reticular nucleus, retrorubral area;0;0;pixels;0;0;0;pixels;0
128;Midbrain reticular nucleus;242355;242.354.956.787;pixels;55;571;571;pixels;0.002356
539;Midbrain reticular nucleus, magnocellular part;0;0;pixels;0;0;0;pixels;0
548;Midbrain reticular nucleus, magnocellular part, general;0;0;pixels;0;0;0;pixels;0
555;Midbrain reticular nucleus, parvicellular part;0;0;pixels;0;0;0;pixels;0
294;Superior colliculus, motor related;0;0;pixels;0;0;0;pixels;0
26;Superior colliculus, motor related, deep gray layer;0;0;pixels;0;0;0;pixels;0
42;Superior colliculus, motor related, deep white layer;0;0;pixels;0;0;0;pixels;0
17;Superior colliculus, motor related, intermediate white layer;0;0;pixels;0;0;0;pixels;0
10;Superior colliculus, motor related, intermediate gray layer;0;0;pixels;0;0;0;pixels;0
494;Superior colliculus, motor related, intermediate gray layer, sublayer a;0;0;pixels;0;0;0;pixels;0
503;Superior colliculus, motor related, intermediate gray layer, sublayer b;0;0;pixels;0;0;0;pixels;0
511;Superior colliculus, motor related, intermediate gray layer, sublayer c;0;0;pixels;0;0;0;pixels;0
795;Periaqueductal gray;383192;383.192.498.047;pixels;339;4406;4406;pixels;0.011498
50;Precommissural nucleus;34673;34.673.201.782;pixels;27;425;425;pixels;0.012257
67;Interstitial nucleus of Cajal;0;0;pixels;0;0;0;pixels;0
587;Nucleus of Darkschewitsch;0;0;pixels;0;0;0;pixels;0
614454277;Supraoculomotor periaqueductal gray;0;0;pixels;0;0;0;pixels;0
1100;Pretectal region;0;0;pixels;0;0;0;pixels;0
215;Anterior pretectal nucleus;704903;704.902.617.676;pixels;175;1836;1836;pixels;0.002605
531;Medial pretectal area;87219;87.219.187.988;pixels;0;0;0;pixels;0
628;Nucleus of the optic tract;233776;233.776.020.264;pixels;12;90;90;pixels;0.000385
634;Nucleus of the posterior commissure;280603;280.602.715.454;pixels;259;3021;3021;pixels;0.010766
706;Olivary pretectal nucleus;52546;52.545.986.206;pixels;17;101;101;pixels;0.001922
1061;Posterior pretectal nucleus;94726;94.725.757.446;pixels;16;146;146;pixels;0.001541
549009203;Retroparafascicular nucleus;84360;84.359.542.480;pixels;171;1919;1919;pixels;0.022748
549009207;Intercollicular nucleus;0;0;pixels;0;0;0;pixels;0
616;Cuneiform nucleus;0;0;pixels;0;0;0;pixels;0
214;Red nucleus;0;0;pixels;0;0;0;pixels;0
35;Oculomotor nucleus;0;0;pixels;0;0;0;pixels;0
549009211;Medial accesory oculomotor nucleus;0;0;pixels;0;0;0;pixels;0
975;Edinger-Westphal nucleus;0;0;pixels;0;0;0;pixels;0
115;Trochlear nucleus;0;0;pixels;0;0;0;pixels;0
606826663;Paratrochlear nucleus;0;0;pixels;0;0;0;pixels;0
757;Ventral tegmental nucleus;0;0;pixels;0;0;0;pixels;0
231;Anterior tegmental nucleus;0;0;pixels;0;0;0;pixels;0
66;Lateral terminal nucleus of the accessory optic tract;0;0;pixels;0;0;0;pixels;0
75;Dorsal terminal nucleus of the accessory optic tract;0;0;pixels;0;0;0;pixels;0
58;Medial terminal nucleus of the accessory optic tract;0;0;pixels;0;0;0;pixels;0
615;Substantia nigra, lateral part;0;0;pixels;0;0;0;pixels;0
348;Midbrain, behavioral state related;0;0;pixels;0;0;0;pixels;0
374;Substantia nigra, compact part;0;0;pixels;0;0;0;pixels;0
1052;Pedunculopontine nucleus;0;0;pixels;0;0;0;pixels;0
165;Midbrain raphe nuclei;0;0;pixels;0;0;0;pixels;0
12;Interfascicular nucleus raphe;0;0;pixels;0;0;0;pixels;0
100;Interpeduncular nucleus;0;0;pixels;0;0;0;pixels;0
607344834;Interpeduncular nucleus, rostral;0;0;pixels;0;0;0;pixels;0
607344838;Interpeduncular nucleus, caudal;0;0;pixels;0;0;0;pixels;0
607344842;Interpeduncular nucleus, apical;0;0;pixels;0;0;0;pixels;0
607344846;Interpeduncular nucleus, lateral;0;0;pixels;0;0;0;pixels;0
607344850;Interpeduncular nucleus, intermediate;0;0;pixels;0;0;0;pixels;0
607344854;Interpeduncular nucleus, dorsomedial;0;0;pixels;0;0;0;pixels;0
607344858;Interpeduncular nucleus, dorsolateral;0;0;pixels;0;0;0;pixels;0
607344862;Interpeduncular nucleus, rostrolateral;0;0;pixels;0;0;0;pixels;0
197;Rostral linear nucleus raphe;0;0;pixels;0;0;0;pixels;0
591;Central linear nucleus raphe;0;0;pixels;0;0;0;pixels;0
872;Dorsal nucleus raphe;0;0;pixels;0;0;0;pixels;0
1065;Hindbrain;0;0;pixels;0;0;0;pixels;0
771;Pons;0;0;pixels;0;0;0;pixels;0
1132;Pons, sensory related;0;0;pixels;0;0;0;pixels;0
612;Nucleus of the lateral lemniscus;0;0;pixels;0;0;0;pixels;0
82;Nucleus of the lateral lemniscus, dorsal part;0;0;pixels;0;0;0;pixels;0
90;Nucleus of the lateral lemniscus, horizontal part;0;0;pixels;0;0;0;pixels;0
99;Nucleus of the lateral lemniscus, ventral part;0;0;pixels;0;0;0;pixels;0
7;Principal sensory nucleus of the trigeminal;0;0;pixels;0;0;0;pixels;0
867;Parabrachial nucleus;0;0;pixels;0;0;0;pixels;0
123;Koelliker-Fuse subnucleus;0;0;pixels;0;0;0;pixels;0
881;Parabrachial nucleus, lateral division;0;0;pixels;0;0;0;pixels;0
860;Parabrachial nucleus, lateral division, central lateral part;0;0;pixels;0;0;0;pixels;0
868;Parabrachial nucleus, lateral division, dorsal lateral part;0;0;pixels;0;0;0;pixels;0
875;Parabrachial nucleus, lateral division, external lateral part;0;0;pixels;0;0;0;pixels;0
883;Parabrachial nucleus, lateral division, superior lateral part;0;0;pixels;0;0;0;pixels;0
891;Parabrachial nucleus, lateral division, ventral lateral part;0;0;pixels;0;0;0;pixels;0
890;Parabrachial nucleus, medial division;0;0;pixels;0;0;0;pixels;0
899;Parabrachial nucleus, medial division, external medial part;0;0;pixels;0;0;0;pixels;0
915;Parabrachial nucleus, medial division, medial medial part;0;0;pixels;0;0;0;pixels;0
923;Parabrachial nucleus, medial division, ventral medial part;0;0;pixels;0;0;0;pixels;0
398;Superior olivary complex;0;0;pixels;0;0;0;pixels;0
122;Superior olivary complex, periolivary region;0;0;pixels;0;0;0;pixels;0
105;Superior olivary complex, medial part;0;0;pixels;0;0;0;pixels;0
114;Superior olivary complex, lateral part;0;0;pixels;0;0;0;pixels;0
987;Pons, motor related;0;0;pixels;0;0;0;pixels;0
280;Barrington's nucleus;0;0;pixels;0;0;0;pixels;0
880;Dorsal tegmental nucleus;0;0;pixels;0;0;0;pixels;0
283;Lateral tegmental nucleus;0;0;pixels;0;0;0;pixels;0
599626927;Posterodorsal tegmental nucleus;0;0;pixels;0;0;0;pixels;0
898;Pontine central gray;0;0;pixels;0;0;0;pixels;0
931;Pontine gray;0;0;pixels;0;0;0;pixels;0
1093;Pontine reticular nucleus, caudal part;0;0;pixels;0;0;0;pixels;0
552;Pontine reticular nucleus, ventral part;0;0;pixels;0;0;0;pixels;0
318;Supragenual nucleus;0;0;pixels;0;0;0;pixels;0
462;Superior salivatory nucleus;0;0;pixels;0;0;0;pixels;0
534;Supratrigeminal nucleus;0;0;pixels;0;0;0;pixels;0
574;Tegmental reticular nucleus;0;0;pixels;0;0;0;pixels;0
621;Motor nucleus of trigeminal;0;0;pixels;0;0;0;pixels;0
549009215;Peritrigeminal zone;0;0;pixels;0;0;0;pixels;0
549009219;Accessory trigeminal nucleus;0;0;pixels;0;0;0;pixels;0
549009223;Parvicellular motor 5 nucleus;0;0;pixels;0;0;0;pixels;0
549009227;Intertrigeminal nucleus;0;0;pixels;0;0;0;pixels;0
1117;Pons, behavioral state related;0;0;pixels;0;0;0;pixels;0
679;Superior central nucleus raphe;0;0;pixels;0;0;0;pixels;0
137;Superior central nucleus raphe, lateral part;0;0;pixels;0;0;0;pixels;0
130;Superior central nucleus raphe, medial part;0;0;pixels;0;0;0;pixels;0
147;Locus ceruleus;0;0;pixels;0;0;0;pixels;0
162;Laterodorsal tegmental nucleus;0;0;pixels;0;0;0;pixels;0
604;Nucleus incertus;0;0;pixels;0;0;0;pixels;0
146;Pontine reticular nucleus;0;0;pixels;0;0;0;pixels;0
238;Nucleus raphe pontis;0;0;pixels;0;0;0;pixels;0
350;Subceruleus nucleus;0;0;pixels;0;0;0;pixels;0
358;Sublaterodorsal nucleus;0;0;pixels;0;0;0;pixels;0
354;Medulla;0;0;pixels;0;0;0;pixels;0
386;Medulla, sensory related;0;0;pixels;0;0;0;pixels;0
207;Area postrema;0;0;pixels;0;0;0;pixels;0
607;Cochlear nuclei;0;0;pixels;0;0;0;pixels;0
112;Granular lamina of the cochlear nuclei;0;0;pixels;0;0;0;pixels;0
560;Cochlear nucleus, subpedunclular granular region;0;0;pixels;0;0;0;pixels;0
96;Dorsal cochlear nucleus;0;0;pixels;0;0;0;pixels;0
101;Ventral cochlear nucleus;0;0;pixels;0;0;0;pixels;0
720;Dorsal column nuclei;0;0;pixels;0;0;0;pixels;0
711;Cuneate nucleus;0;0;pixels;0;0;0;pixels;0
1039;Gracile nucleus;0;0;pixels;0;0;0;pixels;0
903;External cuneate nucleus;0;0;pixels;0;0;0;pixels;0
642;Nucleus of the trapezoid body;0;0;pixels;0;0;0;pixels;0
651;Nucleus of the solitary tract;0;0;pixels;0;0;0;pixels;0
659;Nucleus of the solitary tract, central part;0;0;pixels;0;0;0;pixels;0
666;Nucleus of the solitary tract, commissural part;0;0;pixels;0;0;0;pixels;0
674;Nucleus of the solitary tract, gelatinous part;0;0;pixels;0;0;0;pixels;0
682;Nucleus of the solitary tract, lateral part;0;0;pixels;0;0;0;pixels;0
691;Nucleus of the solitary tract, medial part;0;0;pixels;0;0;0;pixels;0
429;Spinal nucleus of the trigeminal, caudal part;0;0;pixels;0;0;0;pixels;0
437;Spinal nucleus of the trigeminal, interpolar part;0;0;pixels;0;0;0;pixels;0
445;Spinal nucleus of the trigeminal, oral part;0;0;pixels;0;0;0;pixels;0
77;Spinal nucleus of the trigeminal, oral part, caudal dorsomedial part;0;0;pixels;0;0;0;pixels;0
53;Spinal nucleus of the trigeminal, oral part, middle dorsomedial part, dorsal zone;0;0;pixels;0;0;0;pixels;0
61;Spinal nucleus of the trigeminal, oral part, middle dorsomedial part, ventral zone;0;0;pixels;0;0;0;pixels;0
45;Spinal nucleus of the trigeminal, oral part, rostral dorsomedial part;0;0;pixels;0;0;0;pixels;0
69;Spinal nucleus of the trigeminal, oral part, ventrolateral part;0;0;pixels;0;0;0;pixels;0
589508451;Paratrigeminal nucleus;0;0;pixels;0;0;0;pixels;0
789;Nucleus z;0;0;pixels;0;0;0;pixels;0
370;Medulla, motor related;0;0;pixels;0;0;0;pixels;0
653;Abducens nucleus;0;0;pixels;0;0;0;pixels;0
568;Accessory abducens nucleus;0;0;pixels;0;0;0;pixels;0
661;Facial motor nucleus;0;0;pixels;0;0;0;pixels;0
576;Accessory facial motor nucleus;0;0;pixels;0;0;0;pixels;0
640;Efferent vestibular nucleus;0;0;pixels;0;0;0;pixels;0
135;Nucleus ambiguus;0;0;pixels;0;0;0;pixels;0
939;Nucleus ambiguus, dorsal division;0;0;pixels;0;0;0;pixels;0
143;Nucleus ambiguus, ventral division;0;0;pixels;0;0;0;pixels;0
839;Dorsal motor nucleus of the vagus nerve;0;0;pixels;0;0;0;pixels;0
887;Efferent cochlear group;0;0;pixels;0;0;0;pixels;0
1048;Gigantocellular reticular nucleus;0;0;pixels;0;0;0;pixels;0
372;Infracerebellar nucleus;0;0;pixels;0;0;0;pixels;0
83;Inferior olivary complex;0;0;pixels;0;0;0;pixels;0
136;Intermediate reticular nucleus;0;0;pixels;0;0;0;pixels;0
106;Inferior salivatory nucleus;0;0;pixels;0;0;0;pixels;0
203;Linear nucleus of the medulla;0;0;pixels;0;0;0;pixels;0
235;Lateral reticular nucleus;0;0;pixels;0;0;0;pixels;0
955;Lateral reticular nucleus, magnocellular part;0;0;pixels;0;0;0;pixels;0
963;Lateral reticular nucleus, parvicellular part;0;0;pixels;0;0;0;pixels;0
307;Magnocellular reticular nucleus;0;0;pixels;0;0;0;pixels;0
395;Medullary reticular nucleus;0;0;pixels;0;0;0;pixels;0
1098;Medullary reticular nucleus, dorsal part;0;0;pixels;0;0;0;pixels;0
1107;Medullary reticular nucleus, ventral part;0;0;pixels;0;0;0;pixels;0
852;Parvicellular reticular nucleus;0;0;pixels;0;0;0;pixels;0
859;Parasolitary nucleus;0;0;pixels;0;0;0;pixels;0
938;Paragigantocellular reticular nucleus;0;0;pixels;0;0;0;pixels;0
970;Paragigantocellular reticular nucleus, dorsal part;0;0;pixels;0;0;0;pixels;0
978;Paragigantocellular reticular nucleus, lateral part;0;0;pixels;0;0;0;pixels;0
154;Perihypoglossal nuclei;0;0;pixels;0;0;0;pixels;0
161;Nucleus intercalatus;0;0;pixels;0;0;0;pixels;0
177;Nucleus of Roller;0;0;pixels;0;0;0;pixels;0
169;Nucleus prepositus;0;0;pixels;0;0;0;pixels;0
995;Paramedian reticular nucleus;0;0;pixels;0;0;0;pixels;0
1069;Parapyramidal nucleus;0;0;pixels;0;0;0;pixels;0
185;Parapyramidal nucleus, deep part;0;0;pixels;0;0;0;pixels;0
193;Parapyramidal nucleus, superficial part;0;0;pixels;0;0;0;pixels;0
701;Vestibular nuclei;0;0;pixels;0;0;0;pixels;0
209;Lateral vestibular nucleus;0;0;pixels;0;0;0;pixels;0
202;Medial vestibular nucleus;0;0;pixels;0;0;0;pixels;0
225;Spinal vestibular nucleus;0;0;pixels;0;0;0;pixels;0
217;Superior vestibular nucleus;0;0;pixels;0;0;0;pixels;0
765;Nucleus x;0;0;pixels;0;0;0;pixels;0
773;Hypoglossal nucleus;0;0;pixels;0;0;0;pixels;0
781;Nucleus y;0;0;pixels;0;0;0;pixels;0
76;Interstitial nucleus of the vestibular nerve;0;0;pixels;0;0;0;pixels;0
379;Medulla, behavioral state related;0;0;pixels;0;0;0;pixels;0
206;Nucleus raphe magnus;0;0;pixels;0;0;0;pixels;0
230;Nucleus raphe pallidus;0;0;pixels;0;0;0;pixels;0
222;Nucleus raphe obscurus;0;0;pixels;0;0;0;pixels;0
512;Cerebellum;0;0;pixels;0;0;0;pixels;0
528;Cerebellar cortex;0;0;pixels;0;0;0;pixels;0
1144;Cerebellar cortex, molecular layer;0;0;pixels;0;0;0;pixels;0
1145;Cerebellar cortex, Purkinje layer;0;0;pixels;0;0;0;pixels;0
1143;Cerebellar cortex, granular layer;0;0;pixels;0;0;0;pixels;0
645;Vermal regions;0;0;pixels;0;0;0;pixels;0
912;Lingula (I);0;0;pixels;0;0;0;pixels;0
10707;Lingula (I), molecular layer;0;0;pixels;0;0;0;pixels;0
10706;Lingula (I), Purkinje layer;0;0;pixels;0;0;0;pixels;0
10705;Lingula (I), granular layer;0;0;pixels;0;0;0;pixels;0
920;Central lobule;0;0;pixels;0;0;0;pixels;0
976;Lobule II;0;0;pixels;0;0;0;pixels;0
10710;Lobule II, molecular layer;0;0;pixels;0;0;0;pixels;0
10709;Lobule II, Purkinje layer;0;0;pixels;0;0;0;pixels;0
10708;Lobule II, granular layer;0;0;pixels;0;0;0;pixels;0
984;Lobule III;0;0;pixels;0;0;0;pixels;0
10713;Lobule III, molecular layer;0;0;pixels;0;0;0;pixels;0
10712;Lobule III, Purkinje layer;0;0;pixels;0;0;0;pixels;0
10711;Lobule III, granular layer;0;0;pixels;0;0;0;pixels;0
928;Culmen;0;0;pixels;0;0;0;pixels;0
992;Lobule IV;0;0;pixels;0;0;0;pixels;0
10716;Lobule IV, molecular layer;0;0;pixels;0;0;0;pixels;0
10715;Lobule IV, Purkinje layer;0;0;pixels;0;0;0;pixels;0
10714;Lobule IV, granular layer;0;0;pixels;0;0;0;pixels;0
1001;Lobule V;0;0;pixels;0;0;0;pixels;0
10719;Lobule V, molecular layer;0;0;pixels;0;0;0;pixels;0
10718;Lobule V, Purkinje layer;0;0;pixels;0;0;0;pixels;0
10717;Lobule V, granular layer;0;0;pixels;0;0;0;pixels;0
1091;Lobules IV-V;0;0;pixels;0;0;0;pixels;0
10722;Lobules IV-V, molecular layer;0;0;pixels;0;0;0;pixels;0
10721;Lobules IV-V, Purkinje layer;0;0;pixels;0;0;0;pixels;0
10720;Lobules IV-V, granular layer;0;0;pixels;0;0;0;pixels;0
936;Declive (VI);0;0;pixels;0;0;0;pixels;0
10725;Declive (VI), molecular layer;0;0;pixels;0;0;0;pixels;0
10724;Declive (VI), Purkinje layer;0;0;pixels;0;0;0;pixels;0
10723;Declive (VI), granular layer;0;0;pixels;0;0;0;pixels;0
944;Folium-tuber vermis (VII);0;0;pixels;0;0;0;pixels;0
10728;Folium-tuber vermis (VII), molecular layer;0;0;pixels;0;0;0;pixels;0
10727;Folium-tuber vermis (VII), Purkinje layer;0;0;pixels;0;0;0;pixels;0
10726;Folium-tuber vermis (VII), granular layer;0;0;pixels;0;0;0;pixels;0
951;Pyramus (VIII);0;0;pixels;0;0;0;pixels;0
10731;Pyramus (VIII), molecular layer;0;0;pixels;0;0;0;pixels;0
10730;Pyramus (VIII), Purkinje layer;0;0;pixels;0;0;0;pixels;0
10729;Pyramus (VIII), granular layer;0;0;pixels;0;0;0;pixels;0
957;Uvula (IX);0;0;pixels;0;0;0;pixels;0
10734;Uvula (IX), molecular layer;0;0;pixels;0;0;0;pixels;0
10733;Uvula (IX), Purkinje layer;0;0;pixels;0;0;0;pixels;0
10732;Uvula (IX), granular layer;0;0;pixels;0;0;0;pixels;0
968;Nodulus (X);0;0;pixels;0;0;0;pixels;0
10737;Nodulus (X), molecular layer;0;0;pixels;0;0;0;pixels;0
10736;Nodulus (X), Purkinje layer;0;0;pixels;0;0;0;pixels;0
10735;Nodulus (X), granular layer;0;0;pixels;0;0;0;pixels;0
1073;Hemispheric regions;0;0;pixels;0;0;0;pixels;0
1007;Simple lobule;0;0;pixels;0;0;0;pixels;0
10674;Simple lobule, molecular layer;0;0;pixels;0;0;0;pixels;0
10673;Simple lobule, Purkinje layer;0;0;pixels;0;0;0;pixels;0
10672;Simple lobule, granular layer;0;0;pixels;0;0;0;pixels;0
1017;Ansiform lobule;0;0;pixels;0;0;0;pixels;0
1056;Crus 1;0;0;pixels;0;0;0;pixels;0
10677;Crus 1, molecular layer;0;0;pixels;0;0;0;pixels;0
10676;Crus 1, Purkinje layer;0;0;pixels;0;0;0;pixels;0
10675;Crus 1, granular layer;0;0;pixels;0;0;0;pixels;0
1064;Crus 2;0;0;pixels;0;0;0;pixels;0
10680;Crus 2, molecular layer;0;0;pixels;0;0;0;pixels;0
10679;Crus 2, Purkinje layer;0;0;pixels;0;0;0;pixels;0
10678;Crus 2, granular layer;0;0;pixels;0;0;0;pixels;0
1025;Paramedian lobule;0;0;pixels;0;0;0;pixels;0
10683;Paramedian lobule, molecular layer;0;0;pixels;0;0;0;pixels;0
10682;Paramedian lobule, Purkinje layer;0;0;pixels;0;0;0;pixels;0
10681;Paramedian lobule, granular layer;0;0;pixels;0;0;0;pixels;0
1033;Copula pyramidis;0;0;pixels;0;0;0;pixels;0
10686;Copula pyramidis, molecular layer;0;0;pixels;0;0;0;pixels;0
10685;Copula pyramidis, Purkinje layer;0;0;pixels;0;0;0;pixels;0
10684;Copula pyramidis, granular layer;0;0;pixels;0;0;0;pixels;0
1041;Paraflocculus;0;0;pixels;0;0;0;pixels;0
10689;Paraflocculus, molecular layer;0;0;pixels;0;0;0;pixels;0
10688;Paraflocculus, Purkinje layer;0;0;pixels;0;0;0;pixels;0
10687;Paraflocculus, granular layer;0;0;pixels;0;0;0;pixels;0
1049;Flocculus;0;0;pixels;0;0;0;pixels;0
10692;Flocculus, molecular layer;0;0;pixels;0;0;0;pixels;0
10691;Flocculus, Purkinje layer;0;0;pixels;0;0;0;pixels;0
10690;Flocculus, granular layer;0;0;pixels;0;0;0;pixels;0
519;Cerebellar nuclei;0;0;pixels;0;0;0;pixels;0
989;Fastigial nucleus;0;0;pixels;0;0;0;pixels;0
91;Interposed nucleus;0;0;pixels;0;0;0;pixels;0
846;Dentate nucleus;0;0;pixels;0;0;0;pixels;0
589508455;Vestibulocerebellar nucleus;0;0;pixels;0;0;0;pixels;0
1009;fiber tracts;460403;460.402.926.758;pixels;33;241;241;pixels;0.000523
967;cranial nerves;0;0;pixels;0;0;0;pixels;0
885;terminal nerve;0;0;pixels;0;0;0;pixels;0
949;vomeronasal nerve;0;0;pixels;0;0;0;pixels;0
840;olfactory nerve;0;0;pixels;0;0;0;pixels;0
1016;olfactory nerve layer of main olfactory bulb;0;0;pixels;0;0;0;pixels;0
21;lateral olfactory tract, general;0;0;pixels;0;0;0;pixels;0
665;lateral olfactory tract, body;0;0;pixels;0;0;0;pixels;0
538;dorsal limb;0;0;pixels;0;0;0;pixels;0
459;accessory olfactory tract;0;0;pixels;0;0;0;pixels;0
900;anterior commissure, olfactory limb;0;0;pixels;0;0;0;pixels;0
848;optic nerve;0;0;pixels;0;0;0;pixels;0
876;accessory optic tract;0;0;pixels;0;0;0;pixels;0
916;brachium of the superior colliculus;106522;106.521.795.166;pixels;6;63;63;pixels;0.000591
336;superior colliculus commissure;0;0;pixels;0;0;0;pixels;0
117;optic chiasm;0;0;pixels;0;0;0;pixels;0
125;optic tract;133331;133.330.971.802;pixels;0;0;0;pixels;0
357;tectothalamic pathway;0;0;pixels;0;0;0;pixels;0
832;oculomotor nerve;0;0;pixels;0;0;0;pixels;0
62;medial longitudinal fascicle;0;0;pixels;0;0;0;pixels;0
158;posterior commissure;37890;37.890.302.979;pixels;19;250;250;pixels;0.006598
911;trochlear nerve;0;0;pixels;0;0;0;pixels;0
384;trochlear nerve decussation;0;0;pixels;0;0;0;pixels;0
710;abducens nerve;0;0;pixels;0;0;0;pixels;0
901;trigeminal nerve;0;0;pixels;0;0;0;pixels;0
93;motor root of the trigeminal nerve;0;0;pixels;0;0;0;pixels;0
229;sensory root of the trigeminal nerve;0;0;pixels;0;0;0;pixels;0
705;midbrain tract of the trigeminal nerve;0;0;pixels;0;0;0;pixels;0
794;spinal tract of the trigeminal nerve;0;0;pixels;0;0;0;pixels;0
798;facial nerve;0;0;pixels;0;0;0;pixels;0
1131;intermediate nerve;0;0;pixels;0;0;0;pixels;0
1116;genu of the facial nerve;0;0;pixels;0;0;0;pixels;0
933;vestibulocochlear nerve;0;0;pixels;0;0;0;pixels;0
1076;efferent cochleovestibular bundle;0;0;pixels;0;0;0;pixels;0
413;vestibular nerve;0;0;pixels;0;0;0;pixels;0
948;cochlear nerve;0;0;pixels;0;0;0;pixels;0
841;trapezoid body;0;0;pixels;0;0;0;pixels;0
641;intermediate acoustic stria;0;0;pixels;0;0;0;pixels;0
506;dorsal acoustic stria;0;0;pixels;0;0;0;pixels;0
658;lateral lemniscus;0;0;pixels;0;0;0;pixels;0
633;inferior colliculus commissure;0;0;pixels;0;0;0;pixels;0
482;brachium of the inferior colliculus;0;0;pixels;0;0;0;pixels;0
808;glossopharyngeal nerve;0;0;pixels;0;0;0;pixels;0
917;vagus nerve;0;0;pixels;0;0;0;pixels;0
237;solitary tract;0;0;pixels;0;0;0;pixels;0
717;accessory spinal nerve;0;0;pixels;0;0;0;pixels;0
813;hypoglossal nerve;0;0;pixels;0;0;0;pixels;0
925;ventral roots;0;0;pixels;0;0;0;pixels;0
792;dorsal roots;0;0;pixels;0;0;0;pixels;0
932;cervicothalamic tract;0;0;pixels;0;0;0;pixels;0
570;dorsolateral fascicle;0;0;pixels;0;0;0;pixels;0
522;dorsal commissure of the spinal cord;0;0;pixels;0;0;0;pixels;0
858;ventral commissure of the spinal cord;0;0;pixels;0;0;0;pixels;0
586;fasciculus proprius;0;0;pixels;0;0;0;pixels;0
514;dorsal column;0;0;pixels;0;0;0;pixels;0
380;cuneate fascicle;0;0;pixels;0;0;0;pixels;0
388;gracile fascicle;0;0;pixels;0;0;0;pixels;0
396;internal arcuate fibers;0;0;pixels;0;0;0;pixels;0
697;medial lemniscus;150131;150.131.389.160;pixels;16;200;200;pixels;0.001332
871;spinothalamic tract;0;0;pixels;0;0;0;pixels;0
29;lateral spinothalamic tract;0;0;pixels;0;0;0;pixels;0
389;ventral spinothalamic tract;0;0;pixels;0;0;0;pixels;0
245;spinocervical tract;0;0;pixels;0;0;0;pixels;0
261;spino-olivary pathway;0;0;pixels;0;0;0;pixels;0
270;spinoreticular pathway;0;0;pixels;0;0;0;pixels;0
293;spinovestibular pathway;0;0;pixels;0;0;0;pixels;0
277;spinotectal pathway;0;0;pixels;0;0;0;pixels;0
253;spinohypothalamic pathway;0;0;pixels;0;0;0;pixels;0
285;spinotelenchephalic pathway;0;0;pixels;0;0;0;pixels;0
627;hypothalamohypophysial tract;0;0;pixels;0;0;0;pixels;0
960;cerebellum related fiber tracts;0;0;pixels;0;0;0;pixels;0
744;cerebellar commissure;0;0;pixels;0;0;0;pixels;0
752;cerebellar peduncles;0;0;pixels;0;0;0;pixels;0
326;superior cerebelar peduncles;0;0;pixels;0;0;0;pixels;0
812;superior cerebellar peduncle decussation;0;0;pixels;0;0;0;pixels;0
85;spinocerebellar tract;0;0;pixels;0;0;0;pixels;0
850;uncinate fascicle;0;0;pixels;0;0;0;pixels;0
866;ventral spinocerebellar tract;0;0;pixels;0;0;0;pixels;0
78;middle cerebellar peduncle;0;0;pixels;0;0;0;pixels;0
1123;inferior cerebellar peduncle;0;0;pixels;0;0;0;pixels;0
553;dorsal spinocerebellar tract;0;0;pixels;0;0;0;pixels;0
499;cuneocerebellar tract;0;0;pixels;0;0;0;pixels;0
650;juxtarestiform body;0;0;pixels;0;0;0;pixels;0
490;bulbocerebellar tract;0;0;pixels;0;0;0;pixels;0
404;olivocerebellar tract;0;0;pixels;0;0;0;pixels;0
410;reticulocerebellar tract;0;0;pixels;0;0;0;pixels;0
373;trigeminocerebellar tract;0;0;pixels;0;0;0;pixels;0
728;arbor vitae;0;0;pixels;0;0;0;pixels;0
484682512;supra-callosal cerebral white matter;19660;19.660.062.866;pixels;6;75;75;pixels;0.003815
983;lateral forebrain bundle system;0;0;pixels;0;0;0;pixels;0
776;corpus callosum;0;0;pixels;0;0;0;pixels;0
956;corpus callosum, anterior forceps;0;0;pixels;0;0;0;pixels;0
579;external capsule;65772;65.771.846.680;pixels;26;389;389;pixels;0.005914
964;corpus callosum, extreme capsule;34316;34.315.746.094;pixels;13;241;241;pixels;0.007023
1108;genu of corpus callosum;0;0;pixels;0;0;0;pixels;0
971;corpus callosum, posterior forceps;562635;562.635.253.662;pixels;41;464;464;pixels;0.000825
979;corpus callosum, rostrum;0;0;pixels;0;0;0;pixels;0
484682516;corpus callosum, body;0;0;pixels;0;0;0;pixels;0
986;corpus callosum, splenium;2860;2.859.645.508;pixels;0;0;0;pixels;0
784;corticospinal tract;0;0;pixels;0;0;0;pixels;0
6;internal capsule;381763;381.762.675.293;pixels;3;5;5;pixels;0.000013
924;cerebal peduncle;26809;26.809.176.636;pixels;0;0;0;pixels;0
1036;corticotectal tract;0;0;pixels;0;0;0;pixels;0
1012;corticorubral tract;0;0;pixels;0;0;0;pixels;0
1003;corticopontine tract;0;0;pixels;0;0;0;pixels;0
994;corticobulbar tract;0;0;pixels;0;0;0;pixels;0
190;pyramid;0;0;pixels;0;0;0;pixels;0
198;pyramidal decussation;0;0;pixels;0;0;0;pixels;0
1019;corticospinal tract, crossed;0;0;pixels;0;0;0;pixels;0
1028;corticospinal tract, uncrossed;0;0;pixels;0;0;0;pixels;0
896;thalamus related;0;0;pixels;0;0;0;pixels;0
1092;external medullary lamina of the thalamus;0;0;pixels;0;0;0;pixels;0
14;internal medullary lamina of the thalamus;0;0;pixels;0;0;0;pixels;0
86;middle thalamic commissure;0;0;pixels;0;0;0;pixels;0
365;thalamic peduncles;0;0;pixels;0;0;0;pixels;0
484682520;optic radiation;368894;368.894.270.508;pixels;21;273;273;pixels;0.00074
484682524;auditory radiation;166574;166.574.350.830;pixels;17;151;151;pixels;0.000907
1000;extrapyramidal fiber systems;0;0;pixels;0;0;0;pixels;0
760;cerebral nuclei related;0;0;pixels;0;0;0;pixels;0
142;pallidothalamic pathway;0;0;pixels;0;0;0;pixels;0
102;nigrostriatal tract;38605;38.605.214.355;pixels;21;137;137;pixels;0.003549
109;nigrothalamic fibers;0;0;pixels;0;0;0;pixels;0
134;pallidotegmental fascicle;0;0;pixels;0;0;0;pixels;0
309;striatonigral pathway;0;0;pixels;0;0;0;pixels;0
317;subthalamic fascicle;0;0;pixels;0;0;0;pixels;0
877;tectospinal pathway;0;0;pixels;0;0;0;pixels;0
1051;direct tectospinal pathway;0;0;pixels;0;0;0;pixels;0
1060;doral tegmental decussation;0;0;pixels;0;0;0;pixels;0
1043;crossed tectospinal pathway;0;0;pixels;0;0;0;pixels;0
863;rubrospinal tract;0;0;pixels;0;0;0;pixels;0
397;ventral tegmental decussation;0;0;pixels;0;0;0;pixels;0
221;rubroreticular tract;0;0;pixels;0;0;0;pixels;0
736;central tegmental bundle;0;0;pixels;0;0;0;pixels;0
855;retriculospinal tract;0;0;pixels;0;0;0;pixels;0
205;retriculospinal tract, lateral part;0;0;pixels;0;0;0;pixels;0
213;retriculospinal tract, medial part;0;0;pixels;0;0;0;pixels;0
941;vestibulospinal pathway;0;0;pixels;0;0;0;pixels;0
991;medial forebrain bundle system;0;0;pixels;0;0;0;pixels;0
768;cerebrum related;0;0;pixels;0;0;0;pixels;0
884;amygdalar capsule;51116;51.116.163.452;pixels;19;130;130;pixels;0.002543
892;ansa peduncularis;0;0;pixels;0;0;0;pixels;0
908;anterior commissure, temporal limb;0;0;pixels;0;0;0;pixels;0
940;cingulum bundle;119748;119.747.655.640;pixels;19;228;228;pixels;0.001904
1099;fornix system;0;0;pixels;0;0;0;pixels;0
466;alveus;306697;306.696.980.713;pixels;15;151;151;pixels;0.000492
530;dorsal fornix;0;0;pixels;0;0;0;pixels;0
603;fimbria;89721;89.721.377.808;pixels;3;22;22;pixels;0.000245
745;precommissural fornix, general;0;0;pixels;0;0;0;pixels;0
420;precommissural fornix diagonal band;0;0;pixels;0;0;0;pixels;0
737;postcommissural fornix;0;0;pixels;0;0;0;pixels;0
428;medial corticohypothalamic tract;0;0;pixels;0;0;0;pixels;0
436;columns of the fornix;24307;24.306.986.816;pixels;10;90;90;pixels;0.003703
618;hippocampal commissures;0;0;pixels;0;0;0;pixels;0
443;dorsal hippocampal commissure;195886;195.885.717.285;pixels;3;29;29;pixels;0.000148
449;ventral hippocampal commissure;0;0;pixels;0;0;0;pixels;0
713;perforant path;0;0;pixels;0;0;0;pixels;0
474;angular path;0;0;pixels;0;0;0;pixels;0
37;longitudinal association bundle;0;0;pixels;0;0;0;pixels;0
301;stria terminalis;36818;36.817.935.913;pixels;4;27;27;pixels;0.000733
484682528;commissural branch of stria terminalis;0;0;pixels;0;0;0;pixels;0
824;hypothalamus related;0;0;pixels;0;0;0;pixels;0
54;medial forebrain bundle;357;357.455.688;pixels;0;0;0;pixels;0
405;ventrolateral hypothalamic tract;0;0;pixels;0;0;0;pixels;0
174;preoptic commissure;0;0;pixels;0;0;0;pixels;0
349;supraoptic commissures;0;0;pixels;0;0;0;pixels;0
817;supraoptic commissures, anterior;0;0;pixels;0;0;0;pixels;0
825;supraoptic commissures, dorsal;0;0;pixels;0;0;0;pixels;0
833;supraoptic commissures, ventral;0;0;pixels;0;0;0;pixels;0
166;premammillary commissure;0;0;pixels;0;0;0;pixels;0
341;supramammillary decussation;0;0;pixels;0;0;0;pixels;0
182;propriohypothalamic pathways;0;0;pixels;0;0;0;pixels;0
762;propriohypothalamic pathways, dorsal;0;0;pixels;0;0;0;pixels;0
770;propriohypothalamic pathways, lateral;0;0;pixels;0;0;0;pixels;0
779;propriohypothalamic pathways, medial;0;0;pixels;0;0;0;pixels;0
787;propriohypothalamic pathways, ventral;0;0;pixels;0;0;0;pixels;0
150;periventricular bundle of the hypothalamus;0;0;pixels;0;0;0;pixels;0
46;mammillary related;0;0;pixels;0;0;0;pixels;0
753;principal mammillary tract;30741;30.741.189.209;pixels;31;329;329;pixels;0.010702
690;mammillothalamic tract;62555;62.554.745.483;pixels;42;443;443;pixels;0.007082
681;mammillotegmental tract;0;0;pixels;0;0;0;pixels;0
673;mammillary peduncle;0;0;pixels;0;0;0;pixels;0
1068;dorsal thalamus related;0;0;pixels;0;0;0;pixels;0
722;periventricular bundle of the thalamus;0;0;pixels;0;0;0;pixels;0
1083;epithalamus related;0;0;pixels;0;0;0;pixels;0
802;stria medullaris;0;0;pixels;0;0;0;pixels;0
595;fasciculus retroflexus;83287;83.287.175.415;pixels;5;57;57;pixels;0.000684
611;habenular commissure;0;0;pixels;0;0;0;pixels;0
730;pineal stalk;0;0;pixels;0;0;0;pixels;0
70;midbrain related;0;0;pixels;0;0;0;pixels;0
547;dorsal longitudinal fascicle;0;0;pixels;0;0;0;pixels;0
563;dorsal tegmental tract;0;0;pixels;0;0;0;pixels;0
73;ventricular systems;0;0;pixels;0;0;0;pixels;0
81;lateral ventricle;364962;364.962.257.935;pixels;10;149;149;pixels;0.000408
89;rhinocele;0;0;pixels;0;0;0;pixels;0
98;subependymal zone;0;0;pixels;0;0;0;pixels;0
108;choroid plexus;191239;191.238.793.335;pixels;4;26;26;pixels;0.000136
116;choroid fissure;0;0;pixels;0;0;0;pixels;0
124;interventricular foramen;0;0;pixels;0;0;0;pixels;0
129;third ventricle;94368;94.368.301.758;pixels;12;127;127;pixels;0.001346
140;cerebral aqueduct;0;0;pixels;0;0;0;pixels;0
145;fourth ventricle;0;0;pixels;0;0;0;pixels;0
153;lateral recess;0;0;pixels;0;0;0;pixels;0
164;central canal, spinal cord/medulla;0;0;pixels;0;0;0;pixels;0
1024;grooves;0;0;pixels;0;0;0;pixels;0
1032;grooves of the cerebral cortex;0;0;pixels;0;0;0;pixels;0
1055;endorhinal groove;0;0;pixels;0;0;0;pixels;0
1063;hippocampal fissure;0;0;pixels;0;0;0;pixels;0
1071;rhinal fissure;0;0;pixels;0;0;0;pixels;0
1078;rhinal incisure;0;0;pixels;0;0;0;pixels;0
1040;grooves of the cerebellar cortex;0;0;pixels;0;0;0;pixels;0
1087;precentral fissure;0;0;pixels;0;0;0;pixels;0
1095;preculminate fissure;0;0;pixels;0;0;0;pixels;0
1103;primary fissure;0;0;pixels;0;0;0;pixels;0
1112;posterior superior fissure;0;0;pixels;0;0;0;pixels;0
1119;prepyramidal fissure;0;0;pixels;0;0;0;pixels;0
3;secondary fissure;0;0;pixels;0;0;0;pixels;0
11;posterolateral fissure;0;0;pixels;0;0;0;pixels;0
18;nodular fissure;0;0;pixels;0;0;0;pixels;0
25;simple fissure;0;0;pixels;0;0;0;pixels;0
34;intercrural fissure;0;0;pixels;0;0;0;pixels;0
43;ansoparamedian fissure;0;0;pixels;0;0;0;pixels;0
49;intraparafloccular fissure;0;0;pixels;0;0;0;pixels;0
57;paramedian sulcus;0;0;pixels;0;0;0;pixels;0
65;parafloccular sulcus;0;0;pixels;0;0;0;pixels;0
624;Interpeduncular fossa;0;0;pixels;0;0;0;pixels;0
304325711;retina;0;0;pixels;0;0;0;pixels;0
