"V1","V2"
"FP","M2"
"FP","OA"
"FP","AU"
"FP","TT"
"FP","DLS"
"M1","M2"
"M1","S1"
"M1","SS"
"M1","GA"
"M1","VA"
"M1","VALCT"
"M1","VPLT"
"M1","VPMT"
"M1","SMT"
"M1","Rh"
"M1","PCn"
"M2","OA"
"M2","AU"
"M2","DLS"
"M2","VALCT"
"M2","SMT"
"M2","subGn"
"S1","SS"
"S1","GA"
"S1","VA"
"S1","VALCT"
"S1","VMT"
"S1","VPLT"
"S1","VPMT"
"S1","PTTn"
"S1","PCT"
"S1","EnT"
"S1","IMDT"
"S1","Rh"
"S1","CMT"
"S1","PCn"
"S1","CLT"
"SS","GA"
"SS","VA"
"SS","VMT"
"SS","VPLT"
"SS","VPMT"
"SS","PTTn"
"SS","PCT"
"SS","EnT"
"SS","IMDT"
"SS","Rh"
"SS","PCn"
"SS","VTA"
"GA","VA"
"GA","VPLT"
"GA","Rh"
"GA","PCn"
"VA","IAn"
"VA","Rh"
"AuA","ViA"
"AuA","STN"
"AuA","VTA"
"ViA","RS"
"ViA","AA"
"ViA","SCN"
"dACC","Vacc"
"dACC","PL"
"dACC","DMS"
"dACC","RT"
"Vacc","DMS"
"Vacc","PVT"
"Vacc","PT"
"Vacc","RT"
"Vacc","MHb"
"PL","IL"
"PL","DPA"
"PL","DMS"
"PL","RT"
"IL","DPA"
"IL","DMS"
"OA","AU"
"OA","DLS"
"AU","aOn"
"AU","DPA"
"AU","dEPn"
"AU","DLS"
"RS","SCN"
"AA","XiT"
"AA","SCN"
"TeAA","Ech"
"TeAA","PVH"
"TeAA","DMH"
"Prh","Ech"
"Prh","lpEC"
"Prh","PVH"
"Prh","IPVH"
"Prh","DMH"
"Ech","lpEC"
"Ech","PVH"
"Ech","DMH"
"aOn","TT"
"aOn","dEPn"
"aOn","IAn"
"PC","PAA"
"CCA","LAn"
"CCA","BMe"
"CCA","MAn"
"CCA","PVH"
"CCA","DMH"
"PAA","LAn"
"PAA","BMe"
"CA1","CA3"
"CA1","AVT"
"CA1","MHb"
"CA1","PreCN"
"CA2","IG"
"CA2","Gpe"
"CA2","Gpi"
"CA3","IG"
"CA3","PreCN"
"DG","NACC.SHELL"
"DG","FStr"
"DG","SFn"
"DG","SubInn"
"DG","MGCn"
"DG","MSn"
"DG","DBn"
"DG","AVPO"
"DG","MPA"
"DG","PSN"
"DG","MPO"
"DG","VMHn"
"DG","LPO"
"lpEC","IPVH"
"proSub","MHb"
"vEPn","LAn"
"vEPn","BLA"
"vEPn","BMe"
"vEPn","PAn"
"vEPn","NACC.CORE"
"vEPn","SON"
"vEPn","SMN"
"LAn","BMe"
"LAn","PAn"
"LAn","MAn"
"LAn","AHN"
"BMe","PAn"
"BMe","AHN"
"PAn","SON"
"NACC.SHELL","FStr"
"NACC.SHELL","OT"
"NACC.SHELL","SubInn"
"NACC.SHELL","LPO"
"NACC.CORE","SMN"
"FStr","SubInn"
"FStr","LPO"
"OT","aAA"
"OT","SubInn"
"OT","MGCn"
"OT","MSn"
"OT","DBn"
"OT","dLGC"
"OT","AVPO"
"OT","AVPV"
"OT","MePO"
"OT","MPA"
"OT","MPO"
"OT","VMHn"
"OT","LPO"
"LSN","SFn"
"LSN","MAn"
"LSN","BNST"
"LSN","PT"
"LSN","PSN"
"SFn","MAn"
"SFn","TnS"
"SFn","BNST"
"SFn","ADPO"
"SFn","PSN"
"aAA","SubInn"
"aAA","MGCn"
"aAA","MSn"
"aAA","DBn"
"aAA","dLGC"
"aAA","AVPO"
"aAA","AVPV"
"aAA","MePO"
"aAA","MPA"
"aAA","VMHn"
"aAA","LPO"
"CA","IMDT"
"MAn","TnS"
"MAn","ADPO"
"MAn","PSN"
"MAn","MPO"
"Gpe","Gpi"
"SubInn","MGCn"
"SubInn","MSn"
"SubInn","DBn"
"SubInn","dLGC"
"SubInn","AVPO"
"SubInn","AVPV"
"SubInn","MePO"
"SubInn","MPA"
"SubInn","MPO"
"SubInn","VMHn"
"SubInn","LPO"
"SubInn","reSN"
"MGCn","MSn"
"MGCn","DBn"
"MGCn","dLGC"
"MGCn","AVPO"
"MGCn","AVPV"
"MGCn","MePO"
"MGCn","MPA"
"MGCn","PSN"
"MGCn","MPO"
"MGCn","VMHn"
"MGCn","LPO"
"MSn","DBn"
"MSn","dLGC"
"MSn","ADPO"
"MSn","AVPO"
"MSn","AVPV"
"MSn","MePO"
"MSn","MPA"
"MSn","PSN"
"MSn","MPO"
"MSn","VMHn"
"MSn","LPO"
"DBn","dLGC"
"DBn","AVPO"
"DBn","AVPV"
"DBn","MePO"
"DBn","MPA"
"DBn","PSN"
"DBn","MPO"
"DBn","VMHn"
"DBn","LPO"
"BNST","PT"
"BNST","PSN"
"VALCT","VPLT"
"VALCT","AMn"
"VALCT","IADT"
"VALCT","SMT"
"VALCT","Rh"
"VALCT","CMT"
"VALCT","PCn"
"VMT","VPLT"
"VMT","PTTn"
"VMT","PCT"
"VMT","PlnT"
"VMT","EnT"
"VMT","IMDT"
"VMT","MDT"
"VMT","XiT"
"VMT","CMT"
"VMT","PCn"
"VMT","CLT"
"VPLT","VPMT"
"VPLT","PCT"
"VPLT","EnT"
"VPLT","SMT"
"VPLT","Rh"
"VPLT","PCn"
"VPMT","PTTn"
"VPMT","PCT"
"VPMT","EnT"
"VPMT","IMDT"
"VPMT","Rh"
"VPMT","PCn"
"VPMT","CLT"
"VPMT","VTA"
"PTTn","PCT"
"PTTn","PlnT"
"PTTn","EnT"
"PTTn","IMDT"
"PTTn","ZI"
"PTTn","VTA"
"MGC","LPT"
"MGC","APTN"
"MGC","cSN"
"dLGC","AVPO"
"dLGC","MePO"
"dLGC","MPA"
"dLGC","VMHn"
"dLGC","LPO"
"LPT","VTA"
"PCT","EnT"
"PCT","SMT"
"PCT","Rh"
"PCT","PCn"
"PCT","CLT"
"PlnT","EnT"
"PlnT","ZI"
"PlnT","APTN"
"EnT","IMDT"
"EnT","CMT"
"EnT","PCn"
"EnT","ZI"
"AVT","AMn"
"AVT","IADT"
"AMn","IADT"
"IADT","SMT"
"IADT","CMT"
"IMDT","MDT"
"IMDT","CMT"
"IMDT","PCn"
"IMDT","CLT"
"MDT","SMT"
"MDT","CMT"
"MDT","PCn"
"MDT","CLT"
"SMT","Rh"
"SMT","CMT"
"SMT","PCn"
"SMT","CLT"
"pRE","RE"
"pRE","XiT"
"PVT","PT"
"PVT","MHb"
"PT","RT"
"PT","LHb"
"RE","XiT"
"RE","FF"
"Rh","PCn"
"CMT","PCn"
"CMT","CLT"
"PCn","CLT"
"RT","MHb"
"IGLLGC","vlLGC"
"IGLLGC","LHA"
"vlLGC","LHA"
"vlLGC","SCO"
"SON","TN"
"PVH","DMH"
"ADPO","AVPO"
"ADPO","AVPV"
"ADPO","MPA"
"ADPO","PSN"
"ADPO","MPO"
"AVPO","AVPV"
"AVPO","MePO"
"AVPO","MPA"
"AVPO","PSN"
"AVPO","MPO"
"AVPO","VMHn"
"AVPO","LPO"
"AVPV","MePO"
"AVPV","MPA"
"AVPV","PSN"
"AVPV","MPO"
"AVPV","VMHn"
"AVPV","LPO"
"DMH","SPZ"
"MePO","MPA"
"MePO","MPO"
"MePO","VMHn"
"MePO","LPO"
"MPA","PSN"
"MPA","MPO"
"MPA","VMHn"
"MPA","LPO"
"PSN","MPO"
"PSN","LPO"
"AHN","SMN"
"MPO","VMHn"
"MPO","LPO"
"VMHn","LPO"
"VMHn","reSN"
"VMHn","cSN"
"LHA","SCO"
"PSTN","FF"
"STN","VTA"
"ZI","PAG"
"SCO","PreCN"
"reSN","cSN"
"APTN","cSN"
