Region ID;Region Name;Region pixels;Region area;Area unit;Object count;Object pixels;Object area;Area unit;Load;;;;;;;;;;;;;;
0;Clear Label;0;0;um2;63;737;737;um2;0;;;;;;;;;;;;;;
997;root;23516;23516.140045;um2;17;299;299;um2;0.012715;;;;;;;;;;;;;;
8;Basic cell groups and regions;0;0;um2;0;0;0;um2;0;;;;;;;;;;;;;;
567;Cerebrum;0;0;um2;0;0;0;um2;0;;;;;;;;;;;;;;
688;Cerebral cortex;0;0;um2;0;0;0;um2;0;;;;;;;;;;;;;;
695;Cortical plate;0;0;um2;0;0;0;um2;0;;;;;;;;;;;;;;
315;Isocortex;0;0;um2;0;0;0;um2;0;;;;;;;;;;;;;;
184;Frontal pole, cerebral cortex;0;0;um2;0;0;0;um2;0;;;;;;;;;;;;;;
68;Frontal pole, layer 1;0;0;um2;0;0;0;um2;0;;;;;;;;;;;;;;
667;Frontal pole, layer 2/3;0;0;um2;0;0;0;um2;0;;;;;;;;;;;;;;
526157192;Frontal pole, layer 5;0;0;um2;0;0;0;um2;0;;;;;;;;;;;;;;
526157196;Frontal pole, layer 6a;0;0;um2;0;0;0;um2;0;;;;;;;;;;;;;;
526322264;Frontal pole, layer 6b;0;0;um2;0;0;0;um2;0;;;;;;;;;;;;;;
500;Somatomotor areas;0;0;um2;0;0;0;um2;0;;;;;;;;;;;;;;
107;Somatomotor areas, Layer 1;0;0;um2;0;0;0;um2;0;;;;;;;;;;;;;;
219;Somatomotor areas, Layer 2/3;0;0;um2;0;0;0;um2;0;;;;;;;;;;;;;;
299;Somatomotor areas, Layer 5;0;0;um2;0;0;0;um2;0;;;;;;;;;;;;;;
644;Somatomotor areas, Layer 6a;0;0;um2;0;0;0;um2;0;;;;;;;;;;;;;;
947;Somatomotor areas, Layer 6b;0;0;um2;0;0;0;um2;0;;;;;;;;;;;;;;
985;Primary motor area;0;0;um2;0;0;0;um2;0;;;;;;;;;;;;;;
320;Primary motor area, Layer 1;260171;260170.628754;um2;89;3853;3853;um2;0.014810;;;;;;;;;;;;;;
943;Primary motor area, Layer 2/3;897346;897346.042358;um2;635;22602;22602;um2;0.025188;;;;;;;;;;;;;;
648;Primary motor area, Layer 5;913397;913396.741119;um2;225;6993;6993;um2;0.007656;;;;;;;;;;;;;;
844;Primary motor area, Layer 6a;1291895;1291894.614227;um2;622;21339;21339;um2;0.016518;;;;;;;;;;;;;;
882;Primary motor area, Layer 6b;77641;77640.589355;um2;25;431;431;um2;0.005551;;;;;;;;;;;;;;
993;Secondary motor area;0;0;um2;0;0;0;um2;0;;;;;;;;;;;;;;
656;Secondary motor area, layer 1;310189;310189.085358;um2;57;2458;2458;um2;0.007924;;;;;;;;;;;;;;
962;Secondary motor area, layer 2/3;543484;543484.125488;um2;352;14720;14720;um2;0.027085;;;;;;;;;;;;;;
767;Secondary motor area, layer 5;722281;722281.444244;um2;453;16666;16666;um2;0.023074;;;;;;;;;;;;;;
1021;Secondary motor area, layer 6a;485627;485626.955536;um2;379;14061;14061;um2;0.028954;;;;;;;;;;;;;;
1085;Secondary motor area, layer 6b;23889;23889.412109;um2;15;519;519;um2;0.021725;;;;;;;;;;;;;;
453;Somatosensory areas;0;0;um2;0;0;0;um2;0;;;;;;;;;;;;;;
12993;Somatosensory areas, layer 1;0;0;um2;0;0;0;um2;0;;;;;;;;;;;;;;
12994;Somatosensory areas, layer 2/3;0;0;um2;0;0;0;um2;0;;;;;;;;;;;;;;
12995;Somatosensory areas, layer 4;0;0;um2;0;0;0;um2;0;;;;;;;;;;;;;;
12996;Somatosensory areas, layer 5;0;0;um2;0;0;0;um2;0;;;;;;;;;;;;;;
12997;Somatosensory areas, layer 6a;0;0;um2;0;0;0;um2;0;;;;;;;;;;;;;;
12998;Somatosensory areas, layer 6b;0;0;um2;0;0;0;um2;0;;;;;;;;;;;;;;
322;Primary somatosensory area;0;0;um2;0;0;0;um2;0;;;;;;;;;;;;;;
793;Primary somatosensory area, layer 1;0;0;um2;0;0;0;um2;0;;;;;;;;;;;;;;
346;Primary somatosensory area, layer 2/3;0;0;um2;0;0;0;um2;0;;;;;;;;;;;;;;
865;Primary somatosensory area, layer 4;0;0;um2;0;0;0;um2;0;;;;;;;;;;;;;;
921;Primary somatosensory area, layer 5;0;0;um2;0;0;0;um2;0;;;;;;;;;;;;;;
686;Primary somatosensory area, layer 6a;0;0;um2;0;0;0;um2;0;;;;;;;;;;;;;;
719;Primary somatosensory area, layer 6b;0;0;um2;0;0;0;um2;0;;;;;;;;;;;;;;
353;Primary somatosensory area, nose;0;0;um2;0;0;0;um2;0;;;;;;;;;;;;;;
558;Primary somatosensory area, nose, layer 1;0;0;um2;0;0;0;um2;0;;;;;;;;;;;;;;
838;Primary somatosensory area, nose, layer 2/3;0;0;um2;0;0;0;um2;0;;;;;;;;;;;;;;
654;Primary somatosensory area, nose, layer 4;0;0;um2;0;0;0;um2;0;;;;;;;;;;;;;;
702;Primary somatosensory area, nose, layer 5;0;0;um2;0;0;0;um2;0;;;;;;;;;;;;;;
889;Primary somatosensory area, nose, layer 6a;0;0;um2;0;0;0;um2;0;;;;;;;;;;;;;;
929;Primary somatosensory area, nose, layer 6b;0;0;um2;0;0;0;um2;0;;;;;;;;;;;;;;
329;Primary somatosensory area, barrel field;0;0;um2;0;0;0;um2;0;;;;;;;;;;;;;;
981;Primary somatosensory area, barrel field, layer 1;0;0;um2;0;0;0;um2;0;;;;;;;;;;;;;;
201;Primary somatosensory area, barrel field, layer 2/3;0;0;um2;0;0;0;um2;0;;;;;;;;;;;;;;
1047;Primary somatosensory area, barrel field, layer 4;0;0;um2;0;0;0;um2;0;;;;;;;;;;;;;;
1070;Primary somatosensory area, barrel field, layer 5;0;0;um2;0;0;0;um2;0;;;;;;;;;;;;;;
1038;Primary somatosensory area, barrel field, layer 6a;0;0;um2;0;0;0;um2;0;;;;;;;;;;;;;;
1062;Primary somatosensory area, barrel field, layer 6b;0;0;um2;0;0;0;um2;0;;;;;;;;;;;;;;
480149202;Rostrolateral lateral visual area;0;0;um2;0;0;0;um2;0;;;;;;;;;;;;;;
480149206;Rostrolateral lateral visual area, layer 1;0;0;um2;0;0;0;um2;0;;;;;;;;;;;;;;
480149210;Rostrolateral lateral visual area, layer 2/3;0;0;um2;0;0;0;um2;0;;;;;;;;;;;;;;
480149214;Rostrolateral lateral visual area, layer 4;0;0;um2;0;0;0;um2;0;;;;;;;;;;;;;;
480149218;Rostrolateral lateral visual area,layer 5;0;0;um2;0;0;0;um2;0;;;;;;;;;;;;;;
480149222;Rostrolateral lateral visual area, layer 6a;0;0;um2;0;0;0;um2;0;;;;;;;;;;;;;;
480149226;Rostrolateral lateral visual area, layer 6b;0;0;um2;0;0;0;um2;0;;;;;;;;;;;;;;
337;Primary somatosensory area, lower limb;0;0;um2;0;0;0;um2;0;;;;;;;;;;;;;;
1030;Primary somatosensory area, lower limb, layer 1;0;0;um2;0;0;0;um2;0;;;;;;;;;;;;;;
113;Primary somatosensory area, lower limb, layer 2/3;0;0;um2;0;0;0;um2;0;;;;;;;;;;;;;;
1094;Primary somatosensory area, lower limb, layer 4;0;0;um2;0;0;0;um2;0;;;;;;;;;;;;;;
1128;Primary somatosensory area, lower limb, layer 5;0;0;um2;0;0;0;um2;0;;;;;;;;;;;;;;
478;Primary somatosensory area, lower limb, layer 6a;0;0;um2;0;0;0;um2;0;;;;;;;;;;;;;;
510;Primary somatosensory area, lower limb, layer 6b;0;0;um2;0;0;0;um2;0;;;;;;;;;;;;;;
345;Primary somatosensory area, mouth;0;0;um2;0;0;0;um2;0;;;;;;;;;;;;;;
878;Primary somatosensory area, mouth, layer 1;288913;288912.577698;um2;97;2028;2028;um2;0.007019;;;;;;;;;;;;;;
657;Primary somatosensory area, mouth, layer 2/3;543111;543110.853424;um2;826;22451;22451;um2;0.041338;;;;;;;;;;;;;;
950;Primary somatosensory area, mouth, layer 4;225830;225829.598846;um2;502;16959;16959;um2;0.075096;;;;;;;;;;;;;;
974;Primary somatosensory area, mouth, layer 5;245986;245986.290314;um2;110;3381;3381;um2;0.013745;;;;;;;;;;;;;;
1102;Primary somatosensory area, mouth, layer 6a;0;0;um2;0;0;0;um2;0;;;;;;;;;;;;;;
2;Primary somatosensory area, mouth, layer 6b;0;0;um2;0;0;0;um2;0;;;;;;;;;;;;;;
369;Primary somatosensory area, upper limb;0;0;um2;0;0;0;um2;0;;;;;;;;;;;;;;
450;Primary somatosensory area, upper limb, layer 1;0;0;um2;0;0;0;um2;0;;;;;;;;;;;;;;
854;Primary somatosensory area, upper limb, layer 2/3;0;0;um2;0;0;0;um2;0;;;;;;;;;;;;;;
577;Primary somatosensory area, upper limb, layer 4;0;0;um2;0;0;0;um2;0;;;;;;;;;;;;;;
625;Primary somatosensory area, upper limb, layer 5;0;0;um2;0;0;0;um2;0;;;;;;;;;;;;;;
945;Primary somatosensory area, upper limb, layer 6a;0;0;um2;0;0;0;um2;0;;;;;;;;;;;;;;
1026;Primary somatosensory area, upper limb, layer 6b;0;0;um2;0;0;0;um2;0;;;;;;;;;;;;;;
361;Primary somatosensory area, trunk;0;0;um2;0;0;0;um2;0;;;;;;;;;;;;;;
1006;Primary somatosensory area, trunk, layer 1;0;0;um2;0;0;0;um2;0;;;;;;;;;;;;;;
670;Primary somatosensory area, trunk, layer 2/3;0;0;um2;0;0;0;um2;0;;;;;;;;;;;;;;
1086;Primary somatosensory area, trunk, layer 4;0;0;um2;0;0;0;um2;0;;;;;;;;;;;;;;
1111;Primary somatosensory area, trunk, layer 5;0;0;um2;0;0;0;um2;0;;;;;;;;;;;;;;
9;Primary somatosensory area, trunk, layer 6a;0;0;um2;0;0;0;um2;0;;;;;;;;;;;;;;
461;Primary somatosensory area, trunk, layer 6b;0;0;um2;0;0;0;um2;0;;;;;;;;;;;;;;
182305689;Primary somatosensory area, unassigned;0;0;um2;0;0;0;um2;0;;;;;;;;;;;;;;
182305693;Primary somatosensory area, unassigned, layer 1;0;0;um2;0;0;0;um2;0;;;;;;;;;;;;;;
182305697;Primary somatosensory area, unassigned, layer 2/3;0;0;um2;0;0;0;um2;0;;;;;;;;;;;;;;
182305701;Primary somatosensory area, unassigned, layer 4;0;0;um2;0;0;0;um2;0;;;;;;;;;;;;;;
182305705;Primary somatosensory area, unassigned, layer 5;0;0;um2;0;0;0;um2;0;;;;;;;;;;;;;;
182305709;Primary somatosensory area, unassigned, layer 6a;0;0;um2;0;0;0;um2;0;;;;;;;;;;;;;;
182305713;Primary somatosensory area, unassigned, layer 6b;0;0;um2;0;0;0;um2;0;;;;;;;;;;;;;;
378;Supplemental somatosensory area;0;0;um2;0;0;0;um2;0;;;;;;;;;;;;;;
873;Supplemental somatosensory area, layer 1;0;0;um2;0;0;0;um2;0;;;;;;;;;;;;;;
806;Supplemental somatosensory area, layer 2/3;0;0;um2;0;0;0;um2;0;;;;;;;;;;;;;;
1035;Supplemental somatosensory area, layer 4;0;0;um2;0;0;0;um2;0;;;;;;;;;;;;;;
1090;Supplemental somatosensory area, layer 5;0;0;um2;0;0;0;um2;0;;;;;;;;;;;;;;
862;Supplemental somatosensory area, layer 6a;0;0;um2;0;0;0;um2;0;;;;;;;;;;;;;;
893;Supplemental somatosensory area, layer 6b;0;0;um2;0;0;0;um2;0;;;;;;;;;;;;;;
1057;Gustatory areas;0;0;um2;0;0;0;um2;0;;;;;;;;;;;;;;
36;Gustatory areas, layer 1;60843;60843.346466;um2;2;185;185;um2;0.003041;;;;;;;;;;;;;;
180;Gustatory areas, layer 2/3;154535;154534.634583;um2;158;3812;3812;um2;0.024668;;;;;;;;;;;;;;
148;Gustatory areas, layer 4;47779;47778.824219;um2;88;2586;2586;um2;0.054124;;;;;;;;;;;;;;
187;Gustatory areas, layer 5;220231;220230.517883;um2;73;1897;1897;um2;0.008614;;;;;;;;;;;;;;
638;Gustatory areas, layer 6a;1866;1866.360321;um2;0;0;0;um2;0;;;;;;;;;;;;;;
662;Gustatory areas, layer 6b;0;0;um2;0;0;0;um2;0;;;;;;;;;;;;;;
677;Visceral area;0;0;um2;0;0;0;um2;0;;;;;;;;;;;;;;
897;Visceral area, layer 1;0;0;um2;0;0;0;um2;0;;;;;;;;;;;;;;
1106;Visceral area, layer 2/3;0;0;um2;0;0;0;um2;0;;;;;;;;;;;;;;
1010;Visceral area, layer 4;0;0;um2;0;0;0;um2;0;;;;;;;;;;;;;;
1058;Visceral area, layer 5;0;0;um2;0;0;0;um2;0;;;;;;;;;;;;;;
857;Visceral area, layer 6a;0;0;um2;0;0;0;um2;0;;;;;;;;;;;;;;
849;Visceral area, layer 6b;0;0;um2;0;0;0;um2;0;;;;;;;;;;;;;;
247;Auditory areas;0;0;um2;0;0;0;um2;0;;;;;;;;;;;;;;
1011;Dorsal auditory area;0;0;um2;0;0;0;um2;0;;;;;;;;;;;;;;
527;Dorsal auditory area, layer 1;0;0;um2;0;0;0;um2;0;;;;;;;;;;;;;;
600;Dorsal auditory area, layer 2/3;0;0;um2;0;0;0;um2;0;;;;;;;;;;;;;;
678;Dorsal auditory area, layer 4;0;0;um2;0;0;0;um2;0;;;;;;;;;;;;;;
252;Dorsal auditory area, layer 5;0;0;um2;0;0;0;um2;0;;;;;;;;;;;;;;
156;Dorsal auditory area, layer 6a;0;0;um2;0;0;0;um2;0;;;;;;;;;;;;;;
243;Dorsal auditory area, layer 6b;0;0;um2;0;0;0;um2;0;;;;;;;;;;;;;;
480149230;Laterolateral anterior visual area;0;0;um2;0;0;0;um2;0;;;;;;;;;;;;;;
480149234;Laterolateral anterior visual area, layer 1;0;0;um2;0;0;0;um2;0;;;;;;;;;;;;;;
480149238;Laterolateral anterior visual area, layer 2/3;0;0;um2;0;0;0;um2;0;;;;;;;;;;;;;;
480149242;Laterolateral anterior visual area, layer 4;0;0;um2;0;0;0;um2;0;;;;;;;;;;;;;;
480149246;Laterolateral anterior visual area,layer 5;0;0;um2;0;0;0;um2;0;;;;;;;;;;;;;;
480149250;Laterolateral anterior visual area, layer 6a;0;0;um2;0;0;0;um2;0;;;;;;;;;;;;;;
480149254;Laterolateral anterior visual area, layer 6b;0;0;um2;0;0;0;um2;0;;;;;;;;;;;;;;
1002;Primary auditory area;0;0;um2;0;0;0;um2;0;;;;;;;;;;;;;;
735;Primary auditory area, layer 1;0;0;um2;0;0;0;um2;0;;;;;;;;;;;;;;
251;Primary auditory area, layer 2/3;0;0;um2;0;0;0;um2;0;;;;;;;;;;;;;;
816;Primary auditory area, layer 4;0;0;um2;0;0;0;um2;0;;;;;;;;;;;;;;
847;Primary auditory area, layer 5;0;0;um2;0;0;0;um2;0;;;;;;;;;;;;;;
954;Primary auditory area, layer 6a;0;0;um2;0;0;0;um2;0;;;;;;;;;;;;;;
1005;Primary auditory area, layer 6b;0;0;um2;0;0;0;um2;0;;;;;;;;;;;;;;
1027;Posterior auditory area;0;0;um2;0;0;0;um2;0;;;;;;;;;;;;;;
696;Posterior auditory area, layer 1;0;0;um2;0;0;0;um2;0;;;;;;;;;;;;;;
643;Posterior auditory area, layer 2/3;0;0;um2;0;0;0;um2;0;;;;;;;;;;;;;;
759;Posterior auditory area, layer 4;0;0;um2;0;0;0;um2;0;;;;;;;;;;;;;;
791;Posterior auditory area, layer 5;0;0;um2;0;0;0;um2;0;;;;;;;;;;;;;;
249;Posterior auditory area, layer 6a;0;0;um2;0;0;0;um2;0;;;;;;;;;;;;;;
456;Posterior auditory area, layer 6b;0;0;um2;0;0;0;um2;0;;;;;;;;;;;;;;
1018;Ventral auditory area;0;0;um2;0;0;0;um2;0;;;;;;;;;;;;;;
959;Ventral auditory area, layer 1;0;0;um2;0;0;0;um2;0;;;;;;;;;;;;;;
755;Ventral auditory area, layer 2/3;0;0;um2;0;0;0;um2;0;;;;;;;;;;;;;;
990;Ventral auditory area, layer 4;0;0;um2;0;0;0;um2;0;;;;;;;;;;;;;;
1023;Ventral auditory area, layer 5;0;0;um2;0;0;0;um2;0;;;;;;;;;;;;;;
520;Ventral auditory area, layer 6a;0;0;um2;0;0;0;um2;0;;;;;;;;;;;;;;
598;Ventral auditory area, layer 6b;0;0;um2;0;0;0;um2;0;;;;;;;;;;;;;;
669;Visual areas;0;0;um2;0;0;0;um2;0;;;;;;;;;;;;;;
801;Visual areas, layer 1;0;0;um2;0;0;0;um2;0;;;;;;;;;;;;;;
561;Visual areas, layer 2/3;0;0;um2;0;0;0;um2;0;;;;;;;;;;;;;;
913;Visual areas, layer 4;0;0;um2;0;0;0;um2;0;;;;;;;;;;;;;;
937;Visual areas, layer 5;0;0;um2;0;0;0;um2;0;;;;;;;;;;;;;;
457;Visual areas, layer 6a;0;0;um2;0;0;0;um2;0;;;;;;;;;;;;;;
497;Visual areas, layer 6b;0;0;um2;0;0;0;um2;0;;;;;;;;;;;;;;
402;Anterolateral visual area;0;0;um2;0;0;0;um2;0;;;;;;;;;;;;;;
1074;Anterolateral visual area, layer 1;0;0;um2;0;0;0;um2;0;;;;;;;;;;;;;;
905;Anterolateral visual area, layer 2/3;0;0;um2;0;0;0;um2;0;;;;;;;;;;;;;;
1114;Anterolateral visual area, layer 4;0;0;um2;0;0;0;um2;0;;;;;;;;;;;;;;
233;Anterolateral visual area, layer 5;0;0;um2;0;0;0;um2;0;;;;;;;;;;;;;;
601;Anterolateral visual area, layer 6a;0;0;um2;0;0;0;um2;0;;;;;;;;;;;;;;
649;Anterolateral visual area, layer 6b;0;0;um2;0;0;0;um2;0;;;;;;;;;;;;;;
394;Anteromedial visual area;0;0;um2;0;0;0;um2;0;;;;;;;;;;;;;;
281;Anteromedial visual area, layer 1;0;0;um2;0;0;0;um2;0;;;;;;;;;;;;;;
1066;Anteromedial visual area, layer 2/3;0;0;um2;0;0;0;um2;0;;;;;;;;;;;;;;
401;Anteromedial visual area, layer 4;0;0;um2;0;0;0;um2;0;;;;;;;;;;;;;;
433;Anteromedial visual area, layer 5;0;0;um2;0;0;0;um2;0;;;;;;;;;;;;;;
1046;Anteromedial visual area, layer 6a;0;0;um2;0;0;0;um2;0;;;;;;;;;;;;;;
441;Anteromedial visual area, layer 6b;0;0;um2;0;0;0;um2;0;;;;;;;;;;;;;;
409;Lateral visual area;0;0;um2;0;0;0;um2;0;;;;;;;;;;;;;;
421;Lateral visual area, layer 1;0;0;um2;0;0;0;um2;0;;;;;;;;;;;;;;
973;Lateral visual area, layer 2/3;0;0;um2;0;0;0;um2;0;;;;;;;;;;;;;;
573;Lateral visual area, layer 4;0;0;um2;0;0;0;um2;0;;;;;;;;;;;;;;
613;Lateral visual area, layer 5;0;0;um2;0;0;0;um2;0;;;;;;;;;;;;;;
74;Lateral visual area, layer 6a;0;0;um2;0;0;0;um2;0;;;;;;;;;;;;;;
121;Lateral visual area, layer 6b;0;0;um2;0;0;0;um2;0;;;;;;;;;;;;;;
385;Primary visual area;0;0;um2;0;0;0;um2;0;;;;;;;;;;;;;;
593;Primary visual area, layer 1;0;0;um2;0;0;0;um2;0;;;;;;;;;;;;;;
821;Primary visual area, layer 2/3;0;0;um2;0;0;0;um2;0;;;;;;;;;;;;;;
721;Primary visual area, layer 4;0;0;um2;0;0;0;um2;0;;;;;;;;;;;;;;
778;Primary visual area, layer 5;0;0;um2;0;0;0;um2;0;;;;;;;;;;;;;;
33;Primary visual area, layer 6a;0;0;um2;0;0;0;um2;0;;;;;;;;;;;;;;
305;Primary visual area, layer 6b;0;0;um2;0;0;0;um2;0;;;;;;;;;;;;;;
425;Posterolateral visual area;0;0;um2;0;0;0;um2;0;;;;;;;;;;;;;;
750;Posterolateral visual area, layer 1;0;0;um2;0;0;0;um2;0;;;;;;;;;;;;;;
269;Posterolateral visual area, layer 2/3;0;0;um2;0;0;0;um2;0;;;;;;;;;;;;;;
869;Posterolateral visual area, layer 4;0;0;um2;0;0;0;um2;0;;;;;;;;;;;;;;
902;Posterolateral visual area, layer 5;0;0;um2;0;0;0;um2;0;;;;;;;;;;;;;;
377;Posterolateral visual area, layer 6a;0;0;um2;0;0;0;um2;0;;;;;;;;;;;;;;
393;Posterolateral visual area, layer 6b;0;0;um2;0;0;0;um2;0;;;;;;;;;;;;;;
533;posteromedial visual area;0;0;um2;0;0;0;um2;0;;;;;;;;;;;;;;
805;posteromedial visual area, layer 1;0;0;um2;0;0;0;um2;0;;;;;;;;;;;;;;
41;posteromedial visual area, layer 2/3;0;0;um2;0;0;0;um2;0;;;;;;;;;;;;;;
501;posteromedial visual area, layer 4;0;0;um2;0;0;0;um2;0;;;;;;;;;;;;;;
565;posteromedial visual area, layer 5;0;0;um2;0;0;0;um2;0;;;;;;;;;;;;;;
257;posteromedial visual area, layer 6a;0;0;um2;0;0;0;um2;0;;;;;;;;;;;;;;
469;posteromedial visual area, layer 6b;0;0;um2;0;0;0;um2;0;;;;;;;;;;;;;;
312782574;Laterointermediate area;0;0;um2;0;0;0;um2;0;;;;;;;;;;;;;;
312782578;Laterointermediate area, layer 1;0;0;um2;0;0;0;um2;0;;;;;;;;;;;;;;
312782582;Laterointermediate area, layer 2/3;0;0;um2;0;0;0;um2;0;;;;;;;;;;;;;;
312782586;Laterointermediate area, layer 4;0;0;um2;0;0;0;um2;0;;;;;;;;;;;;;;
312782590;Laterointermediate area, layer 5;0;0;um2;0;0;0;um2;0;;;;;;;;;;;;;;
312782594;Laterointermediate area, layer 6a;0;0;um2;0;0;0;um2;0;;;;;;;;;;;;;;
312782598;Laterointermediate area, layer 6b;0;0;um2;0;0;0;um2;0;;;;;;;;;;;;;;
312782628;Postrhinal area;0;0;um2;0;0;0;um2;0;;;;;;;;;;;;;;
312782632;Postrhinal area, layer 1;0;0;um2;0;0;0;um2;0;;;;;;;;;;;;;;
312782636;Postrhinal area, layer 2/3;0;0;um2;0;0;0;um2;0;;;;;;;;;;;;;;
312782640;Postrhinal area, layer 4;0;0;um2;0;0;0;um2;0;;;;;;;;;;;;;;
312782644;Postrhinal area, layer 5;0;0;um2;0;0;0;um2;0;;;;;;;;;;;;;;
312782648;Postrhinal area, layer 6a;0;0;um2;0;0;0;um2;0;;;;;;;;;;;;;;
312782652;Postrhinal area, layer 6b;0;0;um2;0;0;0;um2;0;;;;;;;;;;;;;;
31;Anterior cingulate area;0;0;um2;0;0;0;um2;0;;;;;;;;;;;;;;
572;Anterior cingulate area, layer 1;0;0;um2;0;0;0;um2;0;;;;;;;;;;;;;;
1053;Anterior cingulate area, layer 2/3;0;0;um2;0;0;0;um2;0;;;;;;;;;;;;;;
739;Anterior cingulate area, layer 5;0;0;um2;0;0;0;um2;0;;;;;;;;;;;;;;
179;Anterior cingulate area, layer 6a;0;0;um2;0;0;0;um2;0;;;;;;;;;;;;;;
227;Anterior cingulate area, layer 6b;0;0;um2;0;0;0;um2;0;;;;;;;;;;;;;;
39;Anterior cingulate area, dorsal part;0;0;um2;0;0;0;um2;0;;;;;;;;;;;;;;
935;Anterior cingulate area, dorsal part, layer 1;126539;126539.229767;um2;2;50;50;um2;0.000395;;;;;;;;;;;;;;
211;Anterior cingulate area, dorsal part, layer 2/3;150055;150055.369812;um2;95;4250;4250;um2;0.028323;;;;;;;;;;;;;;
1015;Anterior cingulate area, dorsal part, layer 5;325120;325119.967926;um2;339;13730;13730;um2;0.042231;;;;;;;;;;;;;;
919;Anterior cingulate area, dorsal part, layer 6a;182157;182156.767334;um2;229;9728;9728;um2;0.053405;;;;;;;;;;;;;;
927;Anterior cingulate area, dorsal part, layer 6b;4479;4479.264771;um2;4;161;161;um2;0.035943;;;;;;;;;;;;;;
48;Anterior cingulate area, ventral part;0;0;um2;0;0;0;um2;0;;;;;;;;;;;;;;
588;Anterior cingulate area, ventral part, layer 1;179917;179917.134949;um2;26;947;947;um2;0.005264;;;;;;;;;;;;;;
296;Anterior cingulate area, ventral part, layer 2/3;155654;155654.450775;um2;146;6120;6120;um2;0.039318;;;;;;;;;;;;;;
772;Anterior cingulate area, ventral part, layer 5;396042;396041.660126;um2;552;26913;26913;um2;0.067955;;;;;;;;;;;;;;
810;Anterior cingulate area, ventral part, 6a;38820;38820.294678;um2;31;1519;1519;um2;0.039129;;;;;;;;;;;;;;
819;Anterior cingulate area, ventral part, 6b;0;0;um2;0;0;0;um2;0;;;;;;;;;;;;;;
972;Prelimbic area;0;0;um2;0;0;0;um2;0;;;;;;;;;;;;;;
171;Prelimbic area, layer 1;0;0;um2;0;0;0;um2;0;;;;;;;;;;;;;;
195;Prelimbic area, layer 2;0;0;um2;0;0;0;um2;0;;;;;;;;;;;;;;
304;Prelimbic area, layer 2/3;0;0;um2;0;0;0;um2;0;;;;;;;;;;;;;;
363;Prelimbic area, layer 5;22023;22023.051788;um2;24;1475;1475;um2;0.066975;;;;;;;;;;;;;;
84;Prelimbic area, layer 6a;189995;189995.480682;um2;268;12167;12167;um2;0.064038;;;;;;;;;;;;;;
132;Prelimbic area, layer 6b;29115;29115.221008;um2;41;2005;2005;um2;0.068864;;;;;;;;;;;;;;
44;Infralimbic area;0;0;um2;0;0;0;um2;0;;;;;;;;;;;;;;
707;Infralimbic area, layer 1;0;0;um2;0;0;0;um2;0;;;;;;;;;;;;;;
747;Infralimbic area, layer 2;0;0;um2;0;0;0;um2;0;;;;;;;;;;;;;;
556;Infralimbic area, layer 2/3;0;0;um2;0;0;0;um2;0;;;;;;;;;;;;;;
827;Infralimbic area, layer 5;0;0;um2;0;0;0;um2;0;;;;;;;;;;;;;;
1054;Infralimbic area, layer 6a;14184;14184.338440;um2;14;572;572;um2;0.040326;;;;;;;;;;;;;;
1081;Infralimbic area, layer 6b;2986;2986.176514;um2;2;155;155;um2;0.051906;;;;;;;;;;;;;;
714;Orbital area;0;0;um2;0;0;0;um2;0;;;;;;;;;;;;;;
264;Orbital area, layer 1;0;0;um2;0;0;0;um2;0;;;;;;;;;;;;;;
492;Orbital area, layer 2/3;0;0;um2;0;0;0;um2;0;;;;;;;;;;;;;;
352;Orbital area, layer 5;0;0;um2;0;0;0;um2;0;;;;;;;;;;;;;;
476;Orbital area, layer 6a;0;0;um2;0;0;0;um2;0;;;;;;;;;;;;;;
516;Orbital area, layer 6b;0;0;um2;0;0;0;um2;0;;;;;;;;;;;;;;
723;Orbital area, lateral part;0;0;um2;0;0;0;um2;0;;;;;;;;;;;;;;
448;Orbital area, lateral part, layer 1;0;0;um2;0;0;0;um2;0;;;;;;;;;;;;;;
412;Orbital area, lateral part, layer 2/3;0;0;um2;0;0;0;um2;0;;;;;;;;;;;;;;
630;Orbital area, lateral part, layer 5;0;0;um2;0;0;0;um2;0;;;;;;;;;;;;;;
440;Orbital area, lateral part, layer 6a;0;0;um2;0;0;0;um2;0;;;;;;;;;;;;;;
488;Orbital area, lateral part, layer 6b;0;0;um2;0;0;0;um2;0;;;;;;;;;;;;;;
731;Orbital area, medial part;0;0;um2;0;0;0;um2;0;;;;;;;;;;;;;;
484;Orbital area, medial part, layer 1;0;0;um2;0;0;0;um2;0;;;;;;;;;;;;;;
524;Orbital area, medial part, layer 2;0;0;um2;0;0;0;um2;0;;;;;;;;;;;;;;
582;Orbital area, medial part, layer 2/3;0;0;um2;0;0;0;um2;0;;;;;;;;;;;;;;
620;Orbital area, medial part, layer 5;0;0;um2;0;0;0;um2;0;;;;;;;;;;;;;;
910;Orbital area, medial part, layer 6a;0;0;um2;0;0;0;um2;0;;;;;;;;;;;;;;
527696977;Orbital area, medial part, layer 6b;0;0;um2;0;0;0;um2;0;;;;;;;;;;;;;;
738;Orbital area, ventral part;0;0;um2;0;0;0;um2;0;;;;;;;;;;;;;;
746;Orbital area, ventrolateral part;0;0;um2;0;0;0;um2;0;;;;;;;;;;;;;;
969;Orbital area, ventrolateral part, layer 1;0;0;um2;0;0;0;um2;0;;;;;;;;;;;;;;
288;Orbital area, ventrolateral part, layer 2/3;0;0;um2;0;0;0;um2;0;;;;;;;;;;;;;;
1125;Orbital area, ventrolateral part, layer 5;0;0;um2;0;0;0;um2;0;;;;;;;;;;;;;;
608;Orbital area, ventrolateral part, layer 6a;0;0;um2;0;0;0;um2;0;;;;;;;;;;;;;;
680;Orbital area, ventrolateral part, layer 6b;0;0;um2;0;0;0;um2;0;;;;;;;;;;;;;;
95;Agranular insular area;0;0;um2;0;0;0;um2;0;;;;;;;;;;;;;;
104;Agranular insular area, dorsal part;0;0;um2;0;0;0;um2;0;;;;;;;;;;;;;;
996;Agranular insular area, dorsal part, layer 1;63083;63082.978851;um2;7;168;168;um2;0.002663;;;;;;;;;;;;;;
328;Agranular insular area, dorsal part, layer 2/3;190369;190368.752747;um2;92;2239;2239;um2;0.011761;;;;;;;;;;;;;;
1101;Agranular insular area, dorsal part, layer 5;384097;384096.954071;um2;91;3346;3346;um2;0.008711;;;;;;;;;;;;;;
783;Agranular insular area, dorsal part, layer 6a;270622;270622.246552;um2;141;5081;5081;um2;0.018775;;;;;;;;;;;;;;
831;Agranular insular area, dorsal part, layer 6b;50765;50765.000732;um2;21;791;791;um2;0.015582;;;;;;;;;;;;;;
111;Agranular insular area, posterior part;0;0;um2;0;0;0;um2;0;;;;;;;;;;;;;;
120;Agranular insular area, posterior part, layer 1;0;0;um2;0;0;0;um2;0;;;;;;;;;;;;;;
163;Agranular insular area, posterior part, layer 2/3;0;0;um2;0;0;0;um2;0;;;;;;;;;;;;;;
344;Agranular insular area, posterior part, layer 5;0;0;um2;0;0;0;um2;0;;;;;;;;;;;;;;
314;Agranular insular area, posterior part, layer 6a;0;0;um2;0;0;0;um2;0;;;;;;;;;;;;;;
355;Agranular insular area, posterior part, layer 6b;0;0;um2;0;0;0;um2;0;;;;;;;;;;;;;;
119;Agranular insular area, ventral part;0;0;um2;0;0;0;um2;0;;;;;;;;;;;;;;
704;Agranular insular area, ventral part, layer 1;51885;51884.816925;um2;1;7;7;um2;0.000135;;;;;;;;;;;;;;
694;Agranular insular area, ventral part, layer 2/3;184770;184769.671783;um2;55;2217;2217;um2;0.011999;;;;;;;;;;;;;;
800;Agranular insular area, ventral part, layer 5;227696;227695.959167;um2;115;4461;4461;um2;0.019592;;;;;;;;;;;;;;
675;Agranular insular area, ventral part, layer 6a;139230;139230.479950;um2;164;7296;7296;um2;0.052402;;;;;;;;;;;;;;
699;Agranular insular area, ventral part, layer 6b;2240;2239.632385;um2;2;139;139;um2;0.062064;;;;;;;;;;;;;;
254;Retrosplenial area;0;0;um2;0;0;0;um2;0;;;;;;;;;;;;;;
894;Retrosplenial area, lateral agranular part;0;0;um2;0;0;0;um2;0;;;;;;;;;;;;;;
671;Retrosplenial area, lateral agranular part, layer 1;0;0;um2;0;0;0;um2;0;;;;;;;;;;;;;;
965;Retrosplenial area, lateral agranular part, layer 2/3;0;0;um2;0;0;0;um2;0;;;;;;;;;;;;;;
774;Retrosplenial area, lateral agranular part, layer 5;0;0;um2;0;0;0;um2;0;;;;;;;;;;;;;;
906;Retrosplenial area, lateral agranular part, layer 6a;0;0;um2;0;0;0;um2;0;;;;;;;;;;;;;;
279;Retrosplenial area, lateral agranular part, layer 6b;0;0;um2;0;0;0;um2;0;;;;;;;;;;;;;;
480149258;Mediomedial anterior visual area;0;0;um2;0;0;0;um2;0;;;;;;;;;;;;;;
480149262;Mediomedial anterior visual area, layer 1;0;0;um2;0;0;0;um2;0;;;;;;;;;;;;;;
480149266;Mediomedial anterior visual area, layer 2/3;0;0;um2;0;0;0;um2;0;;;;;;;;;;;;;;
480149270;Mediomedial anterior visual area, layer 4;0;0;um2;0;0;0;um2;0;;;;;;;;;;;;;;
480149274;Mediomedial anterior visual area,layer 5;0;0;um2;0;0;0;um2;0;;;;;;;;;;;;;;
480149278;Mediomedial anterior visual area, layer 6a;0;0;um2;0;0;0;um2;0;;;;;;;;;;;;;;
480149282;Mediomedial anterior visual area, layer 6b;0;0;um2;0;0;0;um2;0;;;;;;;;;;;;;;
480149286;Mediomedial posterior visual area;0;0;um2;0;0;0;um2;0;;;;;;;;;;;;;;
480149290;Mediomedial posterior visual area, layer 1;0;0;um2;0;0;0;um2;0;;;;;;;;;;;;;;
480149294;Mediomedial posterior visual area, layer 2/3;0;0;um2;0;0;0;um2;0;;;;;;;;;;;;;;
480149298;Mediomedial posterior visual area, layer 4;0;0;um2;0;0;0;um2;0;;;;;;;;;;;;;;
480149302;Mediomedial posterior visual area,layer 5;0;0;um2;0;0;0;um2;0;;;;;;;;;;;;;;
480149306;Mediomedial posterior visual area, layer 6a;0;0;um2;0;0;0;um2;0;;;;;;;;;;;;;;
480149310;Mediomedial posterior visual area, layer 6b;0;0;um2;0;0;0;um2;0;;;;;;;;;;;;;;
480149314;Medial visual area;0;0;um2;0;0;0;um2;0;;;;;;;;;;;;;;
480149318;Medial visual area, layer 1;0;0;um2;0;0;0;um2;0;;;;;;;;;;;;;;
480149322;Medial visual area, layer 2/3;0;0;um2;0;0;0;um2;0;;;;;;;;;;;;;;
480149326;Medial visual area, layer 4;0;0;um2;0;0;0;um2;0;;;;;;;;;;;;;;
480149330;Medial visual area,layer 5;0;0;um2;0;0;0;um2;0;;;;;;;;;;;;;;
480149334;Medial visual area, layer 6a;0;0;um2;0;0;0;um2;0;;;;;;;;;;;;;;
480149338;Medial visual area, layer 6b;0;0;um2;0;0;0;um2;0;;;;;;;;;;;;;;
879;Retrosplenial area, dorsal part;0;0;um2;0;0;0;um2;0;;;;;;;;;;;;;;
442;Retrosplenial area, dorsal part, layer 1;0;0;um2;0;0;0;um2;0;;;;;;;;;;;;;;
434;Retrosplenial area, dorsal part, layer 2/3;0;0;um2;0;0;0;um2;0;;;;;;;;;;;;;;
545;Retrosplenial area, dorsal part, layer 4;0;0;um2;0;0;0;um2;0;;;;;;;;;;;;;;
610;Retrosplenial area, dorsal part, layer 5;0;0;um2;0;0;0;um2;0;;;;;;;;;;;;;;
274;Retrosplenial area, dorsal part, layer 6a;0;0;um2;0;0;0;um2;0;;;;;;;;;;;;;;
330;Retrosplenial area, dorsal part, layer 6b;0;0;um2;0;0;0;um2;0;;;;;;;;;;;;;;
886;Retrosplenial area, ventral part;0;0;um2;0;0;0;um2;0;;;;;;;;;;;;;;
542;Retrosplenial area, ventral part, layer 1;0;0;um2;0;0;0;um2;0;;;;;;;;;;;;;;
606;Retrosplenial area, ventral part, layer 2;0;0;um2;0;0;0;um2;0;;;;;;;;;;;;;;
430;Retrosplenial area, ventral part, layer 2/3;0;0;um2;0;0;0;um2;0;;;;;;;;;;;;;;
687;Retrosplenial area, ventral part, layer 5;0;0;um2;0;0;0;um2;0;;;;;;;;;;;;;;
590;Retrosplenial area, ventral part, layer 6a;0;0;um2;0;0;0;um2;0;;;;;;;;;;;;;;
622;Retrosplenial area, ventral part, layer 6b;0;0;um2;0;0;0;um2;0;;;;;;;;;;;;;;
22;Posterior parietal association areas;0;0;um2;0;0;0;um2;0;;;;;;;;;;;;;;
532;Posterior parietal association areas, layer 1;0;0;um2;0;0;0;um2;0;;;;;;;;;;;;;;
241;Posterior parietal association areas, layer 2/3;0;0;um2;0;0;0;um2;0;;;;;;;;;;;;;;
635;Posterior parietal association areas, layer 4;0;0;um2;0;0;0;um2;0;;;;;;;;;;;;;;
683;Posterior parietal association areas, layer 5;0;0;um2;0;0;0;um2;0;;;;;;;;;;;;;;
308;Posterior parietal association areas, layer 6a;0;0;um2;0;0;0;um2;0;;;;;;;;;;;;;;
340;Posterior parietal association areas, layer 6b;0;0;um2;0;0;0;um2;0;;;;;;;;;;;;;;
312782546;Anterior area;0;0;um2;0;0;0;um2;0;;;;;;;;;;;;;;
312782550;Anterior area, layer 1;0;0;um2;0;0;0;um2;0;;;;;;;;;;;;;;
312782554;Anterior area, layer 2/3;0;0;um2;0;0;0;um2;0;;;;;;;;;;;;;;
312782558;Anterior area, layer 4;0;0;um2;0;0;0;um2;0;;;;;;;;;;;;;;
312782562;Anterior area, layer 5;0;0;um2;0;0;0;um2;0;;;;;;;;;;;;;;
312782566;Anterior area, layer 6a;0;0;um2;0;0;0;um2;0;;;;;;;;;;;;;;
312782570;Anterior area, layer 6b;0;0;um2;0;0;0;um2;0;;;;;;;;;;;;;;
417;Rostrolateral visual area;0;0;um2;0;0;0;um2;0;;;;;;;;;;;;;;
312782604;Rostrolateral area, layer 1;0;0;um2;0;0;0;um2;0;;;;;;;;;;;;;;
312782608;Rostrolateral area, layer 2/3;0;0;um2;0;0;0;um2;0;;;;;;;;;;;;;;
312782612;Rostrolateral area, layer 4;0;0;um2;0;0;0;um2;0;;;;;;;;;;;;;;
312782616;Rostrolateral area, layer 5;0;0;um2;0;0;0;um2;0;;;;;;;;;;;;;;
312782620;Rostrolateral area, layer 6a;0;0;um2;0;0;0;um2;0;;;;;;;;;;;;;;
312782624;Rostrolateral area, layer 6b;0;0;um2;0;0;0;um2;0;;;;;;;;;;;;;;
541;Temporal association areas;0;0;um2;0;0;0;um2;0;;;;;;;;;;;;;;
97;Temporal association areas, layer 1;0;0;um2;0;0;0;um2;0;;;;;;;;;;;;;;
1127;Temporal association areas, layer 2/3;0;0;um2;0;0;0;um2;0;;;;;;;;;;;;;;
234;Temporal association areas, layer 4;0;0;um2;0;0;0;um2;0;;;;;;;;;;;;;;
289;Temporal association areas, layer 5;0;0;um2;0;0;0;um2;0;;;;;;;;;;;;;;
729;Temporal association areas, layer 6a;0;0;um2;0;0;0;um2;0;;;;;;;;;;;;;;
786;Temporal association areas, layer 6b;0;0;um2;0;0;0;um2;0;;;;;;;;;;;;;;
922;Perirhinal area;0;0;um2;0;0;0;um2;0;;;;;;;;;;;;;;
540;Perirhinal area, layer 1;0;0;um2;0;0;0;um2;0;;;;;;;;;;;;;;
888;Perirhinal area, layer 2/3;0;0;um2;0;0;0;um2;0;;;;;;;;;;;;;;
692;Perirhinal area, layer 5;0;0;um2;0;0;0;um2;0;;;;;;;;;;;;;;
335;Perirhinal area, layer 6a;0;0;um2;0;0;0;um2;0;;;;;;;;;;;;;;
368;Perirhinal area, layer 6b;0;0;um2;0;0;0;um2;0;;;;;;;;;;;;;;
895;Ectorhinal area;0;0;um2;0;0;0;um2;0;;;;;;;;;;;;;;
836;Ectorhinal area/Layer 1;0;0;um2;0;0;0;um2;0;;;;;;;;;;;;;;
427;Ectorhinal area/Layer 2/3;0;0;um2;0;0;0;um2;0;;;;;;;;;;;;;;
988;Ectorhinal area/Layer 5;0;0;um2;0;0;0;um2;0;;;;;;;;;;;;;;
977;Ectorhinal area/Layer 6a;0;0;um2;0;0;0;um2;0;;;;;;;;;;;;;;
1045;Ectorhinal area/Layer 6b;0;0;um2;0;0;0;um2;0;;;;;;;;;;;;;;
698;Olfactory areas;298991;298990.923431;um2;258;11392;11392;um2;0.038101;;;;;;;;;;;;;;
507;Main olfactory bulb;0;0;um2;0;0;0;um2;0;;;;;;;;;;;;;;
212;Main olfactory bulb, glomerular layer;0;0;um2;0;0;0;um2;0;;;;;;;;;;;;;;
220;Main olfactory bulb, granule layer;0;0;um2;0;0;0;um2;0;;;;;;;;;;;;;;
228;Main olfactory bulb, inner plexiform layer;0;0;um2;0;0;0;um2;0;;;;;;;;;;;;;;
236;Main olfactory bulb, mitral layer;0;0;um2;0;0;0;um2;0;;;;;;;;;;;;;;
244;Main olfactory bulb, outer plexiform layer;0;0;um2;0;0;0;um2;0;;;;;;;;;;;;;;
151;Accessory olfactory bulb;0;0;um2;0;0;0;um2;0;;;;;;;;;;;;;;
188;Accessory olfactory bulb, glomerular layer;0;0;um2;0;0;0;um2;0;;;;;;;;;;;;;;
196;Accessory olfactory bulb, granular layer;0;0;um2;0;0;0;um2;0;;;;;;;;;;;;;;
204;Accessory olfactory bulb, mitral layer;0;0;um2;0;0;0;um2;0;;;;;;;;;;;;;;
159;Anterior olfactory nucleus;0;0;um2;0;0;0;um2;0;;;;;;;;;;;;;;
167;Anterior olfactory nucleus, dorsal part;0;0;um2;0;0;0;um2;0;;;;;;;;;;;;;;
175;Anterior olfactory nucleus, external part;0;0;um2;0;0;0;um2;0;;;;;;;;;;;;;;
183;Anterior olfactory nucleus, lateral part;0;0;um2;0;0;0;um2;0;;;;;;;;;;;;;;
191;Anterior olfactory nucleus, medial part;0;0;um2;0;0;0;um2;0;;;;;;;;;;;;;;
199;Anterior olfactory nucleus, posteroventral part;0;0;um2;0;0;0;um2;0;;;;;;;;;;;;;;
160;Anterior olfactory nucleus, layer 1;0;0;um2;0;0;0;um2;0;;;;;;;;;;;;;;
168;Anterior olfactory nucleus, layer 2;0;0;um2;0;0;0;um2;0;;;;;;;;;;;;;;
589;Taenia tecta;0;0;um2;0;0;0;um2;0;;;;;;;;;;;;;;
597;Taenia tecta, dorsal part;301604;301603.827881;um2;316;14089;14089;um2;0.046714;;;;;;;;;;;;;;
297;Taenia tecta, dorsal part, layers 1-4;0;0;um2;0;0;0;um2;0;;;;;;;;;;;;;;
1034;Taenia tecta, dorsal part, layer 1;0;0;um2;0;0;0;um2;0;;;;;;;;;;;;;;
1042;Taenia tecta, dorsal part, layer 2;0;0;um2;0;0;0;um2;0;;;;;;;;;;;;;;
1050;Taenia tecta, dorsal part, layer 3;0;0;um2;0;0;0;um2;0;;;;;;;;;;;;;;
1059;Taenia tecta, dorsal part, layer 4;0;0;um2;0;0;0;um2;0;;;;;;;;;;;;;;
605;Taenia tecta, ventral part;0;0;um2;0;0;0;um2;0;;;;;;;;;;;;;;
306;Taenia tecta, ventral part, layers 1-3;0;0;um2;0;0;0;um2;0;;;;;;;;;;;;;;
1067;Taenia tecta, ventral part, layer 1;0;0;um2;0;0;0;um2;0;;;;;;;;;;;;;;
1075;Taenia tecta, ventral part, layer 2;0;0;um2;0;0;0;um2;0;;;;;;;;;;;;;;
1082;Taenia tecta, ventral part, layer 3;0;0;um2;0;0;0;um2;0;;;;;;;;;;;;;;
814;Dorsal peduncular area;215378;215377.981049;um2;185;9446;9446;um2;0.043858;;;;;;;;;;;;;;
496;Dorsal peduncular area, layer 1;0;0;um2;0;0;0;um2;0;;;;;;;;;;;;;;
535;Dorsal peduncular area, layer 2;0;0;um2;0;0;0;um2;0;;;;;;;;;;;;;;
360;Dorsal peduncular area, layer 2/3;0;0;um2;0;0;0;um2;0;;;;;;;;;;;;;;
646;Dorsal peduncular area, layer 5;0;0;um2;0;0;0;um2;0;;;;;;;;;;;;;;
267;Dorsal peduncular area, layer 6a;0;0;um2;0;0;0;um2;0;;;;;;;;;;;;;;
961;Piriform area;1226199;1226198.730927;um2;901;42286;42286;um2;0.034485;;;;;;;;;;;;;;
152;Piriform area, layers 1-3;0;0;um2;0;0;0;um2;0;;;;;;;;;;;;;;
276;Piriform area, molecular layer;0;0;um2;0;0;0;um2;0;;;;;;;;;;;;;;
284;Piriform area, pyramidal layer;0;0;um2;0;0;0;um2;0;;;;;;;;;;;;;;
291;Piriform area, polymorph layer;0;0;um2;0;0;0;um2;0;;;;;;;;;;;;;;
619;Nucleus of the lateral olfactory tract;0;0;um2;0;0;0;um2;0;;;;;;;;;;;;;;
392;Nucleus of the lateral olfactory tract, layers 1-3;0;0;um2;0;0;0;um2;0;;;;;;;;;;;;;;
260;Nucleus of the lateral olfactory tract, molecular layer;0;0;um2;0;0;0;um2;0;;;;;;;;;;;;;;
268;Nucleus of the lateral olfactory tract, pyramidal layer;0;0;um2;0;0;0;um2;0;;;;;;;;;;;;;;
1139;Nucleus of the lateral olfactory tract, layer 3;0;0;um2;0;0;0;um2;0;;;;;;;;;;;;;;
631;Cortical amygdalar area;0;0;um2;0;0;0;um2;0;;;;;;;;;;;;;;
639;Cortical amygdalar area, anterior part;0;0;um2;0;0;0;um2;0;;;;;;;;;;;;;;
192;Cortical amygdalar area, anterior part, layer 1;0;0;um2;0;0;0;um2;0;;;;;;;;;;;;;;
200;Cortical amygdalar area, anterior part, layer 2;0;0;um2;0;0;0;um2;0;;;;;;;;;;;;;;
208;Cortical amygdalar area, anterior part, layer 3;0;0;um2;0;0;0;um2;0;;;;;;;;;;;;;;
647;Cortical amygdalar area, posterior part;0;0;um2;0;0;0;um2;0;;;;;;;;;;;;;;
655;Cortical amygdalar area, posterior part, lateral zone;0;0;um2;0;0;0;um2;0;;;;;;;;;;;;;;
584;Cortical amygdalar area, posterior part, lateral zone, layers 1-2;0;0;um2;0;0;0;um2;0;;;;;;;;;;;;;;
376;Cortical amygdalar area, posterior part, lateral zone, layers 1-3;0;0;um2;0;0;0;um2;0;;;;;;;;;;;;;;
216;Cortical amygdalar area, posterior part, lateral zone, layer 1;0;0;um2;0;0;0;um2;0;;;;;;;;;;;;;;
224;Cortical amygdalar area, posterior part, lateral zone, layer 2;0;0;um2;0;0;0;um2;0;;;;;;;;;;;;;;
232;Cortical amygdalar area, posterior part, lateral zone, layer 3;0;0;um2;0;0;0;um2;0;;;;;;;;;;;;;;
663;Cortical amygdalar area, posterior part, medial zone;0;0;um2;0;0;0;um2;0;;;;;;;;;;;;;;
592;Cortical amygdalar area, posterior part, medial zone, layers 1-2;0;0;um2;0;0;0;um2;0;;;;;;;;;;;;;;
383;Cortical amygdalar area, posterior part, medial zone, layers 1-3;0;0;um2;0;0;0;um2;0;;;;;;;;;;;;;;
240;Cortical amygdalar area, posterior part, medial zone, layer 1;0;0;um2;0;0;0;um2;0;;;;;;;;;;;;;;
248;Cortical amygdalar area, posterior part, medial zone, layer 2;0;0;um2;0;0;0;um2;0;;;;;;;;;;;;;;
256;Cortical amygdalar area, posterior part, medial zone, layer 3;0;0;um2;0;0;0;um2;0;;;;;;;;;;;;;;
788;Piriform-amygdalar area;0;0;um2;0;0;0;um2;0;;;;;;;;;;;;;;
400;Piriform-amygdalar area, layers 1-3;0;0;um2;0;0;0;um2;0;;;;;;;;;;;;;;
408;Piriform-amygdalar area, molecular layer;0;0;um2;0;0;0;um2;0;;;;;;;;;;;;;;
416;Piriform-amygdalar area, pyramidal layer;0;0;um2;0;0;0;um2;0;;;;;;;;;;;;;;
424;Piriform-amygdalar area, polymorph layer;0;0;um2;0;0;0;um2;0;;;;;;;;;;;;;;
566;Postpiriform transition area;0;0;um2;0;0;0;um2;0;;;;;;;;;;;;;;
517;Postpiriform transition area, layers 1-3;0;0;um2;0;0;0;um2;0;;;;;;;;;;;;;;
1140;Postpiriform transition area, layers 1;0;0;um2;0;0;0;um2;0;;;;;;;;;;;;;;
1141;Postpiriform transition area, layers 2;0;0;um2;0;0;0;um2;0;;;;;;;;;;;;;;
1142;Postpiriform transition area, layers 3;0;0;um2;0;0;0;um2;0;;;;;;;;;;;;;;
1089;Hippocampal formation;0;0;um2;0;0;0;um2;0;;;;;;;;;;;;;;
1080;Hippocampal region;0;0;um2;0;0;0;um2;0;;;;;;;;;;;;;;
375;Ammon's horn;0;0;um2;0;0;0;um2;0;;;;;;;;;;;;;;
382;Field CA1;0;0;um2;0;0;0;um2;0;;;;;;;;;;;;;;
391;Field CA1, stratum lacunosum-moleculare;0;0;um2;0;0;0;um2;0;;;;;;;;;;;;;;
399;Field CA1, stratum oriens;0;0;um2;0;0;0;um2;0;;;;;;;;;;;;;;
407;Field CA1, pyramidal layer;0;0;um2;0;0;0;um2;0;;;;;;;;;;;;;;
415;Field CA1, stratum radiatum;0;0;um2;0;0;0;um2;0;;;;;;;;;;;;;;
423;Field CA2;0;0;um2;0;0;0;um2;0;;;;;;;;;;;;;;
431;Field CA2, stratum lacunosum-moleculare;0;0;um2;0;0;0;um2;0;;;;;;;;;;;;;;
438;Field CA2, stratum oriens;0;0;um2;0;0;0;um2;0;;;;;;;;;;;;;;
446;Field CA2, pyramidal layer;0;0;um2;0;0;0;um2;0;;;;;;;;;;;;;;
454;Field CA2, stratum radiatum;0;0;um2;0;0;0;um2;0;;;;;;;;;;;;;;
463;Field CA3;0;0;um2;0;0;0;um2;0;;;;;;;;;;;;;;
471;Field CA3, stratum lacunosum-moleculare;0;0;um2;0;0;0;um2;0;;;;;;;;;;;;;;
479;Field CA3, stratum lucidum;0;0;um2;0;0;0;um2;0;;;;;;;;;;;;;;
486;Field CA3, stratum oriens;0;0;um2;0;0;0;um2;0;;;;;;;;;;;;;;
495;Field CA3, pyramidal layer;0;0;um2;0;0;0;um2;0;;;;;;;;;;;;;;
504;Field CA3, stratum radiatum;0;0;um2;0;0;0;um2;0;;;;;;;;;;;;;;
726;Dentate gyrus;0;0;um2;0;0;0;um2;0;;;;;;;;;;;;;;
10703;Dentate gyrus, molecular layer;0;0;um2;0;0;0;um2;0;;;;;;;;;;;;;;
10704;Dentate gyrus, polymorph layer;0;0;um2;0;0;0;um2;0;;;;;;;;;;;;;;
632;Dentate gyrus, granule cell layer;0;0;um2;0;0;0;um2;0;;;;;;;;;;;;;;
10702;Dentate gyrus, subgranular zone;0;0;um2;0;0;0;um2;0;;;;;;;;;;;;;;
734;Dentate gyrus crest;0;0;um2;0;0;0;um2;0;;;;;;;;;;;;;;
742;Dentate gyrus crest, molecular layer;0;0;um2;0;0;0;um2;0;;;;;;;;;;;;;;
751;Dentate gyrus crest, polymorph layer;0;0;um2;0;0;0;um2;0;;;;;;;;;;;;;;
758;Dentate gyrus crest, granule cell layer;0;0;um2;0;0;0;um2;0;;;;;;;;;;;;;;
766;Dentate gyrus lateral blade;0;0;um2;0;0;0;um2;0;;;;;;;;;;;;;;
775;Dentate gyrus lateral blade, molecular layer;0;0;um2;0;0;0;um2;0;;;;;;;;;;;;;;
782;Dentate gyrus lateral blade, polymorph layer;0;0;um2;0;0;0;um2;0;;;;;;;;;;;;;;
790;Dentate gyrus lateral blade, granule cell layer;0;0;um2;0;0;0;um2;0;;;;;;;;;;;;;;
799;Dentate gyrus medial blade;0;0;um2;0;0;0;um2;0;;;;;;;;;;;;;;
807;Dentate gyrus medial blade, molecular layer;0;0;um2;0;0;0;um2;0;;;;;;;;;;;;;;
815;Dentate gyrus medial blade, polymorph layer;0;0;um2;0;0;0;um2;0;;;;;;;;;;;;;;
823;Dentate gyrus medial blade, granule cell layer;0;0;um2;0;0;0;um2;0;;;;;;;;;;;;;;
982;Fasciola cinerea;0;0;um2;0;0;0;um2;0;;;;;;;;;;;;;;
19;Induseum griseum;0;0;um2;0;0;0;um2;0;;;;;;;;;;;;;;
822;Retrohippocampal region;0;0;um2;0;0;0;um2;0;;;;;;;;;;;;;;
909;Entorhinal area;0;0;um2;0;0;0;um2;0;;;;;;;;;;;;;;
918;Entorhinal area, lateral part;0;0;um2;0;0;0;um2;0;;;;;;;;;;;;;;
1121;Entorhinal area, lateral part, layer 1;0;0;um2;0;0;0;um2;0;;;;;;;;;;;;;;
20;Entorhinal area, lateral part, layer 2;0;0;um2;0;0;0;um2;0;;;;;;;;;;;;;;
999;Entorhinal area, lateral part, layer 2/3;0;0;um2;0;0;0;um2;0;;;;;;;;;;;;;;
715;Entorhinal area, lateral part, layer 2a;0;0;um2;0;0;0;um2;0;;;;;;;;;;;;;;
764;Entorhinal area, lateral part, layer 2b;0;0;um2;0;0;0;um2;0;;;;;;;;;;;;;;
52;Entorhinal area, lateral part, layer 3;0;0;um2;0;0;0;um2;0;;;;;;;;;;;;;;
92;Entorhinal area, lateral part, layer 4;0;0;um2;0;0;0;um2;0;;;;;;;;;;;;;;
312;Entorhinal area, lateral part, layer 4/5;0;0;um2;0;0;0;um2;0;;;;;;;;;;;;;;
139;Entorhinal area, lateral part, layer 5;0;0;um2;0;0;0;um2;0;;;;;;;;;;;;;;
387;Entorhinal area, lateral part, layer 5/6;0;0;um2;0;0;0;um2;0;;;;;;;;;;;;;;
28;Entorhinal area, lateral part, layer 6a;0;0;um2;0;0;0;um2;0;;;;;;;;;;;;;;
60;Entorhinal area, lateral part, layer 6b;0;0;um2;0;0;0;um2;0;;;;;;;;;;;;;;
926;Entorhinal area, medial part, dorsal zone;0;0;um2;0;0;0;um2;0;;;;;;;;;;;;;;
526;Entorhinal area, medial part, dorsal zone, layer 1;0;0;um2;0;0;0;um2;0;;;;;;;;;;;;;;
543;Entorhinal area, medial part, dorsal zone, layer 2;0;0;um2;0;0;0;um2;0;;;;;;;;;;;;;;
468;Entorhinal area, medial part, dorsal zone, layer 2a;0;0;um2;0;0;0;um2;0;;;;;;;;;;;;;;
508;Entorhinal area, medial part, dorsal zone, layer 2b;0;0;um2;0;0;0;um2;0;;;;;;;;;;;;;;
664;Entorhinal area, medial part, dorsal zone, layer 3;0;0;um2;0;0;0;um2;0;;;;;;;;;;;;;;
712;Entorhinal area, medial part, dorsal zone, layer 4;0;0;um2;0;0;0;um2;0;;;;;;;;;;;;;;
727;Entorhinal area, medial part, dorsal zone, layer 5;0;0;um2;0;0;0;um2;0;;;;;;;;;;;;;;
550;Entorhinal area, medial part, dorsal zone, layer 5/6;0;0;um2;0;0;0;um2;0;;;;;;;;;;;;;;
743;Entorhinal area, medial part, dorsal zone, layer 6;0;0;um2;0;0;0;um2;0;;;;;;;;;;;;;;
934;Entorhinal area, medial part, ventral zone;0;0;um2;0;0;0;um2;0;;;;;;;;;;;;;;
259;Entorhinal area, medial part, ventral zone, layer 1;0;0;um2;0;0;0;um2;0;;;;;;;;;;;;;;
324;Entorhinal area, medial part, ventral zone, layer 2;0;0;um2;0;0;0;um2;0;;;;;;;;;;;;;;
371;Entorhinal area, medial part, ventral zone, layer 3;0;0;um2;0;0;0;um2;0;;;;;;;;;;;;;;
419;Entorhinal area, medial part, ventral zone, layer 4;0;0;um2;0;0;0;um2;0;;;;;;;;;;;;;;
1133;Entorhinal area, medial part, ventral zone, layer 5/6;0;0;um2;0;0;0;um2;0;;;;;;;;;;;;;;
843;Parasubiculum;0;0;um2;0;0;0;um2;0;;;;;;;;;;;;;;
10693;Parasubiculum, layer 1;0;0;um2;0;0;0;um2;0;;;;;;;;;;;;;;
10694;Parasubiculum, layer 2;0;0;um2;0;0;0;um2;0;;;;;;;;;;;;;;
10695;Parasubiculum, layer 3;0;0;um2;0;0;0;um2;0;;;;;;;;;;;;;;
1037;Postsubiculum;0;0;um2;0;0;0;um2;0;;;;;;;;;;;;;;
10696;Postsubiculum, layer 1;0;0;um2;0;0;0;um2;0;;;;;;;;;;;;;;
10697;Postsubiculum, layer 2;0;0;um2;0;0;0;um2;0;;;;;;;;;;;;;;
10698;Postsubiculum, layer 3;0;0;um2;0;0;0;um2;0;;;;;;;;;;;;;;
1084;Presubiculum;0;0;um2;0;0;0;um2;0;;;;;;;;;;;;;;
10699;Presubiculum, layer 1;0;0;um2;0;0;0;um2;0;;;;;;;;;;;;;;
10700;Presubiculum, layer 2;0;0;um2;0;0;0;um2;0;;;;;;;;;;;;;;
10701;Presubiculum, layer 3;0;0;um2;0;0;0;um2;0;;;;;;;;;;;;;;
502;Subiculum;0;0;um2;0;0;0;um2;0;;;;;;;;;;;;;;
509;Subiculum, dorsal part;0;0;um2;0;0;0;um2;0;;;;;;;;;;;;;;
829;Subiculum, dorsal part, molecular layer;0;0;um2;0;0;0;um2;0;;;;;;;;;;;;;;
845;Subiculum, dorsal part, pyramidal layer;0;0;um2;0;0;0;um2;0;;;;;;;;;;;;;;
837;Subiculum, dorsal part, stratum radiatum;0;0;um2;0;0;0;um2;0;;;;;;;;;;;;;;
518;Subiculum, ventral part;0;0;um2;0;0;0;um2;0;;;;;;;;;;;;;;
853;Subiculum, ventral part, molecular layer;0;0;um2;0;0;0;um2;0;;;;;;;;;;;;;;
870;Subiculum, ventral part, pyramidal layer;0;0;um2;0;0;0;um2;0;;;;;;;;;;;;;;
861;Subiculum, ventral part, stratum radiatum;0;0;um2;0;0;0;um2;0;;;;;;;;;;;;;;
484682470;Prosubiculum;0;0;um2;0;0;0;um2;0;;;;;;;;;;;;;;
484682475;Prosubiculum, dorsal part;0;0;um2;0;0;0;um2;0;;;;;;;;;;;;;;
484682479;Prosubiculum, dorsal part, molecular layer;0;0;um2;0;0;0;um2;0;;;;;;;;;;;;;;
484682483;Prosubiculum, dorsal part, pyramidal layer;0;0;um2;0;0;0;um2;0;;;;;;;;;;;;;;
484682487;Prosubiculum, dorsal part, stratum radiatum;0;0;um2;0;0;0;um2;0;;;;;;;;;;;;;;
484682492;Prosubiculum, ventral part;0;0;um2;0;0;0;um2;0;;;;;;;;;;;;;;
484682496;Prosubiculum, ventral part, molecular layer;0;0;um2;0;0;0;um2;0;;;;;;;;;;;;;;
484682500;Prosubiculum, ventral part, pyramidal layer;0;0;um2;0;0;0;um2;0;;;;;;;;;;;;;;
484682504;Prosubiculum, ventral part, stratum radiatum;0;0;um2;0;0;0;um2;0;;;;;;;;;;;;;;
589508447;Hippocampo-amygdalar transition area;0;0;um2;0;0;0;um2;0;;;;;;;;;;;;;;
484682508;Area prostriata;0;0;um2;0;0;0;um2;0;;;;;;;;;;;;;;
703;Cortical subplate;15304;15304.154633;um2;15;659;659;um2;0.043060;;;;;;;;;;;;;;
16;Layer 6b, isocortex;0;0;um2;0;0;0;um2;0;;;;;;;;;;;;;;
583;Claustrum;297498;297497.835175;um2;306;13378;13378;um2;0.044968;;;;;;;;;;;;;;
942;Endopiriform nucleus;0;0;um2;0;0;0;um2;0;;;;;;;;;;;;;;
952;Endopiriform nucleus, dorsal part;313549;313548.533936;um2;329;14969;14969;um2;0.047741;;;;;;;;;;;;;;
966;Endopiriform nucleus, ventral part;0;0;um2;0;0;0;um2;0;;;;;;;;;;;;;;
131;Lateral amygdalar nucleus;0;0;um2;0;0;0;um2;0;;;;;;;;;;;;;;
295;Basolateral amygdalar nucleus;0;0;um2;0;0;0;um2;0;;;;;;;;;;;;;;
303;Basolateral amygdalar nucleus, anterior part;0;0;um2;0;0;0;um2;0;;;;;;;;;;;;;;
311;Basolateral amygdalar nucleus, posterior part;0;0;um2;0;0;0;um2;0;;;;;;;;;;;;;;
451;Basolateral amygdalar nucleus, ventral part;0;0;um2;0;0;0;um2;0;;;;;;;;;;;;;;
319;Basomedial amygdalar nucleus;0;0;um2;0;0;0;um2;0;;;;;;;;;;;;;;
327;Basomedial amygdalar nucleus, anterior part;0;0;um2;0;0;0;um2;0;;;;;;;;;;;;;;
334;Basomedial amygdalar nucleus, posterior part;0;0;um2;0;0;0;um2;0;;;;;;;;;;;;;;
780;Posterior amygdalar nucleus;0;0;um2;0;0;0;um2;0;;;;;;;;;;;;;;
623;Cerebral nuclei;0;0;um2;0;0;0;um2;0;;;;;;;;;;;;;;
477;Striatum;566627;566626.993469;um2;618;27970;27970;um2;0.049362;;;;;;;;;;;;;;
485;Striatum dorsal region;0;0;um2;0;0;0;um2;0;;;;;;;;;;;;;;
672;Caudoputamen;3583785;3583785.088470;um2;1687;59874;59874;um2;0.016707;;;;;;;;;;;;;;
493;Striatum ventral region;0;0;um2;0;0;0;um2;0;;;;;;;;;;;;;;
56;Nucleus accumbens;2259043;2259042.532593;um2;1564;66354;66354;um2;0.029373;;;;;;;;;;;;;;
998;Fundus of striatum;0;0;um2;0;0;0;um2;0;;;;;;;;;;;;;;
754;Olfactory tubercle;1322503;1322502.923492;um2;765;27613;27613;um2;0.020879;;;;;;;;;;;;;;
481;Islands of Calleja;0;0;um2;0;0;0;um2;0;;;;;;;;;;;;;;
489;Major island of Calleja;0;0;um2;0;0;0;um2;0;;;;;;;;;;;;;;
144;Olfactory tubercle, layers 1-3;0;0;um2;0;0;0;um2;0;;;;;;;;;;;;;;
458;Olfactory tubercle, molecular layer;0;0;um2;0;0;0;um2;0;;;;;;;;;;;;;;
465;Olfactory tubercle, pyramidal layer;0;0;um2;0;0;0;um2;0;;;;;;;;;;;;;;
473;Olfactory tubercle, polymorph layer;0;0;um2;0;0;0;um2;0;;;;;;;;;;;;;;
549009199;Lateral strip of striatum;0;0;um2;0;0;0;um2;0;;;;;;;;;;;;;;
275;Lateral septal complex;0;0;um2;0;0;0;um2;0;;;;;;;;;;;;;;
242;Lateral septal nucleus;0;0;um2;0;0;0;um2;0;;;;;;;;;;;;;;
250;Lateral septal nucleus, caudal (caudodorsal) part;0;0;um2;0;0;0;um2;0;;;;;;;;;;;;;;
258;Lateral septal nucleus, rostral (rostroventral) part;370286;370285.887695;um2;305;15532;15532;um2;0.041946;;;;;;;;;;;;;;
266;Lateral septal nucleus, ventral part;0;0;um2;0;0;0;um2;0;;;;;;;;;;;;;;
310;Septofimbrial nucleus;0;0;um2;0;0;0;um2;0;;;;;;;;;;;;;;
333;Septohippocampal nucleus;0;0;um2;0;0;0;um2;0;;;;;;;;;;;;;;
278;Striatum-like amygdalar nuclei;0;0;um2;0;0;0;um2;0;;;;;;;;;;;;;;
23;Anterior amygdalar area;0;0;um2;0;0;0;um2;0;;;;;;;;;;;;;;
292;Bed nucleus of the accessory olfactory tract;0;0;um2;0;0;0;um2;0;;;;;;;;;;;;;;
536;Central amygdalar nucleus;0;0;um2;0;0;0;um2;0;;;;;;;;;;;;;;
544;Central amygdalar nucleus, capsular part;0;0;um2;0;0;0;um2;0;;;;;;;;;;;;;;
551;Central amygdalar nucleus, lateral part;0;0;um2;0;0;0;um2;0;;;;;;;;;;;;;;
559;Central amygdalar nucleus, medial part;0;0;um2;0;0;0;um2;0;;;;;;;;;;;;;;
1105;Intercalated amygdalar nucleus;0;0;um2;0;0;0;um2;0;;;;;;;;;;;;;;
403;Medial amygdalar nucleus;0;0;um2;0;0;0;um2;0;;;;;;;;;;;;;;
411;Medial amygdalar nucleus, anterodorsal part;0;0;um2;0;0;0;um2;0;;;;;;;;;;;;;;
418;Medial amygdalar nucleus, anteroventral part;0;0;um2;0;0;0;um2;0;;;;;;;;;;;;;;
426;Medial amygdalar nucleus, posterodorsal part;0;0;um2;0;0;0;um2;0;;;;;;;;;;;;;;
472;Medial amygdalar nucleus, posterodorsal part, sublayer a;0;0;um2;0;0;0;um2;0;;;;;;;;;;;;;;
480;Medial amygdalar nucleus, posterodorsal part, sublayer b;0;0;um2;0;0;0;um2;0;;;;;;;;;;;;;;
487;Medial amygdalar nucleus, posterodorsal part, sublayer c;0;0;um2;0;0;0;um2;0;;;;;;;;;;;;;;
435;Medial amygdalar nucleus, posteroventral part;0;0;um2;0;0;0;um2;0;;;;;;;;;;;;;;
803;Pallidum;36581;36580.662292;um2;59;1411;1411;um2;0.038572;;;;;;;;;;;;;;
818;Pallidum, dorsal region;0;0;um2;0;0;0;um2;0;;;;;;;;;;;;;;
1022;Globus pallidus, external segment;0;0;um2;0;0;0;um2;0;;;;;;;;;;;;;;
1031;Globus pallidus, internal segment;0;0;um2;0;0;0;um2;0;;;;;;;;;;;;;;
835;Pallidum, ventral region;0;0;um2;0;0;0;um2;0;;;;;;;;;;;;;;
342;Substantia innominata;381111;381110.777557;um2;316;12920;12920;um2;0.033901;;;;;;;;;;;;;;
298;Magnocellular nucleus;0;0;um2;0;0;0;um2;0;;;;;;;;;;;;;;
826;Pallidum, medial region;0;0;um2;0;0;0;um2;0;;;;;;;;;;;;;;
904;Medial septal complex;0;0;um2;0;0;0;um2;0;;;;;;;;;;;;;;
564;Medial septal nucleus;0;0;um2;0;0;0;um2;0;;;;;;;;;;;;;;
596;Diagonal band nucleus;194475;194474.745453;um2;168;6105;6105;um2;0.031392;;;;;;;;;;;;;;
581;Triangular nucleus of septum;0;0;um2;0;0;0;um2;0;;;;;;;;;;;;;;
809;Pallidum, caudal region;0;0;um2;0;0;0;um2;0;;;;;;;;;;;;;;
351;Bed nuclei of the stria terminalis;0;0;um2;0;0;0;um2;0;;;;;;;;;;;;;;
359;Bed nuclei of the stria terminalis, anterior division;0;0;um2;0;0;0;um2;0;;;;;;;;;;;;;;
537;Bed nuclei of the stria terminalis, anterior division, anterolateral area;0;0;um2;0;0;0;um2;0;;;;;;;;;;;;;;
498;Bed nuclei of the stria terminalis, anterior division, anteromedial area;0;0;um2;0;0;0;um2;0;;;;;;;;;;;;;;
505;Bed nuclei of the stria terminalis, anterior division, dorsomedial nucleus;0;0;um2;0;0;0;um2;0;;;;;;;;;;;;;;
513;Bed nuclei of the stria terminalis, anterior division, fusiform nucleus;0;0;um2;0;0;0;um2;0;;;;;;;;;;;;;;
546;Bed nuclei of the stria terminalis, anterior division, juxtacapsular nucleus;0;0;um2;0;0;0;um2;0;;;;;;;;;;;;;;
521;Bed nuclei of the stria terminalis, anterior division, magnocellular nucleus;0;0;um2;0;0;0;um2;0;;;;;;;;;;;;;;
554;Bed nuclei of the stria terminalis, anterior division, oval nucleus;0;0;um2;0;0;0;um2;0;;;;;;;;;;;;;;
562;Bed nuclei of the stria terminalis, anterior division, rhomboid nucleus;0;0;um2;0;0;0;um2;0;;;;;;;;;;;;;;
529;Bed nuclei of the stria terminalis, anterior division, ventral nucleus;0;0;um2;0;0;0;um2;0;;;;;;;;;;;;;;
367;Bed nuclei of the stria terminalis, posterior division;0;0;um2;0;0;0;um2;0;;;;;;;;;;;;;;
569;Bed nuclei of the stria terminalis, posterior division, dorsal nucleus;0;0;um2;0;0;0;um2;0;;;;;;;;;;;;;;
578;Bed nuclei of the stria terminalis, posterior division, principal nucleus;0;0;um2;0;0;0;um2;0;;;;;;;;;;;;;;
585;Bed nuclei of the stria terminalis, posterior division, interfascicular nucleus;0;0;um2;0;0;0;um2;0;;;;;;;;;;;;;;
594;Bed nuclei of the stria terminalis, posterior division, transverse nucleus;0;0;um2;0;0;0;um2;0;;;;;;;;;;;;;;
602;Bed nuclei of the stria terminalis, posterior division, strial extension;0;0;um2;0;0;0;um2;0;;;;;;;;;;;;;;
287;Bed nucleus of the anterior commissure;0;0;um2;0;0;0;um2;0;;;;;;;;;;;;;;
343;Brain stem;0;0;um2;0;0;0;um2;0;;;;;;;;;;;;;;
1129;Interbrain;0;0;um2;0;0;0;um2;0;;;;;;;;;;;;;;
549;Thalamus;0;0;um2;0;0;0;um2;0;;;;;;;;;;;;;;
864;Thalamus, sensory-motor cortex related;0;0;um2;0;0;0;um2;0;;;;;;;;;;;;;;
637;Ventral group of the dorsal thalamus;0;0;um2;0;0;0;um2;0;;;;;;;;;;;;;;
629;Ventral anterior-lateral complex of the thalamus;0;0;um2;0;0;0;um2;0;;;;;;;;;;;;;;
685;Ventral medial nucleus of the thalamus;0;0;um2;0;0;0;um2;0;;;;;;;;;;;;;;
709;Ventral posterior complex of the thalamus;0;0;um2;0;0;0;um2;0;;;;;;;;;;;;;;
718;Ventral posterolateral nucleus of the thalamus;0;0;um2;0;0;0;um2;0;;;;;;;;;;;;;;
725;Ventral posterolateral nucleus of the thalamus, parvicellular part;0;0;um2;0;0;0;um2;0;;;;;;;;;;;;;;
733;Ventral posteromedial nucleus of the thalamus;0;0;um2;0;0;0;um2;0;;;;;;;;;;;;;;
741;Ventral posteromedial nucleus of the thalamus, parvicellular part;0;0;um2;0;0;0;um2;0;;;;;;;;;;;;;;
563807435;Posterior triangular thalamic nucleus;0;0;um2;0;0;0;um2;0;;;;;;;;;;;;;;
406;Subparafascicular nucleus;0;0;um2;0;0;0;um2;0;;;;;;;;;;;;;;
414;Subparafascicular nucleus, magnocellular part;0;0;um2;0;0;0;um2;0;;;;;;;;;;;;;;
422;Subparafascicular nucleus, parvicellular part;0;0;um2;0;0;0;um2;0;;;;;;;;;;;;;;
609;Subparafascicular area;0;0;um2;0;0;0;um2;0;;;;;;;;;;;;;;
1044;Peripeduncular nucleus;0;0;um2;0;0;0;um2;0;;;;;;;;;;;;;;
1008;Geniculate group, dorsal thalamus;0;0;um2;0;0;0;um2;0;;;;;;;;;;;;;;
475;Medial geniculate complex;0;0;um2;0;0;0;um2;0;;;;;;;;;;;;;;
1072;Medial geniculate complex, dorsal part;0;0;um2;0;0;0;um2;0;;;;;;;;;;;;;;
1079;Medial geniculate complex, ventral part;0;0;um2;0;0;0;um2;0;;;;;;;;;;;;;;
1088;Medial geniculate complex, medial part;0;0;um2;0;0;0;um2;0;;;;;;;;;;;;;;
170;Dorsal part of the lateral geniculate complex;0;0;um2;0;0;0;um2;0;;;;;;;;;;;;;;
496345664;Dorsal part of the lateral geniculate complex, shell;0;0;um2;0;0;0;um2;0;;;;;;;;;;;;;;
496345668;Dorsal part of the lateral geniculate complex, core;0;0;um2;0;0;0;um2;0;;;;;;;;;;;;;;
496345672;Dorsal part of the lateral geniculate complex, ipsilateral zone;0;0;um2;0;0;0;um2;0;;;;;;;;;;;;;;
856;Thalamus, polymodal association cortex related;0;0;um2;0;0;0;um2;0;;;;;;;;;;;;;;
138;Lateral group of the dorsal thalamus;0;0;um2;0;0;0;um2;0;;;;;;;;;;;;;;
218;Lateral posterior nucleus of the thalamus;0;0;um2;0;0;0;um2;0;;;;;;;;;;;;;;
1020;Posterior complex of the thalamus;0;0;um2;0;0;0;um2;0;;;;;;;;;;;;;;
1029;Posterior limiting nucleus of the thalamus;0;0;um2;0;0;0;um2;0;;;;;;;;;;;;;;
325;Suprageniculate nucleus;0;0;um2;0;0;0;um2;0;;;;;;;;;;;;;;
560581551;Ethmoid nucleus of the thalamus;0;0;um2;0;0;0;um2;0;;;;;;;;;;;;;;
560581555;Retroethmoid nucleus;0;0;um2;0;0;0;um2;0;;;;;;;;;;;;;;
239;Anterior group of the dorsal thalamus;0;0;um2;0;0;0;um2;0;;;;;;;;;;;;;;
255;Anteroventral nucleus of thalamus;0;0;um2;0;0;0;um2;0;;;;;;;;;;;;;;
127;Anteromedial nucleus;0;0;um2;0;0;0;um2;0;;;;;;;;;;;;;;
1096;Anteromedial nucleus, dorsal part;0;0;um2;0;0;0;um2;0;;;;;;;;;;;;;;
1104;Anteromedial nucleus, ventral part;0;0;um2;0;0;0;um2;0;;;;;;;;;;;;;;
64;Anterodorsal nucleus;0;0;um2;0;0;0;um2;0;;;;;;;;;;;;;;
1120;Interanteromedial nucleus of the thalamus;0;0;um2;0;0;0;um2;0;;;;;;;;;;;;;;
1113;Interanterodorsal nucleus of the thalamus;0;0;um2;0;0;0;um2;0;;;;;;;;;;;;;;
155;Lateral dorsal nucleus of thalamus;0;0;um2;0;0;0;um2;0;;;;;;;;;;;;;;
444;Medial group of the dorsal thalamus;0;0;um2;0;0;0;um2;0;;;;;;;;;;;;;;
59;Intermediodorsal nucleus of the thalamus;0;0;um2;0;0;0;um2;0;;;;;;;;;;;;;;
362;Mediodorsal nucleus of thalamus;0;0;um2;0;0;0;um2;0;;;;;;;;;;;;;;
617;Mediodorsal nucleus of the thalamus, central part;0;0;um2;0;0;0;um2;0;;;;;;;;;;;;;;
626;Mediodorsal nucleus of the thalamus, lateral part;0;0;um2;0;0;0;um2;0;;;;;;;;;;;;;;
636;Mediodorsal nucleus of the thalamus, medial part;0;0;um2;0;0;0;um2;0;;;;;;;;;;;;;;
366;Submedial nucleus of the thalamus;0;0;um2;0;0;0;um2;0;;;;;;;;;;;;;;
1077;Perireunensis nucleus;0;0;um2;0;0;0;um2;0;;;;;;;;;;;;;;
571;Midline group of the dorsal thalamus;0;0;um2;0;0;0;um2;0;;;;;;;;;;;;;;
149;Paraventricular nucleus of the thalamus;0;0;um2;0;0;0;um2;0;;;;;;;;;;;;;;
15;Parataenial nucleus;0;0;um2;0;0;0;um2;0;;;;;;;;;;;;;;
181;Nucleus of reuniens;0;0;um2;0;0;0;um2;0;;;;;;;;;;;;;;
560581559;Xiphoid thalamic nucleus;0;0;um2;0;0;0;um2;0;;;;;;;;;;;;;;
51;Intralaminar nuclei of the dorsal thalamus;0;0;um2;0;0;0;um2;0;;;;;;;;;;;;;;
189;Rhomboid nucleus;0;0;um2;0;0;0;um2;0;;;;;;;;;;;;;;
599;Central medial nucleus of the thalamus;0;0;um2;0;0;0;um2;0;;;;;;;;;;;;;;
907;Paracentral nucleus;0;0;um2;0;0;0;um2;0;;;;;;;;;;;;;;
575;Central lateral nucleus of the thalamus;0;0;um2;0;0;0;um2;0;;;;;;;;;;;;;;
930;Parafascicular nucleus;0;0;um2;0;0;0;um2;0;;;;;;;;;;;;;;
560581563;Posterior intralaminar thalamic nucleus;0;0;um2;0;0;0;um2;0;;;;;;;;;;;;;;
262;Reticular nucleus of the thalamus;0;0;um2;0;0;0;um2;0;;;;;;;;;;;;;;
1014;Geniculate group, ventral thalamus;0;0;um2;0;0;0;um2;0;;;;;;;;;;;;;;
27;Intergeniculate leaflet of the lateral geniculate complex;0;0;um2;0;0;0;um2;0;;;;;;;;;;;;;;
563807439;Intermediate geniculate nucleus;0;0;um2;0;0;0;um2;0;;;;;;;;;;;;;;
178;Ventral part of the lateral geniculate complex;0;0;um2;0;0;0;um2;0;;;;;;;;;;;;;;
300;Ventral part of the lateral geniculate complex, lateral zone;0;0;um2;0;0;0;um2;0;;;;;;;;;;;;;;
316;Ventral part of the lateral geniculate complex, medial zone;0;0;um2;0;0;0;um2;0;;;;;;;;;;;;;;
321;Subgeniculate nucleus;0;0;um2;0;0;0;um2;0;;;;;;;;;;;;;;
958;Epithalamus;0;0;um2;0;0;0;um2;0;;;;;;;;;;;;;;
483;Medial habenula;0;0;um2;0;0;0;um2;0;;;;;;;;;;;;;;
186;Lateral habenula;0;0;um2;0;0;0;um2;0;;;;;;;;;;;;;;
953;Pineal body;0;0;um2;0;0;0;um2;0;;;;;;;;;;;;;;
1097;Hypothalamus;0;0;um2;0;0;0;um2;0;;;;;;;;;;;;;;
157;Periventricular zone;0;0;um2;0;0;0;um2;0;;;;;;;;;;;;;;
390;Supraoptic nucleus;0;0;um2;0;0;0;um2;0;;;;;;;;;;;;;;
332;Accessory supraoptic group;0;0;um2;0;0;0;um2;0;;;;;;;;;;;;;;
432;Nucleus circularis;0;0;um2;0;0;0;um2;0;;;;;;;;;;;;;;
38;Paraventricular hypothalamic nucleus;0;0;um2;0;0;0;um2;0;;;;;;;;;;;;;;
71;Paraventricular hypothalamic nucleus, magnocellular division;0;0;um2;0;0;0;um2;0;;;;;;;;;;;;;;
47;Paraventricular hypothalamic nucleus, magnocellular division, anterior magnocellular part;0;0;um2;0;0;0;um2;0;;;;;;;;;;;;;;
79;Paraventricular hypothalamic nucleus, magnocellular division, medial magnocellular part;0;0;um2;0;0;0;um2;0;;;;;;;;;;;;;;
103;Paraventricular hypothalamic nucleus, magnocellular division, posterior magnocellular part;0;0;um2;0;0;0;um2;0;;;;;;;;;;;;;;
652;Paraventricular hypothalamic nucleus, magnocellular division, posterior magnocellular part, lateral zone;0;0;um2;0;0;0;um2;0;;;;;;;;;;;;;;
660;Paraventricular hypothalamic nucleus, magnocellular division, posterior magnocellular part, medial zone;0;0;um2;0;0;0;um2;0;;;;;;;;;;;;;;
94;Paraventricular hypothalamic nucleus, parvicellular division;0;0;um2;0;0;0;um2;0;;;;;;;;;;;;;;
55;Paraventricular hypothalamic nucleus, parvicellular division, anterior parvicellular part;0;0;um2;0;0;0;um2;0;;;;;;;;;;;;;;
87;Paraventricular hypothalamic nucleus, parvicellular division, medial parvicellular part, dorsal zone;0;0;um2;0;0;0;um2;0;;;;;;;;;;;;;;
110;Paraventricular hypothalamic nucleus, parvicellular division, periventricular part;0;0;um2;0;0;0;um2;0;;;;;;;;;;;;;;
30;Periventricular hypothalamic nucleus, anterior part;0;0;um2;0;0;0;um2;0;;;;;;;;;;;;;;
118;Periventricular hypothalamic nucleus, intermediate part;0;0;um2;0;0;0;um2;0;;;;;;;;;;;;;;
223;Arcuate hypothalamic nucleus;0;0;um2;0;0;0;um2;0;;;;;;;;;;;;;;
141;Periventricular region;0;0;um2;0;0;0;um2;0;;;;;;;;;;;;;;
72;Anterodorsal preoptic nucleus;0;0;um2;0;0;0;um2;0;;;;;;;;;;;;;;
80;Anterior hypothalamic area;0;0;um2;0;0;0;um2;0;;;;;;;;;;;;;;
263;Anteroventral preoptic nucleus;0;0;um2;0;0;0;um2;0;;;;;;;;;;;;;;
272;Anteroventral periventricular nucleus;0;0;um2;0;0;0;um2;0;;;;;;;;;;;;;;
830;Dorsomedial nucleus of the hypothalamus;0;0;um2;0;0;0;um2;0;;;;;;;;;;;;;;
668;Dorsomedial nucleus of the hypothalamus, anterior part;0;0;um2;0;0;0;um2;0;;;;;;;;;;;;;;
676;Dorsomedial nucleus of the hypothalamus, posterior part;0;0;um2;0;0;0;um2;0;;;;;;;;;;;;;;
684;Dorsomedial nucleus of the hypothalamus, ventral part;0;0;um2;0;0;0;um2;0;;;;;;;;;;;;;;
452;Median preoptic nucleus;0;0;um2;0;0;0;um2;0;;;;;;;;;;;;;;
523;Medial preoptic area;0;0;um2;0;0;0;um2;0;;;;;;;;;;;;;;
763;Vascular organ of the lamina terminalis;0;0;um2;0;0;0;um2;0;;;;;;;;;;;;;;
914;Posterodorsal preoptic nucleus;0;0;um2;0;0;0;um2;0;;;;;;;;;;;;;;
1109;Parastrial nucleus;0;0;um2;0;0;0;um2;0;;;;;;;;;;;;;;
1124;Suprachiasmatic preoptic nucleus;0;0;um2;0;0;0;um2;0;;;;;;;;;;;;;;
126;Periventricular hypothalamic nucleus, posterior part;0;0;um2;0;0;0;um2;0;;;;;;;;;;;;;;
133;Periventricular hypothalamic nucleus, preoptic part;0;0;um2;0;0;0;um2;0;;;;;;;;;;;;;;
347;Subparaventricular zone;0;0;um2;0;0;0;um2;0;;;;;;;;;;;;;;
286;Suprachiasmatic nucleus;0;0;um2;0;0;0;um2;0;;;;;;;;;;;;;;
338;Subfornical organ;0;0;um2;0;0;0;um2;0;;;;;;;;;;;;;;
576073699;Ventromedial preoptic nucleus;0;0;um2;0;0;0;um2;0;;;;;;;;;;;;;;
689;Ventrolateral preoptic nucleus;0;0;um2;0;0;0;um2;0;;;;;;;;;;;;;;
467;Hypothalamic medial zone;0;0;um2;0;0;0;um2;0;;;;;;;;;;;;;;
88;Anterior hypothalamic nucleus;0;0;um2;0;0;0;um2;0;;;;;;;;;;;;;;
700;Anterior hypothalamic nucleus, anterior part;0;0;um2;0;0;0;um2;0;;;;;;;;;;;;;;
708;Anterior hypothalamic nucleus, central part;0;0;um2;0;0;0;um2;0;;;;;;;;;;;;;;
716;Anterior hypothalamic nucleus, dorsal part;0;0;um2;0;0;0;um2;0;;;;;;;;;;;;;;
724;Anterior hypothalamic nucleus, posterior part;0;0;um2;0;0;0;um2;0;;;;;;;;;;;;;;
331;Mammillary body;0;0;um2;0;0;0;um2;0;;;;;;;;;;;;;;
210;Lateral mammillary nucleus;0;0;um2;0;0;0;um2;0;;;;;;;;;;;;;;
491;Medial mammillary nucleus;0;0;um2;0;0;0;um2;0;;;;;;;;;;;;;;
732;Medial mammillary nucleus, median part;0;0;um2;0;0;0;um2;0;;;;;;;;;;;;;;
606826647;Medial mammillary nucleus, lateral part;0;0;um2;0;0;0;um2;0;;;;;;;;;;;;;;
606826651;Medial mammillary nucleus, medial part;0;0;um2;0;0;0;um2;0;;;;;;;;;;;;;;
606826655;Medial mammillary nucleus, posterior part;0;0;um2;0;0;0;um2;0;;;;;;;;;;;;;;
606826659;Medial mammillary nucleus, dorsal part;0;0;um2;0;0;0;um2;0;;;;;;;;;;;;;;
525;Supramammillary nucleus;0;0;um2;0;0;0;um2;0;;;;;;;;;;;;;;
1110;Supramammillary nucleus, lateral part;0;0;um2;0;0;0;um2;0;;;;;;;;;;;;;;
1118;Supramammillary nucleus, medial part;0;0;um2;0;0;0;um2;0;;;;;;;;;;;;;;
557;Tuberomammillary nucleus;0;0;um2;0;0;0;um2;0;;;;;;;;;;;;;;
1126;Tuberomammillary nucleus, dorsal part;0;0;um2;0;0;0;um2;0;;;;;;;;;;;;;;
1;Tuberomammillary nucleus, ventral part;0;0;um2;0;0;0;um2;0;;;;;;;;;;;;;;
515;Medial preoptic nucleus;0;0;um2;0;0;0;um2;0;;;;;;;;;;;;;;
740;Medial preoptic nucleus, central part;0;0;um2;0;0;0;um2;0;;;;;;;;;;;;;;
748;Medial preoptic nucleus, lateral part;0;0;um2;0;0;0;um2;0;;;;;;;;;;;;;;
756;Medial preoptic nucleus, medial part;0;0;um2;0;0;0;um2;0;;;;;;;;;;;;;;
980;Dorsal premammillary nucleus;0;0;um2;0;0;0;um2;0;;;;;;;;;;;;;;
1004;Ventral premammillary nucleus;0;0;um2;0;0;0;um2;0;;;;;;;;;;;;;;
63;Paraventricular hypothalamic nucleus, descending division;0;0;um2;0;0;0;um2;0;;;;;;;;;;;;;;
439;Paraventricular hypothalamic nucleus, descending division, dorsal parvicellular part;0;0;um2;0;0;0;um2;0;;;;;;;;;;;;;;
447;Paraventricular hypothalamic nucleus, descending division, forniceal part;0;0;um2;0;0;0;um2;0;;;;;;;;;;;;;;
455;Paraventricular hypothalamic nucleus, descending division, lateral parvicellular part;0;0;um2;0;0;0;um2;0;;;;;;;;;;;;;;
464;Paraventricular hypothalamic nucleus, descending division, medial parvicellular part, ventral zone;0;0;um2;0;0;0;um2;0;;;;;;;;;;;;;;
693;Ventromedial hypothalamic nucleus;0;0;um2;0;0;0;um2;0;;;;;;;;;;;;;;
761;Ventromedial hypothalamic nucleus, anterior part;0;0;um2;0;0;0;um2;0;;;;;;;;;;;;;;
769;Ventromedial hypothalamic nucleus, central part;0;0;um2;0;0;0;um2;0;;;;;;;;;;;;;;
777;Ventromedial hypothalamic nucleus, dorsomedial part;0;0;um2;0;0;0;um2;0;;;;;;;;;;;;;;
785;Ventromedial hypothalamic nucleus, ventrolateral part;0;0;um2;0;0;0;um2;0;;;;;;;;;;;;;;
946;Posterior hypothalamic nucleus;0;0;um2;0;0;0;um2;0;;;;;;;;;;;;;;
290;Hypothalamic lateral zone;0;0;um2;0;0;0;um2;0;;;;;;;;;;;;;;
194;Lateral hypothalamic area;0;0;um2;0;0;0;um2;0;;;;;;;;;;;;;;
226;Lateral preoptic area;0;0;um2;0;0;0;um2;0;;;;;;;;;;;;;;
356;Preparasubthalamic nucleus;0;0;um2;0;0;0;um2;0;;;;;;;;;;;;;;
364;Parasubthalamic nucleus;0;0;um2;0;0;0;um2;0;;;;;;;;;;;;;;
576073704;Perifornical nucleus;0;0;um2;0;0;0;um2;0;;;;;;;;;;;;;;
173;Retrochiasmatic area;0;0;um2;0;0;0;um2;0;;;;;;;;;;;;;;
470;Subthalamic nucleus;0;0;um2;0;0;0;um2;0;;;;;;;;;;;;;;
614;Tuberal nucleus;0;0;um2;0;0;0;um2;0;;;;;;;;;;;;;;
797;Zona incerta;0;0;um2;0;0;0;um2;0;;;;;;;;;;;;;;
796;Dopaminergic A13 group;0;0;um2;0;0;0;um2;0;;;;;;;;;;;;;;
804;Fields of Forel;0;0;um2;0;0;0;um2;0;;;;;;;;;;;;;;
10671;Median eminence;0;0;um2;0;0;0;um2;0;;;;;;;;;;;;;;
313;Midbrain;0;0;um2;0;0;0;um2;0;;;;;;;;;;;;;;
339;Midbrain, sensory related;0;0;um2;0;0;0;um2;0;;;;;;;;;;;;;;
302;Superior colliculus, sensory related;0;0;um2;0;0;0;um2;0;;;;;;;;;;;;;;
851;Superior colliculus, optic layer;0;0;um2;0;0;0;um2;0;;;;;;;;;;;;;;
842;Superior colliculus, superficial gray layer;0;0;um2;0;0;0;um2;0;;;;;;;;;;;;;;
834;Superior colliculus, zonal layer;0;0;um2;0;0;0;um2;0;;;;;;;;;;;;;;
4;Inferior colliculus;0;0;um2;0;0;0;um2;0;;;;;;;;;;;;;;
811;Inferior colliculus, central nucleus;0;0;um2;0;0;0;um2;0;;;;;;;;;;;;;;
820;Inferior colliculus, dorsal nucleus;0;0;um2;0;0;0;um2;0;;;;;;;;;;;;;;
828;Inferior colliculus, external nucleus;0;0;um2;0;0;0;um2;0;;;;;;;;;;;;;;
580;Nucleus of the brachium of the inferior colliculus;0;0;um2;0;0;0;um2;0;;;;;;;;;;;;;;
271;Nucleus sagulum;0;0;um2;0;0;0;um2;0;;;;;;;;;;;;;;
874;Parabigeminal nucleus;0;0;um2;0;0;0;um2;0;;;;;;;;;;;;;;
460;Midbrain trigeminal nucleus;0;0;um2;0;0;0;um2;0;;;;;;;;;;;;;;
599626923;Subcommissural organ;0;0;um2;0;0;0;um2;0;;;;;;;;;;;;;;
323;Midbrain, motor related;0;0;um2;0;0;0;um2;0;;;;;;;;;;;;;;
381;Substantia nigra, reticular part;0;0;um2;0;0;0;um2;0;;;;;;;;;;;;;;
749;Ventral tegmental area;0;0;um2;0;0;0;um2;0;;;;;;;;;;;;;;
607344830;Paranigral nucleus;0;0;um2;0;0;0;um2;0;;;;;;;;;;;;;;
246;Midbrain reticular nucleus, retrorubral area;0;0;um2;0;0;0;um2;0;;;;;;;;;;;;;;
128;Midbrain reticular nucleus;0;0;um2;0;0;0;um2;0;;;;;;;;;;;;;;
539;Midbrain reticular nucleus, magnocellular part;0;0;um2;0;0;0;um2;0;;;;;;;;;;;;;;
548;Midbrain reticular nucleus, magnocellular part, general;0;0;um2;0;0;0;um2;0;;;;;;;;;;;;;;
555;Midbrain reticular nucleus, parvicellular part;0;0;um2;0;0;0;um2;0;;;;;;;;;;;;;;
294;Superior colliculus, motor related;0;0;um2;0;0;0;um2;0;;;;;;;;;;;;;;
26;Superior colliculus, motor related, deep gray layer;0;0;um2;0;0;0;um2;0;;;;;;;;;;;;;;
42;Superior colliculus, motor related, deep white layer;0;0;um2;0;0;0;um2;0;;;;;;;;;;;;;;
17;Superior colliculus, motor related, intermediate white layer;0;0;um2;0;0;0;um2;0;;;;;;;;;;;;;;
10;Superior colliculus, motor related, intermediate gray layer;0;0;um2;0;0;0;um2;0;;;;;;;;;;;;;;
494;Superior colliculus, motor related, intermediate gray layer, sublayer a;0;0;um2;0;0;0;um2;0;;;;;;;;;;;;;;
503;Superior colliculus, motor related, intermediate gray layer, sublayer b;0;0;um2;0;0;0;um2;0;;;;;;;;;;;;;;
511;Superior colliculus, motor related, intermediate gray layer, sublayer c;0;0;um2;0;0;0;um2;0;;;;;;;;;;;;;;
795;Periaqueductal gray;0;0;um2;0;0;0;um2;0;;;;;;;;;;;;;;
50;Precommissural nucleus;0;0;um2;0;0;0;um2;0;;;;;;;;;;;;;;
67;Interstitial nucleus of Cajal;0;0;um2;0;0;0;um2;0;;;;;;;;;;;;;;
587;Nucleus of Darkschewitsch;0;0;um2;0;0;0;um2;0;;;;;;;;;;;;;;
614454277;Supraoculomotor periaqueductal gray;0;0;um2;0;0;0;um2;0;;;;;;;;;;;;;;
1100;Pretectal region;0;0;um2;0;0;0;um2;0;;;;;;;;;;;;;;
215;Anterior pretectal nucleus;0;0;um2;0;0;0;um2;0;;;;;;;;;;;;;;
531;Medial pretectal area;0;0;um2;0;0;0;um2;0;;;;;;;;;;;;;;
628;Nucleus of the optic tract;0;0;um2;0;0;0;um2;0;;;;;;;;;;;;;;
634;Nucleus of the posterior commissure;0;0;um2;0;0;0;um2;0;;;;;;;;;;;;;;
706;Olivary pretectal nucleus;0;0;um2;0;0;0;um2;0;;;;;;;;;;;;;;
1061;Posterior pretectal nucleus;0;0;um2;0;0;0;um2;0;;;;;;;;;;;;;;
549009203;Retroparafascicular nucleus;0;0;um2;0;0;0;um2;0;;;;;;;;;;;;;;
549009207;Intercollicular nucleus;0;0;um2;0;0;0;um2;0;;;;;;;;;;;;;;
616;Cuneiform nucleus;0;0;um2;0;0;0;um2;0;;;;;;;;;;;;;;
214;Red nucleus;0;0;um2;0;0;0;um2;0;;;;;;;;;;;;;;
35;Oculomotor nucleus;0;0;um2;0;0;0;um2;0;;;;;;;;;;;;;;
549009211;Medial accesory oculomotor nucleus;0;0;um2;0;0;0;um2;0;;;;;;;;;;;;;;
975;Edinger-Westphal nucleus;0;0;um2;0;0;0;um2;0;;;;;;;;;;;;;;
115;Trochlear nucleus;0;0;um2;0;0;0;um2;0;;;;;;;;;;;;;;
606826663;Paratrochlear nucleus;0;0;um2;0;0;0;um2;0;;;;;;;;;;;;;;
757;Ventral tegmental nucleus;0;0;um2;0;0;0;um2;0;;;;;;;;;;;;;;
231;Anterior tegmental nucleus;0;0;um2;0;0;0;um2;0;;;;;;;;;;;;;;
66;Lateral terminal nucleus of the accessory optic tract;0;0;um2;0;0;0;um2;0;;;;;;;;;;;;;;
75;Dorsal terminal nucleus of the accessory optic tract;0;0;um2;0;0;0;um2;0;;;;;;;;;;;;;;
58;Medial terminal nucleus of the accessory optic tract;0;0;um2;0;0;0;um2;0;;;;;;;;;;;;;;
615;Substantia nigra, lateral part;0;0;um2;0;0;0;um2;0;;;;;;;;;;;;;;
348;Midbrain, behavioral state related;0;0;um2;0;0;0;um2;0;;;;;;;;;;;;;;
374;Substantia nigra, compact part;0;0;um2;0;0;0;um2;0;;;;;;;;;;;;;;
1052;Pedunculopontine nucleus;0;0;um2;0;0;0;um2;0;;;;;;;;;;;;;;
165;Midbrain raphe nuclei;0;0;um2;0;0;0;um2;0;;;;;;;;;;;;;;
12;Interfascicular nucleus raphe;0;0;um2;0;0;0;um2;0;;;;;;;;;;;;;;
100;Interpeduncular nucleus;0;0;um2;0;0;0;um2;0;;;;;;;;;;;;;;
607344834;Interpeduncular nucleus, rostral;0;0;um2;0;0;0;um2;0;;;;;;;;;;;;;;
607344838;Interpeduncular nucleus, caudal;0;0;um2;0;0;0;um2;0;;;;;;;;;;;;;;
607344842;Interpeduncular nucleus, apical;0;0;um2;0;0;0;um2;0;;;;;;;;;;;;;;
607344846;Interpeduncular nucleus, lateral;0;0;um2;0;0;0;um2;0;;;;;;;;;;;;;;
607344850;Interpeduncular nucleus, intermediate;0;0;um2;0;0;0;um2;0;;;;;;;;;;;;;;
607344854;Interpeduncular nucleus, dorsomedial;0;0;um2;0;0;0;um2;0;;;;;;;;;;;;;;
607344858;Interpeduncular nucleus, dorsolateral;0;0;um2;0;0;0;um2;0;;;;;;;;;;;;;;
607344862;Interpeduncular nucleus, rostrolateral;0;0;um2;0;0;0;um2;0;;;;;;;;;;;;;;
197;Rostral linear nucleus raphe;0;0;um2;0;0;0;um2;0;;;;;;;;;;;;;;
591;Central linear nucleus raphe;0;0;um2;0;0;0;um2;0;;;;;;;;;;;;;;
872;Dorsal nucleus raphe;0;0;um2;0;0;0;um2;0;;;;;;;;;;;;;;
1065;Hindbrain;0;0;um2;0;0;0;um2;0;;;;;;;;;;;;;;
771;Pons;0;0;um2;0;0;0;um2;0;;;;;;;;;;;;;;
1132;Pons, sensory related;0;0;um2;0;0;0;um2;0;;;;;;;;;;;;;;
612;Nucleus of the lateral lemniscus;0;0;um2;0;0;0;um2;0;;;;;;;;;;;;;;
82;Nucleus of the lateral lemniscus, dorsal part;0;0;um2;0;0;0;um2;0;;;;;;;;;;;;;;
90;Nucleus of the lateral lemniscus, horizontal part;0;0;um2;0;0;0;um2;0;;;;;;;;;;;;;;
99;Nucleus of the lateral lemniscus, ventral part;0;0;um2;0;0;0;um2;0;;;;;;;;;;;;;;
7;Principal sensory nucleus of the trigeminal;0;0;um2;0;0;0;um2;0;;;;;;;;;;;;;;
867;Parabrachial nucleus;0;0;um2;0;0;0;um2;0;;;;;;;;;;;;;;
123;Koelliker-Fuse subnucleus;0;0;um2;0;0;0;um2;0;;;;;;;;;;;;;;
881;Parabrachial nucleus, lateral division;0;0;um2;0;0;0;um2;0;;;;;;;;;;;;;;
860;Parabrachial nucleus, lateral division, central lateral part;0;0;um2;0;0;0;um2;0;;;;;;;;;;;;;;
868;Parabrachial nucleus, lateral division, dorsal lateral part;0;0;um2;0;0;0;um2;0;;;;;;;;;;;;;;
875;Parabrachial nucleus, lateral division, external lateral part;0;0;um2;0;0;0;um2;0;;;;;;;;;;;;;;
883;Parabrachial nucleus, lateral division, superior lateral part;0;0;um2;0;0;0;um2;0;;;;;;;;;;;;;;
891;Parabrachial nucleus, lateral division, ventral lateral part;0;0;um2;0;0;0;um2;0;;;;;;;;;;;;;;
890;Parabrachial nucleus, medial division;0;0;um2;0;0;0;um2;0;;;;;;;;;;;;;;
899;Parabrachial nucleus, medial division, external medial part;0;0;um2;0;0;0;um2;0;;;;;;;;;;;;;;
915;Parabrachial nucleus, medial division, medial medial part;0;0;um2;0;0;0;um2;0;;;;;;;;;;;;;;
923;Parabrachial nucleus, medial division, ventral medial part;0;0;um2;0;0;0;um2;0;;;;;;;;;;;;;;
398;Superior olivary complex;0;0;um2;0;0;0;um2;0;;;;;;;;;;;;;;
122;Superior olivary complex, periolivary region;0;0;um2;0;0;0;um2;0;;;;;;;;;;;;;;
105;Superior olivary complex, medial part;0;0;um2;0;0;0;um2;0;;;;;;;;;;;;;;
114;Superior olivary complex, lateral part;0;0;um2;0;0;0;um2;0;;;;;;;;;;;;;;
987;Pons, motor related;0;0;um2;0;0;0;um2;0;;;;;;;;;;;;;;
280;Barrington's nucleus;0;0;um2;0;0;0;um2;0;;;;;;;;;;;;;;
880;Dorsal tegmental nucleus;0;0;um2;0;0;0;um2;0;;;;;;;;;;;;;;
283;Lateral tegmental nucleus;0;0;um2;0;0;0;um2;0;;;;;;;;;;;;;;
599626927;Posterodorsal tegmental nucleus;0;0;um2;0;0;0;um2;0;;;;;;;;;;;;;;
898;Pontine central gray;0;0;um2;0;0;0;um2;0;;;;;;;;;;;;;;
931;Pontine gray;0;0;um2;0;0;0;um2;0;;;;;;;;;;;;;;
1093;Pontine reticular nucleus, caudal part;0;0;um2;0;0;0;um2;0;;;;;;;;;;;;;;
552;Pontine reticular nucleus, ventral part;0;0;um2;0;0;0;um2;0;;;;;;;;;;;;;;
318;Supragenual nucleus;0;0;um2;0;0;0;um2;0;;;;;;;;;;;;;;
462;Superior salivatory nucleus;0;0;um2;0;0;0;um2;0;;;;;;;;;;;;;;
534;Supratrigeminal nucleus;0;0;um2;0;0;0;um2;0;;;;;;;;;;;;;;
574;Tegmental reticular nucleus;0;0;um2;0;0;0;um2;0;;;;;;;;;;;;;;
621;Motor nucleus of trigeminal;0;0;um2;0;0;0;um2;0;;;;;;;;;;;;;;
549009215;Peritrigeminal zone;0;0;um2;0;0;0;um2;0;;;;;;;;;;;;;;
549009219;Accessory trigeminal nucleus;0;0;um2;0;0;0;um2;0;;;;;;;;;;;;;;
549009223;Parvicellular motor 5 nucleus;0;0;um2;0;0;0;um2;0;;;;;;;;;;;;;;
549009227;Intertrigeminal nucleus;0;0;um2;0;0;0;um2;0;;;;;;;;;;;;;;
1117;Pons, behavioral state related;0;0;um2;0;0;0;um2;0;;;;;;;;;;;;;;
679;Superior central nucleus raphe;0;0;um2;0;0;0;um2;0;;;;;;;;;;;;;;
137;Superior central nucleus raphe, lateral part;0;0;um2;0;0;0;um2;0;;;;;;;;;;;;;;
130;Superior central nucleus raphe, medial part;0;0;um2;0;0;0;um2;0;;;;;;;;;;;;;;
147;Locus ceruleus;0;0;um2;0;0;0;um2;0;;;;;;;;;;;;;;
162;Laterodorsal tegmental nucleus;0;0;um2;0;0;0;um2;0;;;;;;;;;;;;;;
604;Nucleus incertus;0;0;um2;0;0;0;um2;0;;;;;;;;;;;;;;
146;Pontine reticular nucleus;0;0;um2;0;0;0;um2;0;;;;;;;;;;;;;;
238;Nucleus raphe pontis;0;0;um2;0;0;0;um2;0;;;;;;;;;;;;;;
350;Subceruleus nucleus;0;0;um2;0;0;0;um2;0;;;;;;;;;;;;;;
358;Sublaterodorsal nucleus;0;0;um2;0;0;0;um2;0;;;;;;;;;;;;;;
354;Medulla;0;0;um2;0;0;0;um2;0;;;;;;;;;;;;;;
386;Medulla, sensory related;0;0;um2;0;0;0;um2;0;;;;;;;;;;;;;;
207;Area postrema;0;0;um2;0;0;0;um2;0;;;;;;;;;;;;;;
607;Cochlear nuclei;0;0;um2;0;0;0;um2;0;;;;;;;;;;;;;;
112;Granular lamina of the cochlear nuclei;0;0;um2;0;0;0;um2;0;;;;;;;;;;;;;;
560;Cochlear nucleus, subpedunclular granular region;0;0;um2;0;0;0;um2;0;;;;;;;;;;;;;;
96;Dorsal cochlear nucleus;0;0;um2;0;0;0;um2;0;;;;;;;;;;;;;;
101;Ventral cochlear nucleus;0;0;um2;0;0;0;um2;0;;;;;;;;;;;;;;
720;Dorsal column nuclei;0;0;um2;0;0;0;um2;0;;;;;;;;;;;;;;
711;Cuneate nucleus;0;0;um2;0;0;0;um2;0;;;;;;;;;;;;;;
1039;Gracile nucleus;0;0;um2;0;0;0;um2;0;;;;;;;;;;;;;;
903;External cuneate nucleus;0;0;um2;0;0;0;um2;0;;;;;;;;;;;;;;
642;Nucleus of the trapezoid body;0;0;um2;0;0;0;um2;0;;;;;;;;;;;;;;
651;Nucleus of the solitary tract;0;0;um2;0;0;0;um2;0;;;;;;;;;;;;;;
659;Nucleus of the solitary tract, central part;0;0;um2;0;0;0;um2;0;;;;;;;;;;;;;;
666;Nucleus of the solitary tract, commissural part;0;0;um2;0;0;0;um2;0;;;;;;;;;;;;;;
674;Nucleus of the solitary tract, gelatinous part;0;0;um2;0;0;0;um2;0;;;;;;;;;;;;;;
682;Nucleus of the solitary tract, lateral part;0;0;um2;0;0;0;um2;0;;;;;;;;;;;;;;
691;Nucleus of the solitary tract, medial part;0;0;um2;0;0;0;um2;0;;;;;;;;;;;;;;
429;Spinal nucleus of the trigeminal, caudal part;0;0;um2;0;0;0;um2;0;;;;;;;;;;;;;;
437;Spinal nucleus of the trigeminal, interpolar part;0;0;um2;0;0;0;um2;0;;;;;;;;;;;;;;
445;Spinal nucleus of the trigeminal, oral part;0;0;um2;0;0;0;um2;0;;;;;;;;;;;;;;
77;Spinal nucleus of the trigeminal, oral part, caudal dorsomedial part;0;0;um2;0;0;0;um2;0;;;;;;;;;;;;;;
53;Spinal nucleus of the trigeminal, oral part, middle dorsomedial part, dorsal zone;0;0;um2;0;0;0;um2;0;;;;;;;;;;;;;;
61;Spinal nucleus of the trigeminal, oral part, middle dorsomedial part, ventral zone;0;0;um2;0;0;0;um2;0;;;;;;;;;;;;;;
45;Spinal nucleus of the trigeminal, oral part, rostral dorsomedial part;0;0;um2;0;0;0;um2;0;;;;;;;;;;;;;;
69;Spinal nucleus of the trigeminal, oral part, ventrolateral part;0;0;um2;0;0;0;um2;0;;;;;;;;;;;;;;
589508451;Paratrigeminal nucleus;0;0;um2;0;0;0;um2;0;;;;;;;;;;;;;;
789;Nucleus z;0;0;um2;0;0;0;um2;0;;;;;;;;;;;;;;
370;Medulla, motor related;0;0;um2;0;0;0;um2;0;;;;;;;;;;;;;;
653;Abducens nucleus;0;0;um2;0;0;0;um2;0;;;;;;;;;;;;;;
568;Accessory abducens nucleus;0;0;um2;0;0;0;um2;0;;;;;;;;;;;;;;
661;Facial motor nucleus;0;0;um2;0;0;0;um2;0;;;;;;;;;;;;;;
576;Accessory facial motor nucleus;0;0;um2;0;0;0;um2;0;;;;;;;;;;;;;;
640;Efferent vestibular nucleus;0;0;um2;0;0;0;um2;0;;;;;;;;;;;;;;
135;Nucleus ambiguus;0;0;um2;0;0;0;um2;0;;;;;;;;;;;;;;
939;Nucleus ambiguus, dorsal division;0;0;um2;0;0;0;um2;0;;;;;;;;;;;;;;
143;Nucleus ambiguus, ventral division;0;0;um2;0;0;0;um2;0;;;;;;;;;;;;;;
839;Dorsal motor nucleus of the vagus nerve;0;0;um2;0;0;0;um2;0;;;;;;;;;;;;;;
887;Efferent cochlear group;0;0;um2;0;0;0;um2;0;;;;;;;;;;;;;;
1048;Gigantocellular reticular nucleus;0;0;um2;0;0;0;um2;0;;;;;;;;;;;;;;
372;Infracerebellar nucleus;0;0;um2;0;0;0;um2;0;;;;;;;;;;;;;;
83;Inferior olivary complex;0;0;um2;0;0;0;um2;0;;;;;;;;;;;;;;
136;Intermediate reticular nucleus;0;0;um2;0;0;0;um2;0;;;;;;;;;;;;;;
106;Inferior salivatory nucleus;0;0;um2;0;0;0;um2;0;;;;;;;;;;;;;;
203;Linear nucleus of the medulla;0;0;um2;0;0;0;um2;0;;;;;;;;;;;;;;
235;Lateral reticular nucleus;0;0;um2;0;0;0;um2;0;;;;;;;;;;;;;;
955;Lateral reticular nucleus, magnocellular part;0;0;um2;0;0;0;um2;0;;;;;;;;;;;;;;
963;Lateral reticular nucleus, parvicellular part;0;0;um2;0;0;0;um2;0;;;;;;;;;;;;;;
307;Magnocellular reticular nucleus;0;0;um2;0;0;0;um2;0;;;;;;;;;;;;;;
395;Medullary reticular nucleus;0;0;um2;0;0;0;um2;0;;;;;;;;;;;;;;
1098;Medullary reticular nucleus, dorsal part;0;0;um2;0;0;0;um2;0;;;;;;;;;;;;;;
1107;Medullary reticular nucleus, ventral part;0;0;um2;0;0;0;um2;0;;;;;;;;;;;;;;
852;Parvicellular reticular nucleus;0;0;um2;0;0;0;um2;0;;;;;;;;;;;;;;
859;Parasolitary nucleus;0;0;um2;0;0;0;um2;0;;;;;;;;;;;;;;
938;Paragigantocellular reticular nucleus;0;0;um2;0;0;0;um2;0;;;;;;;;;;;;;;
970;Paragigantocellular reticular nucleus, dorsal part;0;0;um2;0;0;0;um2;0;;;;;;;;;;;;;;
978;Paragigantocellular reticular nucleus, lateral part;0;0;um2;0;0;0;um2;0;;;;;;;;;;;;;;
154;Perihypoglossal nuclei;0;0;um2;0;0;0;um2;0;;;;;;;;;;;;;;
161;Nucleus intercalatus;0;0;um2;0;0;0;um2;0;;;;;;;;;;;;;;
177;Nucleus of Roller;0;0;um2;0;0;0;um2;0;;;;;;;;;;;;;;
169;Nucleus prepositus;0;0;um2;0;0;0;um2;0;;;;;;;;;;;;;;
995;Paramedian reticular nucleus;0;0;um2;0;0;0;um2;0;;;;;;;;;;;;;;
1069;Parapyramidal nucleus;0;0;um2;0;0;0;um2;0;;;;;;;;;;;;;;
185;Parapyramidal nucleus, deep part;0;0;um2;0;0;0;um2;0;;;;;;;;;;;;;;
193;Parapyramidal nucleus, superficial part;0;0;um2;0;0;0;um2;0;;;;;;;;;;;;;;
701;Vestibular nuclei;0;0;um2;0;0;0;um2;0;;;;;;;;;;;;;;
209;Lateral vestibular nucleus;0;0;um2;0;0;0;um2;0;;;;;;;;;;;;;;
202;Medial vestibular nucleus;0;0;um2;0;0;0;um2;0;;;;;;;;;;;;;;
225;Spinal vestibular nucleus;0;0;um2;0;0;0;um2;0;;;;;;;;;;;;;;
217;Superior vestibular nucleus;0;0;um2;0;0;0;um2;0;;;;;;;;;;;;;;
765;Nucleus x;0;0;um2;0;0;0;um2;0;;;;;;;;;;;;;;
773;Hypoglossal nucleus;0;0;um2;0;0;0;um2;0;;;;;;;;;;;;;;
781;Nucleus y;0;0;um2;0;0;0;um2;0;;;;;;;;;;;;;;
76;Interstitial nucleus of the vestibular nerve;0;0;um2;0;0;0;um2;0;;;;;;;;;;;;;;
379;Medulla, behavioral state related;0;0;um2;0;0;0;um2;0;;;;;;;;;;;;;;
206;Nucleus raphe magnus;0;0;um2;0;0;0;um2;0;;;;;;;;;;;;;;
230;Nucleus raphe pallidus;0;0;um2;0;0;0;um2;0;;;;;;;;;;;;;;
222;Nucleus raphe obscurus;0;0;um2;0;0;0;um2;0;;;;;;;;;;;;;;
512;Cerebellum;0;0;um2;0;0;0;um2;0;;;;;;;;;;;;;;
528;Cerebellar cortex;0;0;um2;0;0;0;um2;0;;;;;;;;;;;;;;
1144;Cerebellar cortex, molecular layer;0;0;um2;0;0;0;um2;0;;;;;;;;;;;;;;
1145;Cerebellar cortex, Purkinje layer;0;0;um2;0;0;0;um2;0;;;;;;;;;;;;;;
1143;Cerebellar cortex, granular layer;0;0;um2;0;0;0;um2;0;;;;;;;;;;;;;;
645;Vermal regions;0;0;um2;0;0;0;um2;0;;;;;;;;;;;;;;
912;Lingula (I);0;0;um2;0;0;0;um2;0;;;;;;;;;;;;;;
10707;Lingula (I), molecular layer;0;0;um2;0;0;0;um2;0;;;;;;;;;;;;;;
10706;Lingula (I), Purkinje layer;0;0;um2;0;0;0;um2;0;;;;;;;;;;;;;;
10705;Lingula (I), granular layer;0;0;um2;0;0;0;um2;0;;;;;;;;;;;;;;
920;Central lobule;0;0;um2;0;0;0;um2;0;;;;;;;;;;;;;;
976;Lobule II;0;0;um2;0;0;0;um2;0;;;;;;;;;;;;;;
10710;Lobule II, molecular layer;0;0;um2;0;0;0;um2;0;;;;;;;;;;;;;;
10709;Lobule II, Purkinje layer;0;0;um2;0;0;0;um2;0;;;;;;;;;;;;;;
10708;Lobule II, granular layer;0;0;um2;0;0;0;um2;0;;;;;;;;;;;;;;
984;Lobule III;0;0;um2;0;0;0;um2;0;;;;;;;;;;;;;;
10713;Lobule III, molecular layer;0;0;um2;0;0;0;um2;0;;;;;;;;;;;;;;
10712;Lobule III, Purkinje layer;0;0;um2;0;0;0;um2;0;;;;;;;;;;;;;;
10711;Lobule III, granular layer;0;0;um2;0;0;0;um2;0;;;;;;;;;;;;;;
928;Culmen;0;0;um2;0;0;0;um2;0;;;;;;;;;;;;;;
992;Lobule IV;0;0;um2;0;0;0;um2;0;;;;;;;;;;;;;;
10716;Lobule IV, molecular layer;0;0;um2;0;0;0;um2;0;;;;;;;;;;;;;;
10715;Lobule IV, Purkinje layer;0;0;um2;0;0;0;um2;0;;;;;;;;;;;;;;
10714;Lobule IV, granular layer;0;0;um2;0;0;0;um2;0;;;;;;;;;;;;;;
1001;Lobule V;0;0;um2;0;0;0;um2;0;;;;;;;;;;;;;;
10719;Lobule V, molecular layer;0;0;um2;0;0;0;um2;0;;;;;;;;;;;;;;
10718;Lobule V, Purkinje layer;0;0;um2;0;0;0;um2;0;;;;;;;;;;;;;;
10717;Lobule V, granular layer;0;0;um2;0;0;0;um2;0;;;;;;;;;;;;;;
1091;Lobules IV-V;0;0;um2;0;0;0;um2;0;;;;;;;;;;;;;;
10722;Lobules IV-V, molecular layer;0;0;um2;0;0;0;um2;0;;;;;;;;;;;;;;
10721;Lobules IV-V, Purkinje layer;0;0;um2;0;0;0;um2;0;;;;;;;;;;;;;;
10720;Lobules IV-V, granular layer;0;0;um2;0;0;0;um2;0;;;;;;;;;;;;;;
936;Declive (VI);0;0;um2;0;0;0;um2;0;;;;;;;;;;;;;;
10725;Declive (VI), molecular layer;0;0;um2;0;0;0;um2;0;;;;;;;;;;;;;;
10724;Declive (VI), Purkinje layer;0;0;um2;0;0;0;um2;0;;;;;;;;;;;;;;
10723;Declive (VI), granular layer;0;0;um2;0;0;0;um2;0;;;;;;;;;;;;;;
944;Folium-tuber vermis (VII);0;0;um2;0;0;0;um2;0;;;;;;;;;;;;;;
10728;Folium-tuber vermis (VII), molecular layer;0;0;um2;0;0;0;um2;0;;;;;;;;;;;;;;
10727;Folium-tuber vermis (VII), Purkinje layer;0;0;um2;0;0;0;um2;0;;;;;;;;;;;;;;
10726;Folium-tuber vermis (VII), granular layer;0;0;um2;0;0;0;um2;0;;;;;;;;;;;;;;
951;Pyramus (VIII);0;0;um2;0;0;0;um2;0;;;;;;;;;;;;;;
10731;Pyramus (VIII), molecular layer;0;0;um2;0;0;0;um2;0;;;;;;;;;;;;;;
10730;Pyramus (VIII), Purkinje layer;0;0;um2;0;0;0;um2;0;;;;;;;;;;;;;;
10729;Pyramus (VIII), granular layer;0;0;um2;0;0;0;um2;0;;;;;;;;;;;;;;
957;Uvula (IX);0;0;um2;0;0;0;um2;0;;;;;;;;;;;;;;
10734;Uvula (IX), molecular layer;0;0;um2;0;0;0;um2;0;;;;;;;;;;;;;;
10733;Uvula (IX), Purkinje layer;0;0;um2;0;0;0;um2;0;;;;;;;;;;;;;;
10732;Uvula (IX), granular layer;0;0;um2;0;0;0;um2;0;;;;;;;;;;;;;;
968;Nodulus (X);0;0;um2;0;0;0;um2;0;;;;;;;;;;;;;;
10737;Nodulus (X), molecular layer;0;0;um2;0;0;0;um2;0;;;;;;;;;;;;;;
10736;Nodulus (X), Purkinje layer;0;0;um2;0;0;0;um2;0;;;;;;;;;;;;;;
10735;Nodulus (X), granular layer;0;0;um2;0;0;0;um2;0;;;;;;;;;;;;;;
1073;Hemispheric regions;0;0;um2;0;0;0;um2;0;;;;;;;;;;;;;;
1007;Simple lobule;0;0;um2;0;0;0;um2;0;;;;;;;;;;;;;;
10674;Simple lobule, molecular layer;0;0;um2;0;0;0;um2;0;;;;;;;;;;;;;;
10673;Simple lobule, Purkinje layer;0;0;um2;0;0;0;um2;0;;;;;;;;;;;;;;
10672;Simple lobule, granular layer;0;0;um2;0;0;0;um2;0;;;;;;;;;;;;;;
1017;Ansiform lobule;0;0;um2;0;0;0;um2;0;;;;;;;;;;;;;;
1056;Crus 1;0;0;um2;0;0;0;um2;0;;;;;;;;;;;;;;
10677;Crus 1, molecular layer;0;0;um2;0;0;0;um2;0;;;;;;;;;;;;;;
10676;Crus 1, Purkinje layer;0;0;um2;0;0;0;um2;0;;;;;;;;;;;;;;
10675;Crus 1, granular layer;0;0;um2;0;0;0;um2;0;;;;;;;;;;;;;;
1064;Crus 2;0;0;um2;0;0;0;um2;0;;;;;;;;;;;;;;
10680;Crus 2, molecular layer;0;0;um2;0;0;0;um2;0;;;;;;;;;;;;;;
10679;Crus 2, Purkinje layer;0;0;um2;0;0;0;um2;0;;;;;;;;;;;;;;
10678;Crus 2, granular layer;0;0;um2;0;0;0;um2;0;;;;;;;;;;;;;;
1025;Paramedian lobule;0;0;um2;0;0;0;um2;0;;;;;;;;;;;;;;
10683;Paramedian lobule, molecular layer;0;0;um2;0;0;0;um2;0;;;;;;;;;;;;;;
10682;Paramedian lobule, Purkinje layer;0;0;um2;0;0;0;um2;0;;;;;;;;;;;;;;
10681;Paramedian lobule, granular layer;0;0;um2;0;0;0;um2;0;;;;;;;;;;;;;;
1033;Copula pyramidis;0;0;um2;0;0;0;um2;0;;;;;;;;;;;;;;
10686;Copula pyramidis, molecular layer;0;0;um2;0;0;0;um2;0;;;;;;;;;;;;;;
10685;Copula pyramidis, Purkinje layer;0;0;um2;0;0;0;um2;0;;;;;;;;;;;;;;
10684;Copula pyramidis, granular layer;0;0;um2;0;0;0;um2;0;;;;;;;;;;;;;;
1041;Paraflocculus;0;0;um2;0;0;0;um2;0;;;;;;;;;;;;;;
10689;Paraflocculus, molecular layer;0;0;um2;0;0;0;um2;0;;;;;;;;;;;;;;
10688;Paraflocculus, Purkinje layer;0;0;um2;0;0;0;um2;0;;;;;;;;;;;;;;
10687;Paraflocculus, granular layer;0;0;um2;0;0;0;um2;0;;;;;;;;;;;;;;
1049;Flocculus;0;0;um2;0;0;0;um2;0;;;;;;;;;;;;;;
10692;Flocculus, molecular layer;0;0;um2;0;0;0;um2;0;;;;;;;;;;;;;;
10691;Flocculus, Purkinje layer;0;0;um2;0;0;0;um2;0;;;;;;;;;;;;;;
10690;Flocculus, granular layer;0;0;um2;0;0;0;um2;0;;;;;;;;;;;;;;
519;Cerebellar nuclei;0;0;um2;0;0;0;um2;0;;;;;;;;;;;;;;
989;Fastigial nucleus;0;0;um2;0;0;0;um2;0;;;;;;;;;;;;;;
91;Interposed nucleus;0;0;um2;0;0;0;um2;0;;;;;;;;;;;;;;
846;Dentate nucleus;0;0;um2;0;0;0;um2;0;;;;;;;;;;;;;;
589508455;Vestibulocerebellar nucleus;0;0;um2;0;0;0;um2;0;;;;;;;;;;;;;;
1009;fiber tracts;0;0;um2;0;0;0;um2;0;;;;;;;;;;;;;;
967;cranial nerves;0;0;um2;0;0;0;um2;0;;;;;;;;;;;;;;
885;terminal nerve;0;0;um2;0;0;0;um2;0;;;;;;;;;;;;;;
949;vomeronasal nerve;0;0;um2;0;0;0;um2;0;;;;;;;;;;;;;;
840;olfactory nerve;0;0;um2;0;0;0;um2;0;;;;;;;;;;;;;;
1016;olfactory nerve layer of main olfactory bulb;0;0;um2;0;0;0;um2;0;;;;;;;;;;;;;;
21;lateral olfactory tract, general;0;0;um2;0;0;0;um2;0;;;;;;;;;;;;;;
665;lateral olfactory tract, body;95184;95184.376373;um2;2;16;16;um2;0.000168;;;;;;;;;;;;;;
538;dorsal limb;0;0;um2;0;0;0;um2;0;;;;;;;;;;;;;;
459;accessory olfactory tract;0;0;um2;0;0;0;um2;0;;;;;;;;;;;;;;
900;anterior commissure, olfactory limb;98171;98170.552887;um2;61;1390;1390;um2;0.014159;;;;;;;;;;;;;;
848;optic nerve;0;0;um2;0;0;0;um2;0;;;;;;;;;;;;;;
876;accessory optic tract;0;0;um2;0;0;0;um2;0;;;;;;;;;;;;;;
916;brachium of the superior colliculus;0;0;um2;0;0;0;um2;0;;;;;;;;;;;;;;
336;superior colliculus commissure;0;0;um2;0;0;0;um2;0;;;;;;;;;;;;;;
117;optic chiasm;0;0;um2;0;0;0;um2;0;;;;;;;;;;;;;;
125;optic tract;0;0;um2;0;0;0;um2;0;;;;;;;;;;;;;;
357;tectothalamic pathway;0;0;um2;0;0;0;um2;0;;;;;;;;;;;;;;
832;oculomotor nerve;0;0;um2;0;0;0;um2;0;;;;;;;;;;;;;;
62;medial longitudinal fascicle;0;0;um2;0;0;0;um2;0;;;;;;;;;;;;;;
158;posterior commissure;0;0;um2;0;0;0;um2;0;;;;;;;;;;;;;;
911;trochlear nerve;0;0;um2;0;0;0;um2;0;;;;;;;;;;;;;;
384;trochlear nerve decussation;0;0;um2;0;0;0;um2;0;;;;;;;;;;;;;;
710;abducens nerve;0;0;um2;0;0;0;um2;0;;;;;;;;;;;;;;
901;trigeminal nerve;0;0;um2;0;0;0;um2;0;;;;;;;;;;;;;;
93;motor root of the trigeminal nerve;0;0;um2;0;0;0;um2;0;;;;;;;;;;;;;;
229;sensory root of the trigeminal nerve;0;0;um2;0;0;0;um2;0;;;;;;;;;;;;;;
705;midbrain tract of the trigeminal nerve;0;0;um2;0;0;0;um2;0;;;;;;;;;;;;;;
794;spinal tract of the trigeminal nerve;0;0;um2;0;0;0;um2;0;;;;;;;;;;;;;;
798;facial nerve;0;0;um2;0;0;0;um2;0;;;;;;;;;;;;;;
1131;intermediate nerve;0;0;um2;0;0;0;um2;0;;;;;;;;;;;;;;
1116;genu of the facial nerve;0;0;um2;0;0;0;um2;0;;;;;;;;;;;;;;
933;vestibulocochlear nerve;0;0;um2;0;0;0;um2;0;;;;;;;;;;;;;;
1076;efferent cochleovestibular bundle;0;0;um2;0;0;0;um2;0;;;;;;;;;;;;;;
413;vestibular nerve;0;0;um2;0;0;0;um2;0;;;;;;;;;;;;;;
948;cochlear nerve;0;0;um2;0;0;0;um2;0;;;;;;;;;;;;;;
841;trapezoid body;0;0;um2;0;0;0;um2;0;;;;;;;;;;;;;;
641;intermediate acoustic stria;0;0;um2;0;0;0;um2;0;;;;;;;;;;;;;;
506;dorsal acoustic stria;0;0;um2;0;0;0;um2;0;;;;;;;;;;;;;;
658;lateral lemniscus;0;0;um2;0;0;0;um2;0;;;;;;;;;;;;;;
633;inferior colliculus commissure;0;0;um2;0;0;0;um2;0;;;;;;;;;;;;;;
482;brachium of the inferior colliculus;0;0;um2;0;0;0;um2;0;;;;;;;;;;;;;;
808;glossopharyngeal nerve;0;0;um2;0;0;0;um2;0;;;;;;;;;;;;;;
917;vagus nerve;0;0;um2;0;0;0;um2;0;;;;;;;;;;;;;;
237;solitary tract;0;0;um2;0;0;0;um2;0;;;;;;;;;;;;;;
717;accessory spinal nerve;0;0;um2;0;0;0;um2;0;;;;;;;;;;;;;;
813;hypoglossal nerve;0;0;um2;0;0;0;um2;0;;;;;;;;;;;;;;
925;ventral roots;0;0;um2;0;0;0;um2;0;;;;;;;;;;;;;;
792;dorsal roots;0;0;um2;0;0;0;um2;0;;;;;;;;;;;;;;
932;cervicothalamic tract;0;0;um2;0;0;0;um2;0;;;;;;;;;;;;;;
570;dorsolateral fascicle;0;0;um2;0;0;0;um2;0;;;;;;;;;;;;;;
522;dorsal commissure of the spinal cord;0;0;um2;0;0;0;um2;0;;;;;;;;;;;;;;
858;ventral commissure of the spinal cord;0;0;um2;0;0;0;um2;0;;;;;;;;;;;;;;
586;fasciculus proprius;0;0;um2;0;0;0;um2;0;;;;;;;;;;;;;;
514;dorsal column;0;0;um2;0;0;0;um2;0;;;;;;;;;;;;;;
380;cuneate fascicle;0;0;um2;0;0;0;um2;0;;;;;;;;;;;;;;
388;gracile fascicle;0;0;um2;0;0;0;um2;0;;;;;;;;;;;;;;
396;internal arcuate fibers;0;0;um2;0;0;0;um2;0;;;;;;;;;;;;;;
697;medial lemniscus;0;0;um2;0;0;0;um2;0;;;;;;;;;;;;;;
871;spinothalamic tract;0;0;um2;0;0;0;um2;0;;;;;;;;;;;;;;
29;lateral spinothalamic tract;0;0;um2;0;0;0;um2;0;;;;;;;;;;;;;;
389;ventral spinothalamic tract;0;0;um2;0;0;0;um2;0;;;;;;;;;;;;;;
245;spinocervical tract;0;0;um2;0;0;0;um2;0;;;;;;;;;;;;;;
261;spino-olivary pathway;0;0;um2;0;0;0;um2;0;;;;;;;;;;;;;;
270;spinoreticular pathway;0;0;um2;0;0;0;um2;0;;;;;;;;;;;;;;
293;spinovestibular pathway;0;0;um2;0;0;0;um2;0;;;;;;;;;;;;;;
277;spinotectal pathway;0;0;um2;0;0;0;um2;0;;;;;;;;;;;;;;
253;spinohypothalamic pathway;0;0;um2;0;0;0;um2;0;;;;;;;;;;;;;;
285;spinotelenchephalic pathway;0;0;um2;0;0;0;um2;0;;;;;;;;;;;;;;
627;hypothalamohypophysial tract;0;0;um2;0;0;0;um2;0;;;;;;;;;;;;;;
960;cerebellum related fiber tracts;0;0;um2;0;0;0;um2;0;;;;;;;;;;;;;;
744;cerebellar commissure;0;0;um2;0;0;0;um2;0;;;;;;;;;;;;;;
752;cerebellar peduncles;0;0;um2;0;0;0;um2;0;;;;;;;;;;;;;;
326;superior cerebelar peduncles;0;0;um2;0;0;0;um2;0;;;;;;;;;;;;;;
812;superior cerebellar peduncle decussation;0;0;um2;0;0;0;um2;0;;;;;;;;;;;;;;
85;spinocerebellar tract;0;0;um2;0;0;0;um2;0;;;;;;;;;;;;;;
850;uncinate fascicle;0;0;um2;0;0;0;um2;0;;;;;;;;;;;;;;
866;ventral spinocerebellar tract;0;0;um2;0;0;0;um2;0;;;;;;;;;;;;;;
78;middle cerebellar peduncle;0;0;um2;0;0;0;um2;0;;;;;;;;;;;;;;
1123;inferior cerebellar peduncle;0;0;um2;0;0;0;um2;0;;;;;;;;;;;;;;
553;dorsal spinocerebellar tract;0;0;um2;0;0;0;um2;0;;;;;;;;;;;;;;
499;cuneocerebellar tract;0;0;um2;0;0;0;um2;0;;;;;;;;;;;;;;
650;juxtarestiform body;0;0;um2;0;0;0;um2;0;;;;;;;;;;;;;;
490;bulbocerebellar tract;0;0;um2;0;0;0;um2;0;;;;;;;;;;;;;;
404;olivocerebellar tract;0;0;um2;0;0;0;um2;0;;;;;;;;;;;;;;
410;reticulocerebellar tract;0;0;um2;0;0;0;um2;0;;;;;;;;;;;;;;
373;trigeminocerebellar tract;0;0;um2;0;0;0;um2;0;;;;;;;;;;;;;;
728;arbor vitae;0;0;um2;0;0;0;um2;0;;;;;;;;;;;;;;
484682512;supra-callosal cerebral white matter;120940;120940.148804;um2;45;976;976;um2;0.008070;;;;;;;;;;;;;;
983;lateral forebrain bundle system;0;0;um2;0;0;0;um2;0;;;;;;;;;;;;;;
776;corpus callosum;0;0;um2;0;0;0;um2;0;;;;;;;;;;;;;;
956;corpus callosum, anterior forceps;850687;850687.034332;um2;291;5930;5930;um2;0.006971;;;;;;;;;;;;;;
579;external capsule;99664;99663.641144;um2;49;1703;1703;um2;0.017087;;;;;;;;;;;;;;
964;corpus callosum, extreme capsule;0;0;um2;0;0;0;um2;0;;;;;;;;;;;;;;
1108;genu of corpus callosum;2986;2986.176514;um2;0;0;0;um2;0;;;;;;;;;;;;;;
971;corpus callosum, posterior forceps;0;0;um2;0;0;0;um2;0;;;;;;;;;;;;;;
979;corpus callosum, rostrum;0;0;um2;0;0;0;um2;0;;;;;;;;;;;;;;
484682516;corpus callosum, body;0;0;um2;0;0;0;um2;0;;;;;;;;;;;;;;
986;corpus callosum, splenium;0;0;um2;0;0;0;um2;0;;;;;;;;;;;;;;
784;corticospinal tract;0;0;um2;0;0;0;um2;0;;;;;;;;;;;;;;
6;internal capsule;0;0;um2;0;0;0;um2;0;;;;;;;;;;;;;;
924;cerebal peduncle;0;0;um2;0;0;0;um2;0;;;;;;;;;;;;;;
1036;corticotectal tract;0;0;um2;0;0;0;um2;0;;;;;;;;;;;;;;
1012;corticorubral tract;0;0;um2;0;0;0;um2;0;;;;;;;;;;;;;;
1003;corticopontine tract;0;0;um2;0;0;0;um2;0;;;;;;;;;;;;;;
994;corticobulbar tract;0;0;um2;0;0;0;um2;0;;;;;;;;;;;;;;
190;pyramid;0;0;um2;0;0;0;um2;0;;;;;;;;;;;;;;
198;pyramidal decussation;0;0;um2;0;0;0;um2;0;;;;;;;;;;;;;;
1019;corticospinal tract, crossed;0;0;um2;0;0;0;um2;0;;;;;;;;;;;;;;
1028;corticospinal tract, uncrossed;0;0;um2;0;0;0;um2;0;;;;;;;;;;;;;;
896;thalamus related;0;0;um2;0;0;0;um2;0;;;;;;;;;;;;;;
1092;external medullary lamina of the thalamus;0;0;um2;0;0;0;um2;0;;;;;;;;;;;;;;
14;internal medullary lamina of the thalamus;0;0;um2;0;0;0;um2;0;;;;;;;;;;;;;;
86;middle thalamic commissure;0;0;um2;0;0;0;um2;0;;;;;;;;;;;;;;
365;thalamic peduncles;0;0;um2;0;0;0;um2;0;;;;;;;;;;;;;;
484682520;optic radiation;0;0;um2;0;0;0;um2;0;;;;;;;;;;;;;;
484682524;auditory radiation;0;0;um2;0;0;0;um2;0;;;;;;;;;;;;;;
1000;extrapyramidal fiber systems;0;0;um2;0;0;0;um2;0;;;;;;;;;;;;;;
760;cerebral nuclei related;0;0;um2;0;0;0;um2;0;;;;;;;;;;;;;;
142;pallidothalamic pathway;0;0;um2;0;0;0;um2;0;;;;;;;;;;;;;;
102;nigrostriatal tract;0;0;um2;0;0;0;um2;0;;;;;;;;;;;;;;
109;nigrothalamic fibers;0;0;um2;0;0;0;um2;0;;;;;;;;;;;;;;
134;pallidotegmental fascicle;0;0;um2;0;0;0;um2;0;;;;;;;;;;;;;;
309;striatonigral pathway;0;0;um2;0;0;0;um2;0;;;;;;;;;;;;;;
317;subthalamic fascicle;0;0;um2;0;0;0;um2;0;;;;;;;;;;;;;;
877;tectospinal pathway;0;0;um2;0;0;0;um2;0;;;;;;;;;;;;;;
1051;direct tectospinal pathway;0;0;um2;0;0;0;um2;0;;;;;;;;;;;;;;
1060;doral tegmental decussation;0;0;um2;0;0;0;um2;0;;;;;;;;;;;;;;
1043;crossed tectospinal pathway;0;0;um2;0;0;0;um2;0;;;;;;;;;;;;;;
863;rubrospinal tract;0;0;um2;0;0;0;um2;0;;;;;;;;;;;;;;
397;ventral tegmental decussation;0;0;um2;0;0;0;um2;0;;;;;;;;;;;;;;
221;rubroreticular tract;0;0;um2;0;0;0;um2;0;;;;;;;;;;;;;;
736;central tegmental bundle;0;0;um2;0;0;0;um2;0;;;;;;;;;;;;;;
855;retriculospinal tract;0;0;um2;0;0;0;um2;0;;;;;;;;;;;;;;
205;retriculospinal tract, lateral part;0;0;um2;0;0;0;um2;0;;;;;;;;;;;;;;
213;retriculospinal tract, medial part;0;0;um2;0;0;0;um2;0;;;;;;;;;;;;;;
941;vestibulospinal pathway;0;0;um2;0;0;0;um2;0;;;;;;;;;;;;;;
991;medial forebrain bundle system;0;0;um2;0;0;0;um2;0;;;;;;;;;;;;;;
768;cerebrum related;0;0;um2;0;0;0;um2;0;;;;;;;;;;;;;;
884;amygdalar capsule;0;0;um2;0;0;0;um2;0;;;;;;;;;;;;;;
892;ansa peduncularis;0;0;um2;0;0;0;um2;0;;;;;;;;;;;;;;
908;anterior commissure, temporal limb;0;0;um2;0;0;0;um2;0;;;;;;;;;;;;;;
940;cingulum bundle;107129;107129.082428;um2;77;2887;2887;um2;0.026949;;;;;;;;;;;;;;
1099;fornix system;0;0;um2;0;0;0;um2;0;;;;;;;;;;;;;;
466;alveus;0;0;um2;0;0;0;um2;0;;;;;;;;;;;;;;
530;dorsal fornix;0;0;um2;0;0;0;um2;0;;;;;;;;;;;;;;
603;fimbria;0;0;um2;0;0;0;um2;0;;;;;;;;;;;;;;
745;precommissural fornix, general;0;0;um2;0;0;0;um2;0;;;;;;;;;;;;;;
420;precommissural fornix diagonal band;0;0;um2;0;0;0;um2;0;;;;;;;;;;;;;;
737;postcommissural fornix;0;0;um2;0;0;0;um2;0;;;;;;;;;;;;;;
428;medial corticohypothalamic tract;0;0;um2;0;0;0;um2;0;;;;;;;;;;;;;;
436;columns of the fornix;0;0;um2;0;0;0;um2;0;;;;;;;;;;;;;;
618;hippocampal commissures;0;0;um2;0;0;0;um2;0;;;;;;;;;;;;;;
443;dorsal hippocampal commissure;0;0;um2;0;0;0;um2;0;;;;;;;;;;;;;;
449;ventral hippocampal commissure;0;0;um2;0;0;0;um2;0;;;;;;;;;;;;;;
713;perforant path;0;0;um2;0;0;0;um2;0;;;;;;;;;;;;;;
474;angular path;0;0;um2;0;0;0;um2;0;;;;;;;;;;;;;;
37;longitudinal association bundle;0;0;um2;0;0;0;um2;0;;;;;;;;;;;;;;
301;stria terminalis;0;0;um2;0;0;0;um2;0;;;;;;;;;;;;;;
484682528;commissural branch of stria terminalis;0;0;um2;0;0;0;um2;0;;;;;;;;;;;;;;
824;hypothalamus related;0;0;um2;0;0;0;um2;0;;;;;;;;;;;;;;
54;medial forebrain bundle;0;0;um2;0;0;0;um2;0;;;;;;;;;;;;;;
405;ventrolateral hypothalamic tract;0;0;um2;0;0;0;um2;0;;;;;;;;;;;;;;
174;preoptic commissure;0;0;um2;0;0;0;um2;0;;;;;;;;;;;;;;
349;supraoptic commissures;0;0;um2;0;0;0;um2;0;;;;;;;;;;;;;;
817;supraoptic commissures, anterior;0;0;um2;0;0;0;um2;0;;;;;;;;;;;;;;
825;supraoptic commissures, dorsal;0;0;um2;0;0;0;um2;0;;;;;;;;;;;;;;
833;supraoptic commissures, ventral;0;0;um2;0;0;0;um2;0;;;;;;;;;;;;;;
166;premammillary commissure;0;0;um2;0;0;0;um2;0;;;;;;;;;;;;;;
341;supramammillary decussation;0;0;um2;0;0;0;um2;0;;;;;;;;;;;;;;
182;propriohypothalamic pathways;0;0;um2;0;0;0;um2;0;;;;;;;;;;;;;;
762;propriohypothalamic pathways, dorsal;0;0;um2;0;0;0;um2;0;;;;;;;;;;;;;;
770;propriohypothalamic pathways, lateral;0;0;um2;0;0;0;um2;0;;;;;;;;;;;;;;
779;propriohypothalamic pathways, medial;0;0;um2;0;0;0;um2;0;;;;;;;;;;;;;;
787;propriohypothalamic pathways, ventral;0;0;um2;0;0;0;um2;0;;;;;;;;;;;;;;
150;periventricular bundle of the hypothalamus;0;0;um2;0;0;0;um2;0;;;;;;;;;;;;;;
46;mammillary related;0;0;um2;0;0;0;um2;0;;;;;;;;;;;;;;
753;principal mammillary tract;0;0;um2;0;0;0;um2;0;;;;;;;;;;;;;;
690;mammillothalamic tract;0;0;um2;0;0;0;um2;0;;;;;;;;;;;;;;
681;mammillotegmental tract;0;0;um2;0;0;0;um2;0;;;;;;;;;;;;;;
673;mammillary peduncle;0;0;um2;0;0;0;um2;0;;;;;;;;;;;;;;
1068;dorsal thalamus related;0;0;um2;0;0;0;um2;0;;;;;;;;;;;;;;
722;periventricular bundle of the thalamus;0;0;um2;0;0;0;um2;0;;;;;;;;;;;;;;
1083;epithalamus related;0;0;um2;0;0;0;um2;0;;;;;;;;;;;;;;
802;stria medullaris;0;0;um2;0;0;0;um2;0;;;;;;;;;;;;;;
595;fasciculus retroflexus;0;0;um2;0;0;0;um2;0;;;;;;;;;;;;;;
611;habenular commissure;0;0;um2;0;0;0;um2;0;;;;;;;;;;;;;;
730;pineal stalk;0;0;um2;0;0;0;um2;0;;;;;;;;;;;;;;
70;midbrain related;0;0;um2;0;0;0;um2;0;;;;;;;;;;;;;;
547;dorsal longitudinal fascicle;0;0;um2;0;0;0;um2;0;;;;;;;;;;;;;;
563;dorsal tegmental tract;0;0;um2;0;0;0;um2;0;;;;;;;;;;;;;;
73;ventricular systems;0;0;um2;0;0;0;um2;0;;;;;;;;;;;;;;
81;lateral ventricle;58230;58230.442017;um2;29;1164;1164;um2;0.019990;;;;;;;;;;;;;;
89;rhinocele;0;0;um2;0;0;0;um2;0;;;;;;;;;;;;;;
98;subependymal zone;45166;45165.919769;um2;30;1087;1087;um2;0.024067;;;;;;;;;;;;;;
108;choroid plexus;0;0;um2;0;0;0;um2;0;;;;;;;;;;;;;;
116;choroid fissure;0;0;um2;0;0;0;um2;0;;;;;;;;;;;;;;
124;interventricular foramen;0;0;um2;0;0;0;um2;0;;;;;;;;;;;;;;
129;third ventricle;0;0;um2;0;0;0;um2;0;;;;;;;;;;;;;;
140;cerebral aqueduct;0;0;um2;0;0;0;um2;0;;;;;;;;;;;;;;
145;fourth ventricle;0;0;um2;0;0;0;um2;0;;;;;;;;;;;;;;
153;lateral recess;0;0;um2;0;0;0;um2;0;;;;;;;;;;;;;;
164;central canal, spinal cord/medulla;0;0;um2;0;0;0;um2;0;;;;;;;;;;;;;;
1024;grooves;0;0;um2;0;0;0;um2;0;;;;;;;;;;;;;;
1032;grooves of the cerebral cortex;0;0;um2;0;0;0;um2;0;;;;;;;;;;;;;;
1055;endorhinal groove;0;0;um2;0;0;0;um2;0;;;;;;;;;;;;;;
1063;hippocampal fissure;0;0;um2;0;0;0;um2;0;;;;;;;;;;;;;;
1071;rhinal fissure;0;0;um2;0;0;0;um2;0;;;;;;;;;;;;;;
1078;rhinal incisure;0;0;um2;0;0;0;um2;0;;;;;;;;;;;;;;
1040;grooves of the cerebellar cortex;0;0;um2;0;0;0;um2;0;;;;;;;;;;;;;;
1087;precentral fissure;0;0;um2;0;0;0;um2;0;;;;;;;;;;;;;;
1095;preculminate fissure;0;0;um2;0;0;0;um2;0;;;;;;;;;;;;;;
1103;primary fissure;0;0;um2;0;0;0;um2;0;;;;;;;;;;;;;;
1112;posterior superior fissure;0;0;um2;0;0;0;um2;0;;;;;;;;;;;;;;
1119;prepyramidal fissure;0;0;um2;0;0;0;um2;0;;;;;;;;;;;;;;
3;secondary fissure;0;0;um2;0;0;0;um2;0;;;;;;;;;;;;;;
11;posterolateral fissure;0;0;um2;0;0;0;um2;0;;;;;;;;;;;;;;
18;nodular fissure;0;0;um2;0;0;0;um2;0;;;;;;;;;;;;;;
25;simple fissure;0;0;um2;0;0;0;um2;0;;;;;;;;;;;;;;
34;intercrural fissure;0;0;um2;0;0;0;um2;0;;;;;;;;;;;;;;
43;ansoparamedian fissure;0;0;um2;0;0;0;um2;0;;;;;;;;;;;;;;
49;intraparafloccular fissure;0;0;um2;0;0;0;um2;0;;;;;;;;;;;;;;
57;paramedian sulcus;0;0;um2;0;0;0;um2;0;;;;;;;;;;;;;;
65;parafloccular sulcus;0;0;um2;0;0;0;um2;0;;;;;;;;;;;;;;
624;Interpeduncular fossa;0;0;um2;0;0;0;um2;0;;;;;;;;;;;;;;
304325711;retina;0;0;um2;0;0;0;um2;0;;;;;;;;;;;;;;
