SS,MS,SC,MC,HC
LPO = 0.21980095256644092,LPT = 0.13646383096572712,CA1 = 0.14945567000154614,MHb = 0.1716176326432427,lpEC = 0.2241491279014381
AVPO = 0.2173222601610083,LHb = 0.13599282426105527,LAn = 0.1476434937309134,TnS = 0.16621221842317926,MGCn = 0.22332796240218522
MPA = 0.21732226016100828,Clst = 0.12816182526315176,TeAA = 0.1350515449335296,SFn = 0.16541185015227575,LHA = 0.21934411953769659
MSn = 0.21732226016100825,M2 = 0.12745247449646577,CA3 = 0.1348973069194987,BNST = 0.16468775917059628,SubInn = 0.21662228829228755
SubInn = 0.21380924392523928,M1 = 0.12733816406448828,BLA = 0.12488510726530995,DG = 0.15290671356610178,SMT = 0.21161010496027774
DBn = 0.2108573940444108,SMT = 0.12603841702182536,ViA = 0.11970595964558155,SubInn = 0.14637925909014526,MAn = 0.20182220994248998
MGCn = 0.21085739404441078,AU = 0.12465662173937399,S1 = 0.11813922091116279,SCO = 0.14586397054019304,Gpe = 0.1952183924170077
VMHn = 0.20786884385299895,CLT = 0.12458036137804478,AuA = 0.11752597683007346,LSN = 0.14484313826212777,VPLT = 0.19521839241700764
MPO = 0.20192348943035152,Rh = 0.12434104883601976,IAn = 0.11644430667479967,PCT = 0.13982874913278287,Rh = 0.19382530740501697
AVPV = 0.19807275027147275,Gpi = 0.12219738992394436,Sub = 0.11527333613429548,PreCN = 0.13881282798805242,Gpi = 0.19095487208364773
OT = 0.1965468132623632,DLS = 0.11982617442061666,pRE = 0.11440828543230712,PVT = 0.13853922700078988,PAn = 0.18693972188615737
MePO = 0.19176016726596876,EnT = 0.11789835703176005,OA = 0.11315873496555365,EnT = 0.1364837343553607,CCA = 0.17722593206281967
aAA = 0.18033053578877903,GA = 0.11757076299982078,PVT = 0.11081764819936701,IGLLGC = 0.13287654637308594,Prh = 0.17595870893883747
DG = 0.1709558040360545,PC = 0.11674429714522501,APTN = 0.11023194621708993,vlLGC = 0.13175609292689416,VTA = 0.1546529564770719
dLGC = 0.16911887067907305,ZI = 0.11635700325938501,BMe = 0.1102224409692663,IG = 0.13128369544262847,PCT = 0.1527554109074776
PSN = 0.16642853571642138,VA = 0.11617507571940425,proSub = 0.10959282274433277,DBn = 0.1309260450726423,PAG = 0.15075348390426335
PCn = 0.12309309908623554,dEPn = 0.11475534387608484,vEPn = 0.10927582144090307,PAn = 0.12959114987525538,VALCT = 0.1432501689207583
S1 = 0.12273244745644968,MDT = 0.11133422176869567,DLS = 0.10746014143445412,AU = 0.1291216431400882,MSn = 0.12056691552299714
ADPO = 0.11421263472655586,LPO = 0.10975582369824288,SS = 0.10648613891124784,VPMT = 0.12390001711935672,AVT = 0.11675701445394027
SS = 0.11139376461457408,PL = 0.10835895114681714,Gpe = 0.1059987444582993,Vacc = 0.1232200389213207,FC = 0.11412103222113855
VPLT = 0.10421817082823019,VMT = 0.10695703770117247,CA2 = 0.10351157101010328,LAn = 0.12281221847170117,IGLLGC = 0.11364811307691072
VMT = 0.10291775194235582,NACC.SHELL = 0.10660221701444941,PreCN = 0.10348747969891123,STN = 0.12242776468342152,AHN = 0.11169571501372885
VPMT = 0.10250763557484187,IMDT = 0.10610672818677218,M2 = 0.1032650147382449,M2 = 0.12097785742395932,PreCN = 0.11036881137000273
EnT = 0.10028702929773059,CMT = 0.10552630805392843,IPVH = 0.1029216898803956,Gpi = 0.1190276121488312,PAA = 0.10942355967211023
PCT = 0.09953419603014943,FP = 0.1025555492919786,M1 = 0.10260610059358602,GA = 0.11602908560031772,LPO = 0.10236368902913247
Rh = 0.0963604707564253,RE = 0.10109547652141358,MHb = 0.1011364962583281,M1 = 0.11571848376029348,SS = 0.0976730291369
M1 = 0.09420723767166983,vEPn = 0.09982459265197242,VA = 0.10067515238275794,S1 = 0.11558212849900536,dLGC = 0.09627689387558314
IMDT = 0.0936594603151635,DPA = 0.09971018525603846,PHn = 0.10035573655600886,ADPO = 0.11446748555748866,STN = 0.09365976150563218
SMT = 0.08945247175855635,FF = 0.09968313843617752,VPMT = 0.09977143457542274,PCn = 0.11385587677467088,OA = 0.09043278302591531
CMT = 0.08740244546756136,BLA = 0.09906391007955204,PCT = 0.09887085424319957,BLA = 0.11083420640216142,IL = 0.08935215392304827
PTTn = 0.08570140150272791,AA = 0.09813324657254575,CCA = 0.09855777931565352,AA = 0.11006896827436415,S1 = 0.08710218419743682
CLT = 0.08538930493344893,IL = 0.09745048834589577,Gpi = 0.09845591613882854,ViA = 0.10997374101372885,DPA = 0.08500253421653438
NACC.SHELL = 0.08456407926963455,APTN = 0.095700227264312,subGn = 0.09761783739173784,PT = 0.10776487676648348,MDT = 0.0839557005405151
VALCT = 0.08455927080910511,PAG = 0.09552407624754777,LHA = 0.09707942287869234,SS = 0.10657797082539022,ZI = 0.08338394646557375
MAn = 0.07740445689291466,PSN = 0.09542929101772915,PC = 0.09619074843305973,MGCn = 0.10546082940492724,LPT = 0.07992143400794899
GA = 0.07507441938816192,LSN = 0.0953940954420599,SFn = 0.0957299212985906,NACC.SHELL = 0.10454270588925708,BMe = 0.07934041847617442
FStr = 0.07343878795289703,MePO = 0.09538095033610415,DMH = 0.09568808231095818,PlnT = 0.10336194580925419,PCn = 0.07900596727367667
SFn = 0.07289817989749886,DBn = 0.09493366414066456,IG = 0.0955827203442989,LHA = 0.10332527597386341,PVH = 0.07848572941653698
MDT = 0.06700585517525415,dACC = 0.09465901147117292,lpEC = 0.095289150618255,OA = 0.10319830408232183,SCO = 0.07624104569280071
VA = 0.06438541330486662,CA3 = 0.09439343101652264,SPZ = 0.09456451098996649,VA = 0.09975473874934515,PlnT = 0.07516106300983373
M2 = 0.06149374486613623,NACC.CORE = 0.09430891806236681,AHN = 0.09456451098996647,CLT = 0.09951937181315787,RT = 0.07439781024030397
reSN = 0.06057501638852626,PSTN = 0.09343766409659454,PAG = 0.09431875849236795,MSn = 0.09918885545465997,SFn = 0.07316892522249331
LSN = 0.05719537857436804,IADT = 0.09210596198834074,FC = 0.09430431071865059,VALCT = 0.09794375920158258,GA = 0.07308914641345717
VTA = 0.0570342910036453,lpEC = 0.09147619721873504,PCn = 0.09426176658418482,BMe = 0.09785532763619488,AuA = 0.06953650759658543
PlnT = 0.05480146027152543,CA = 0.0911188243531823,PSTN = 0.09417691875489351,MePO = 0.09650245896009396,M1 = 0.06940373990874095
cSN = 0.05305579927961867,ViA = 0.09067278364238457,DBn = 0.09393899242761933,OT = 0.09433810194223632,DBn = 0.06739243601614518
LAn = 0.05302026443114137,MPO = 0.09049506938379616,PlnT = 0.09008849192235678,VMHn = 0.09244610392719531,VA = 0.06639765835966178
BNST = 0.052813994221938894,MSn = 0.090331777144793,PL = 0.09007011606023792,MPO = 0.09028864911688014,IMDT = 0.06505288479752244
IADT = 0.052761014267475585,MPA = 0.09023458521421852,MePO = 0.0899855620943675,MDT = 0.08688657388265694,CLT = 0.06489041770330546
AU = 0.05107118061437035,SPZ = 0.09015411440317829,OT = 0.08917359865838649,VPLT = 0.08687576946006256,DLS = 0.0635497419801253
vEPn = 0.04993085597274756,RT = 0.08985839826638446,VPLT = 0.08865367404132722,IPVH = 0.08660139512111048,ViA = 0.06328862492565361
PT = 0.048861423426445755,DG = 0.08922259363219412,FF = 0.08839693419829112,PSN = 0.08591732994607432,NACC.CORE = 0.06054401656799267
ZI = 0.0486389357881144,TnS = 0.0887932043994659,Clst = 0.08828890169714454,MGC = 0.08511075582104874,VMT = 0.05994872617001781
BMe = 0.04863888007871225,AHN = 0.08872562529799273,IMDT = 0.08769696499821207,FP = 0.08458741947177714,SON = 0.05964854594403698
CCA = 0.04843693798218006,AVT = 0.0885116749837969,ZI = 0.08760990673903861,Sub = 0.08448116747410399,FP = 0.05817593437320913
Vacc = 0.048030408793965,TeAA = 0.08846613937527267,dACC = 0.0870945975268552,Clst = 0.08376807627916853,MPA = 0.05781830171756603
DMH = 0.047673680119785664,SFn = 0.0879381998026831,FP = 0.08681509958318792,SMT = 0.0830985076203273,IG = 0.05647834851967078
FP = 0.04640281761738031,PTTn = 0.08755375278083197,CA = 0.08652421859607284,PVH = 0.08244568500969833,PL = 0.05538502859636358
RT = 0.04585477021377097,Gpe = 0.08752769833795036,Vacc = 0.08593531910824347,AVPV = 0.0822752200407223,subGn = 0.05524298610100729
PVH = 0.04569529876286631,aOn = 0.08705050185250923,MSn = 0.08539152389630321,PL = 0.07930246877173404,MGC = 0.05460392832908974
XiT = 0.04522751130929894,SubInn = 0.08704375812449217,Prh = 0.084814801590576,VTA = 0.07870501078304773,IAn = 0.054398034661184466
Ech = 0.04520273176850168,vlLGC = 0.08695163107848561,SCO = 0.08457610835292306,MPA = 0.07776742891401987,Sub = 0.05404152968321133
Prh = 0.045019957622266085,PCT = 0.0868538792637903,Ech = 0.08424122302636029,PHn = 0.07745423664234136,BNST = 0.05347010383553652
PL = 0.04477620644211475,PlnT = 0.08648751723048988,AVPV = 0.08418862325644645,APTN = 0.07689497571151312,CA2 = 0.051974508807749766
MHb = 0.04476040361474102,SS = 0.08644665507700355,MGC = 0.08412568769097228,PSTN = 0.07495616061541925,M2 = 0.0517389353407638
OA = 0.0442862210116256,BMe = 0.08634400779350043,AU = 0.0837935249550978,PC = 0.07434141593779832,TnS = 0.05131445272976306
DLS = 0.04428622101162559,VALCT = 0.08609992077022159,GA = 0.0836491108125276,FStr = 0.0741940068313666,PT = 0.05098705775641756
PAn = 0.043572572346204534,TT = 0.08556389130629247,LHb = 0.08297311313277775,TT = 0.07335721519875033,TN = 0.05062812461419321
dACC = 0.04296800853466866,FStr = 0.08504511494636441,IGLLGC = 0.08235006004492602,aOn = 0.07335721519875031,PHn = 0.050603998113491984
AMn = 0.04275035857543119,AMn = 0.08484140844454578,SubInn = 0.08216013429462507,LPT = 0.07238163926935248,DG = 0.0504296576375536
DMS = 0.0426223707103791,PAA = 0.084553337787097,DG = 0.08165039003056632,cSN = 0.07059124535338401,LHb = 0.05029938476269616
aOn = 0.041967574659481165,LHA = 0.08435509255437978,PTTn = 0.08139614884440953,VMT = 0.07037757374816714,RE = 0.04752952293027676
CA1 = 0.04190510378993033,ADPO = 0.08417792713080899,FStr = 0.08123463590267307,DMH = 0.06765838798177826,proSub = 0.047206291163591374
ViA = 0.0414521134533474,MAn = 0.08387920479479327,DMS = 0.08079556439105953,lpEC = 0.06661227302062137,PTTn = 0.04690435480534575
TnS = 0.04110914137247966,PT = 0.08381557044837065,MGCn = 0.08062613012707041,DPA = 0.06543852547459361,CMT = 0.04613641644620048
APTN = 0.04096283324358094,proSub = 0.08359570982654776,DPA = 0.08014762232152382,dACC = 0.06356620728445112,NACC.SHELL = 0.04536090870606119
PVT = 0.040590117315163966,PVH = 0.08352238031483133,CLT = 0.08000358909039813,CA1 = 0.0631956937310858,dACC = 0.045332798210580755
AHN = 0.04057672098783968,XiT = 0.08349723120109724,LPO = 0.07981437225640502,PTTn = 0.06285952403993304,pRE = 0.04391037474355747
TeAA = 0.040405285804124065,Ech = 0.08348726377604153,SMT = 0.07956343018653099,CA3 = 0.06168418728637944,RS = 0.04151429695095399
AVT = 0.04033597176302507,VPMT = 0.0826114410211321,TnS = 0.07940734965047748,CA2 = 0.06157160039612345,SCN = 0.04066964703850865
AuA = 0.04027594326574749,PHn = 0.0823767282519278,BNST = 0.07910664095088928,LPO = 0.0612425315726497,DMS = 0.040027223156962666
PAA = 0.04026093017417638,CA1 = 0.08229363725752724,AVPO = 0.07898128352446898,subGn = 0.0586237140400273,APTN = 0.03946147826597069
DPA = 0.04022673650752331,IPVH = 0.0822912241702648,PAn = 0.07896979661746778,Prh = 0.05768767282475486,PSN = 0.03924290103833413
MGC = 0.04000690842429068,dLGC = 0.0817893510737288,RE = 0.07856553895050462,IL = 0.057098849046464215,MPO = 0.03919529012893929
SON = 0.039769819203226885,PCn = 0.08064465234983424,AMn = 0.07797533074335443,RT = 0.056069167065952795,IADT = 0.03888411887066092
SMN = 0.03976981920322688,VTA = 0.07909874448396643,NACC.CORE = 0.0778918051687954,RS = 0.055875148151545005,LSN = 0.03781247353577701
IL = 0.03974850198465588,AVPO = 0.07907067273118609,SMN = 0.0759099719583319,LHb = 0.05524249412700075,VPMT = 0.03765664159605916
lpEC = 0.039734921081738615,STN = 0.0789986182225309,LPT = 0.07590910509190885,dLGC = 0.05443341262408332,TeAA = 0.03761893243042407
AA = 0.03964210123560252,VMHn = 0.07886280460827184,RS = 0.07565863950480692,vEPn = 0.0542144989267805,PC = 0.03727991952074758
PreCN = 0.039303076242870105,OT = 0.07849564484904847,SON = 0.0755026386932922,ArH = 0.05285157633430823,vlLGC = 0.0370909600826343
RE = 0.03922419690172661,IG = 0.07843192015916044,ArH = 0.0755026386932922,DLS = 0.05281408612512011,VMHn = 0.036448945747732595
SCN = 0.03917234307981452,MGC = 0.07841598533188145,EnT = 0.07480496167413786,Rh = 0.052401846273597556,DMH = 0.03544968860698587
CA3 = 0.03916922546062148,SON = 0.07823248549694023,MPO = 0.0747548776053545,AuA = 0.05235746766458209,AA = 0.03542940105708169
SCO = 0.039127222046368954,aAA = 0.07818728480332268,IL = 0.07472894753103758,PAA = 0.051739324924414305,TT = 0.034967890892232914
LHA = 0.03898378588951574,SMN = 0.07792062146013438,VTA = 0.07465924470514806,TeAA = 0.05154642470538275,EnT = 0.034223372807112275
vlLGC = 0.03898378588951574,ArH = 0.07789667716580961,dLGC = 0.07456883651727392,pRE = 0.05029911490821171,AVPO = 0.03392903183493748
CA2 = 0.03868980334363297,Vacc = 0.07780141986698044,STN = 0.07411058635707206,PAG = 0.04966168245780729,AU = 0.03375077803000122
IAn = 0.03847216244291572,FC = 0.07778566944787578,AA = 0.0740587572633091,XiT = 0.04925962524372938,Ech = 0.03361683784372376
STN = 0.03792959722121842,Sub = 0.07770306282814932,ADPO = 0.07405255916045948,AVPO = 0.049214082505119036,ArH = 0.03349159043547317
LPT = 0.037913455130731015,Prh = 0.077684435844274,reSN = 0.073992466389828,SPZ = 0.047104316428882416,aAA = 0.03253180090499619
CA = 0.037710550783964666,IGLLGC = 0.07763080358288983,MPA = 0.07392826854972773,SON = 0.04704286492518491,MHb = 0.03221909082016485
dEPn = 0.037673308481485944,LAn = 0.07758204003764246,CMT = 0.07391474721167457,reSN = 0.046951357784502414,vEPn = 0.03208685165394774
NACC.CORE = 0.03747302367561332,OA = 0.07448074531144254,vlLGC = 0.07389030513917812,ZI = 0.04642121208619237,ADPO = 0.03134573419377421
TT = 0.03739320670166654,MGCn = 0.07406143690462362,PVH = 0.0738903051391781,Gpe = 0.046265776409661924,XiT = 0.03101873622581975
IPVH = 0.037176275887295135,BNST = 0.07319973320925266,cSN = 0.07370182966857487,Ech = 0.04616556941964279,PVT = 0.029100418785442454
pRE = 0.03715808565771638,IAn = 0.07308234732852471,aOn = 0.07363816130418861,RE = 0.04561360089872137,IPVH = 0.028616718200274005
RS = 0.03692845055704458,SCN = 0.07272931264957896,SCN = 0.07309661923248102,AMn = 0.045601209557364596,dEPn = 0.028216366455781575
IGLLGC = 0.036769037471796745,CCA = 0.07268732023855647,NACC.SHELL = 0.07306817131681162,proSub = 0.04550454021577406,AVPV = 0.02748391332110493
IG = 0.03676252489331011,S1 = 0.07266288678734927,LSN = 0.07042323819646157,dEPn = 0.045404541266069263,Clst = 0.025953514441001566
Gpi = 0.03660890570816259,pRE = 0.07248592135479488,MDT = 0.06977770112802457,CCA = 0.04433382421481737,FF = 0.025899183812455432
Gpe = 0.03660890570816259,PVT = 0.07241356093294493,VMHn = 0.06956720062351866,MAn = 0.042704309050157485,FStr = 0.025786218160177808
FF = 0.036501298644180794,RS = 0.07221600457608089,VALCT = 0.06949427001609854,FF = 0.04234179598078097,CA3 = 0.025345504207316752
subGn = 0.03578060785702302,TN = 0.07220785575922536,aAA = 0.06944549128580936,CA = 0.04233579604379866,AMn = 0.02329053761009312
BLA = 0.0350868345234197,VPLT = 0.0721432276496016,AVT = 0.06919440307273313,,OT = 0.02309917314490125
LHb = 0.035022668570641596,,RT = 0.06919440307273313,,SMN = 0.023038260158527293
PAG = 0.03500931931234171,,PSN = 0.06918939153825958,,BLA = 0.022409438616073273
SPZ = 0.034951403972241994,,dEPn = 0.06895940866393041,,cSN = 0.02238640003937207
proSub = 0.034776607381939315,,VMT = 0.06895903677775943,,CA = 0.02238640003937207
PC = 0.034506638975505446,,XiT = 0.06895076806083233,,aOn = 0.02181988545451794
TN = 0.034477172317248464,,TN = 0.06890168038208073,,Vacc = 0.021461205445318324
PSTN = 0.0342810610837057,,IADT = 0.06889997350714057,,PSTN = 0.020855383641615762
,,,,CA1 = 0.01949531897199531
,,,,SPZ = 0.01814749281731816
,,,,LAn = 0.01799097404517643
