subject,animale,group,aOn,TT,DPA,FP,PL,IL,dACC,Vacc,RS,OA,AU,GA,VA,M1,M2,S1,SS,TeAA,AuA,Prh,lpEC,Ech,AA,ViA,Clst,dEPn,vEPn,PC,PAA,FC,IG,CA1,CA2,CA3,DG,proSub,Sub,LSN,SFn,MSn,DBn,TnS,BNST,LAn,BLA,BMe,PAn,CCA,aAA,CA,IAn,MAn,DLS,DMS,NACC SHELL,NACC CORE,FStr,OT,MGCn,Gpe,Gpi,SubInn,STN,AMn,IADT,AVT,LPT,PlnT,IMDT,MDT,pRE ,PT ,RE,CMT,PCn,CLT,Rh,PVT,XiT,EnT,PCT,PTTn,SMT,subGn,MHb,LHb,VPLT,VPMT,MGC,dLGC,IGLLGC,vlLGC,VALCT,VMT,RT,reSN,cSN,VTA,PAG,SCO,PreCN,APTN,ADPO,AVPO,AVPV,DMH,MePO,MPA,PSN,SCN,AHN,SMN,MPO,VMHn,PHn,LHA,LPO,PSTN,FF,TN ,ZI ,SON,PVH,IPVH,ArH,SPZ
FT83,SS1,SS,2.726444182,1.353166121,2.770047221,3.915579526,2.031171194,2.445041438,1.264894532,1.154089662,-0.402215856,3.724678896,0.909954933,0.576263368,0.268214553,1.505119622,1.894566028,1.181647844,0.781028081,-0.524123601,-0.436735101,-0.471279222,-0.357427073,0.096804071,0.117301686,0.834539959,1.209827919,0.665426338,-0.570948049,0.484820121,-0.307343902,-0.54431027,-1.192630285,-0.774369472,-0.84309287,-0.805008101,-1.181357426,-0.92946561,-0.980684773,0.880390107,-0.290478146,0.376191879,-0.558381651,-0.708005124,0.23777493,-0.849087925,-0.471167281,-0.288857076,-0.670799299,-0.897898287,-0.408637945,-0.625409352,0.104022183,-0.597109043,0.096841384,0.314039825,0.752632416,0.946057934,-0.196348318,-0.632540399,-0.19142292,-0.276949885,-0.308575252,-0.275880228,-0.71333268,0.040510255,0.313666689,-0.288251766,-1.288364598,-1.340537332,-0.154557063,-0.416030188,-0.291556095,0.706935668,-0.421270678,0.34777963,-0.591756612,-0.792988969,0.698801299,0.394881857,-0.067935565,-1.372569003,-1.214454608,-1.561894169,-0.629277531,-0.40677641,-0.897637091,-0.068225782,-0.688220614,-0.673784388,-1.464140774,-0.944726881,0.458634251,0.102139918,-0.401345205,-1.048964553,-0.299491458,-1.310296716,-1.35571983,-0.759033574,-0.388977813,-1.494315055,-0.262335384,-1.028711549,2.114898294,0.091028751,-0.2691922,0.188790438,0.83815938,0.402672112,1.242937539,0.940605999,0.549853616,0.606752742,0.239814741,-0.496196429,0.387162084,0.067591651,0.295822486,-0.013905442,-0.635148207,-0.913238331,-0.342480895,-0.85521565,0.656607885,-0.342364808,0.306502473,1.308340024
FT100,SS2,SS,3.889464931,2.040652256,1.382244374,2.516747633,1.477853406,1.517816233,0.959710017,0.758402596,0.063351162,2.649568905,0.579784622,0.010258245,0.160526985,0.470619951,0.832695542,1.199661066,0.773865464,-0.205436567,-0.557879298,-0.38005439,-0.70150562,0.084520241,0.301553595,0.879142173,1.006175991,0.493286186,-0.193989326,0.395255399,-0.388793599,-1.239104291,-1.631977951,-1.063790116,-1.366791906,-1.093624901,-1.293454509,-0.785822156,-0.70181511,0.707673405,-0.803621669,-0.624264788,-0.351082308,-1.019026334,0.123024599,-0.558215868,0.103166981,0.045892088,-0.223452723,-0.328358044,-0.117158567,-0.378135556,0.50024583,-0.45551179,-0.316906934,0.199228642,0.620652705,0.828618018,-0.465504431,-0.418628383,-0.112841189,-1.247928609,-1.456385236,-0.400558067,-0.624744497,-0.377149058,-0.0220099,-0.674417555,-1.229962746,-1.005958142,0.952417672,0.246143376,0.039679087,0.578407394,-0.556904406,0.988391953,-0.462227711,0.043806903,0.302485932,1.254108,-0.042118978,-1.005764711,-0.927142782,-0.986769795,-0.692789623,-1.165422587,-0.90368348,0.080570382,-1.005749236,0.19707769,-1.216275574,-1.198998325,-0.785427557,-0.556327982,-0.968800063,-0.666130975,-0.571113841,-0.544598332,-0.604964251,-0.768912425,0.48123544,-2.272675299,-0.693315756,-0.61608266,1.875980651,-0.047674314,-0.173934409,1.48016684,1.21238882,0.348050518,0.960812573,3.013880556,0.554267216,0.371008688,0.471830829,-0.186039315,1.368278662,-0.404384131,-0.027201586,-0.518930049,-0.996213092,-0.550888705,-0.140981518,-0.589404669,1.227201759,-0.402848289,0.66067743,2.157039637
FT27,SS3,SS,2.578879446,0.26119558,1.432953305,0.026768289,0.928498479,2.02159234,0.72315076,1.308821735,-0.341250488,1.062209347,0.201780877,0.13137077,0.534207642,0.403390734,0.081387168,1.473361725,0.943614587,0.019403715,0.367448811,0.358997458,-0.167678706,0.630144706,1.641865988,1.550922344,1.399193174,0.897986334,0.125434651,0.451661835,-0.019456868,-0.788031929,-1.422879654,-0.67745628,-1.158491842,-0.769408488,-1.173290973,-0.583659841,-0.948286551,1.00885426,-0.561014495,-0.495997117,-1.04743867,-1.031346931,0.206720781,-0.20772075,0.161594753,0.237755732,-0.196519516,0.189023573,-0.850513489,-0.016377661,0.562348632,-0.288632271,-0.582326067,0.013726941,0.734529007,1.234241525,-0.343992135,-0.792169099,-1.162904824,-1.425761265,-1.166280425,-0.78140834,-0.843511174,-0.154884353,-0.256251196,-0.309750363,-1.373480608,-0.990535085,0.801077756,-0.349298416,-0.050360088,0.472557632,-0.482255949,0.941008787,-1.15290975,-0.762451456,0.066349275,2.515109394,0.271211236,-1.150077538,-1.463222209,-0.994766937,-1.089995948,-1.255836779,-0.571503559,-0.329374134,-1.156581746,-1.29567711,-1.295265451,-1.237172173,1.134875344,0.683660339,-1.154688116,-0.874591407,-0.586726699,-1.389946957,-1.084257426,-0.911772423,0.445663968,-1.04365141,0.563274864,-0.991934725,2.181105977,-0.283346573,-0.61305639,1.998070161,0.260108801,0.078316194,0.705223023,2.476648971,1.533583279,1.218993686,0.116942132,-0.422730098,2.809074885,0.078974848,-0.345548205,-0.184227387,-0.84356469,-0.747495895,-0.023178263,-0.394119818,2.35354158,-0.119259408,0.090307812,2.35548461
FT98,SS4,SS,1.90292542,0.075317135,0.518471584,-0.42259694,-0.011596504,-0.000133341,-0.37801762,-0.545268661,-0.023974179,0.519281309,-0.116765467,0.877528968,1.344267049,1.623403007,0.453017241,3.321376879,3.21072719,0.518125467,2.048591092,0.194842043,-0.032804943,0.476677083,1.592865267,2.659441137,1.422073665,0.341068817,-0.519195522,0.324769533,-0.389223576,-1.090985077,-1.675066573,-1.084205617,-1.252434678,-1.058919975,-1.409619728,-1.00306484,-1.18750745,-0.050688747,-1.060726773,0.051381034,-0.306507805,-1.357933882,-0.263023995,-0.734883983,-0.02272625,-0.309797511,-0.464207269,-0.927071373,-0.015781669,-0.232508484,0.923899209,-0.718038532,-1.245906073,-1.075622534,-0.171232956,0.203631526,-1.050968795,-0.270902141,-0.39923241,-1.134043385,-0.808584818,-0.823896555,1.386912556,-0.446037679,-0.709880951,-1.220909392,-0.928852767,-0.325766554,1.287894326,-0.372521017,0.989842562,-0.122173159,0.017213823,0.672693994,-0.080829562,-0.271219681,1.008590073,0.507522835,0.503445632,-0.470275442,-0.683356907,0.208296176,-0.979465331,-0.931685217,-0.938598044,-0.233823096,-0.61069125,1.108868933,-0.375201048,-0.781590816,1.581281439,0.66653691,-0.930583356,-0.474682885,-0.905812127,-1.42492829,-0.876319092,2.342302095,0.053270392,-1.64299512,-0.355405658,-0.662361219,2.083717271,-0.084243108,-0.307904978,1.910836261,1.676552708,0.416220805,0.467649445,2.476648971,5.72E-05,-0.138882068,0.115444556,-0.47472099,1.360788611,0.019388966,-0.361118187,0.206047999,0.083411207,-0.624377187,0.052425738,-0.798223516,2.086308391,-0.102644501,0.779469706,1.424660947
FT99,SS5,SS,1.559463058,0.709894689,0.157855205,0.702254718,-0.132074941,-0.024125736,-0.320818169,0.092217423,-0.701585633,1.338993625,-0.407149259,-0.283242704,-0.485852157,-0.155242256,-0.101049706,-0.258078511,-0.210253585,0.02751623,-0.052382439,-0.308777998,-0.419266006,0.140089473,-0.597317987,-0.419059839,0.211924055,0.015428935,-0.347578687,0.384327052,-0.116247182,-1.381713923,-1.512877567,-0.891224216,-0.953893189,-0.953062629,-0.8205265,-0.911145869,-0.588729646,1.155981847,-0.12622568,3.522075728,1.367321013,-0.173873891,0.281467234,-0.374439342,0.030502711,0.159445638,-0.300419387,0.066122532,0.473438454,-0.585289597,0.113093336,-0.101562179,-0.675626223,-0.640813399,1.514642284,0.924703357,0.174819829,0.512645586,1.620971602,-0.655304016,-0.941322873,1.748465468,-0.340292145,-1.033432538,-0.335815369,-0.819831422,-1.007396551,-0.450762481,-0.337988961,-1.02357185,-1.102622288,0.391053996,-0.802501586,0.077326253,-1.461382863,-1.02786602,-0.769161387,0.998870575,-0.493533362,-0.881275171,-1.170321742,-0.897138273,-1.245537468,-1.426475791,-0.904348238,0.314094684,-1.280998246,-1.108088667,0.204337098,-0.372536712,1.405497309,0.200932392,-1.514055666,-1.281728667,-1.017928756,-0.125966498,0.149367002,-0.100136679,0.382860318,-1.501685627,-0.091448199,0.389257396,3.435220385,2.913681881,0.971114564,0.816524423,2.787884478,2.448645002,2.119896497,-0.699747798,0.609455866,0.5734296,1.091492712,1.088429655,0.628971074,0.119843843,1.895474542,-0.148150101,-0.523421732,-0.482688962,-0.029927873,-0.524322978,0.500363905,-0.211779223,0.393321837,0.561012438
FT26,SS6,SS,0.510740177,-0.012249557,0.172248747,0.863011665,0.135218586,-0.247194797,0.7342085,0.641825322,0.725574361,1.653366987,-0.085449285,0.622835858,0.434376713,1.875569111,1.25337142,4.10091986,3.227143512,-0.507432282,0.793264887,-0.799360022,-0.837899746,-0.08174239,1.527304315,1.978325249,0.818377254,-0.099899477,-0.733401261,-0.286743248,-1.21138272,-0.987558167,-1.411294092,-0.503115212,-0.949748536,-0.672888216,-1.334059455,-0.703280529,-1.185519098,0.151957813,-1.11758168,-0.866281659,-1.287446387,-1.278216181,-0.259472346,-1.040876096,-0.362873928,-0.46871268,-0.932208676,-0.819629794,-0.543891065,-0.213709289,-0.157248788,-1.101159885,-0.529945237,-0.220100246,-0.147478948,0.257644903,-0.600009446,-1.067205284,-1.1380666,-0.803842862,-0.747675102,-0.839247067,0.000151438,0.596478453,1.549115393,0.137839161,-1.078897349,0.690300655,1.622011798,0.165702602,0.241212527,0.304265025,-0.303101557,2.065428482,0.446132264,0.215430026,1.495628167,1.024154057,0.585777481,0.180466698,-0.422487584,0.541647434,-0.023627717,-1.170592759,-0.486848606,0.061592089,-0.306706169,0.793702237,-0.395587019,-1.188562914,0.921189825,0.442220801,0.137324216,0.03331246,-0.571772141,-0.720312498,-0.34457576,0.474595298,1.05977341,-1.499737591,0.268271808,0.529348723,0.740930996,-0.661407773,-1.412366305,-0.038211935,-0.16708564,-0.258520051,-0.410185346,4.190040547,0.28202365,-0.196095362,-0.57406823,-0.413849917,1.072587066,-0.047047115,-0.365364003,0.197368168,0.045075064,-1.002932438,0.353029574,-1.13561885,-0.97650802,-0.384674426,-0.292844989,0.101274567
FT28,SS7,SS,0.609785806,0.507037435,1.004688658,-0.51800156,1.381534379,1.456797159,0.964233264,2.36644779,0.341423039,0.428583737,-0.424372451,-0.24831955,-0.371108039,-0.669887589,-0.444325993,0.340223353,0.211778613,0.478220233,0.308643988,-0.281531478,-0.580541896,0.510801398,1.420934378,1.608934669,1.233531869,-0.336787122,-0.64270295,0.169785477,-0.665196033,-1.405855833,-1.416574678,-0.54305892,-1.192192155,-0.810424011,-1.196116901,-0.751781663,-1.209915352,1.598442569,-0.150951214,-0.012929598,-0.714543945,-0.080338763,0.563187691,-0.494745789,-0.490128441,-0.142359648,-0.092113002,-0.588745935,-0.140628142,-0.602111509,-0.17088002,-0.109770237,-1.032064983,0.009373844,-0.240647331,0.578231177,-0.50776094,-1.196232335,-0.65468332,-1.11952251,-1.050596216,-0.824061679,-1.000939107,-0.025074874,0.089340548,-0.280373018,-1.229130942,-0.395122373,0.422515222,-0.497652245,1.851506246,1.676430409,0.20314582,0.370108317,-1.286814817,-0.617332269,-0.651484157,3.325240202,0.658972936,-1.202890386,-1.34855124,-0.73210636,-1.295047715,-1.294140735,0.187995145,0.593245805,-1.072396697,-1.426056733,-1.03478592,-1.13576156,1.306828154,0.62372855,-1.292516418,-0.586833033,0.080068747,-1.006438699,-1.194640998,-0.573570524,0.994200681,-1.396373778,0.100504637,0.04734329,2.72272982,0.561035676,-0.204203259,1.623396864,0.420717754,0.652776619,1.522689195,2.234890462,0.836930493,0.161853532,0.297995228,-0.334461958,1.692298422,0.27302032,0.165881344,0.031537117,0.182211092,-0.675345954,0.047982298,-0.866772153,3.010184498,-0.449945141,-0.052115221,1.469680386
FT102,SS8,SS,1.445700339,0.458408708,0.913427908,-0.711581571,1.267857691,0.825763551,1.271528094,1.322931205,1.092759107,0.484180176,-0.276906887,0.216963231,-0.028528428,0.219695641,0.367720639,1.33165278,0.806901761,0.298183992,1.147832621,0.193868826,0.046484693,0.669730668,1.829685601,2.814291429,0.760404172,0.127149067,-0.095924007,0.468484836,-0.549510002,-0.883609835,-1.349928631,-0.638590085,-1.072259778,-0.652179313,-1.114722838,-0.346032798,-0.595089991,0.416452513,-0.438826979,-0.472201424,-0.337821001,-0.036413967,-0.234839998,-0.511792248,0.092539503,-0.216607419,-0.359659895,-0.472365333,-0.414631454,-0.721841219,-0.049071029,-0.223776356,-0.928024616,-0.153059937,0.085836649,1.077844456,-0.712895342,-0.697357305,-0.188257931,-1.409936796,-1.167183374,-0.686002362,0.26789152,-0.008434431,-0.403733854,-0.761315523,-1.293124784,-0.663615821,0.139042919,-0.739596063,0.308781551,0.323993329,-0.5778391,0.464971737,-1.181288206,-0.740933138,-0.761912692,1.204027646,0.010302099,-1.412849814,-1.534322655,-1.148942057,-1.386923956,-1.09299004,-0.384650675,-0.160849346,-1.265357899,-1.432658335,-0.926973017,-1.164503398,0.860411252,-0.006246755,-1.023242428,-0.922789924,-0.418566941,-1.297203009,-1.127295422,-0.905081689,0.432575199,-1.55020484,-0.06720767,-0.72928398,1.764602958,0.735576521,-0.143994626,1.621061095,0.82245145,0.572767959,0.540660677,5.180224062,0.485415295,0.371008688,0.287059177,-0.076607786,1.296757741,-0.148783627,0.187699054,-0.061465671,-0.383950051,-0.257631448,0.037850508,0.487154367,1.903737425,-0.029559636,0.595072936,2.019794965
FT97,SC1,SC,2.309635382,0.195766288,0.822360285,-0.023686551,1.155261947,1.223653491,0.749012728,1.101439932,0.747207272,0.985146256,-0.470939766,0.297461664,-0.222560066,0.033839887,0.080537184,1.556411292,0.96506685,-0.276986298,0.294275142,-0.570099591,-0.474140674,-0.067208115,1.447263914,1.310671443,0.927314114,0.45124553,-0.619533844,0.331110764,-0.561014766,-0.893233088,-1.516248541,-0.64150862,-1.140224529,-0.7236317,-1.221214703,-0.914017414,-1.054749486,0.44085157,-0.605475023,1.346302229,1.778435647,-1.192492845,-0.15109709,-0.693643864,-0.386489733,-0.187925518,-0.509627598,-0.577386153,-0.162260707,-0.473273911,0.422624374,-0.620637978,-1.114311557,0.11084511,0.485466478,1.088909635,-0.68555168,-0.052063143,-0.151762447,-1.336447404,-1.160397444,-0.54253941,-0.523736771,0.160674982,0.63081649,-0.805287232,-1.226523176,-0.757428257,0.613761762,-0.420962437,0.426102215,0.13178049,-0.522467197,0.565769716,-1.121004692,-0.285085675,-0.024236819,2.405838862,0.001870365,-1.320996728,-1.568757825,-1.038439239,-1.102835042,-1.372387491,-0.664357351,0.324780878,-1.237420651,-1.416265111,-1.354764513,-0.932100748,1.497712387,0.881195858,-0.767408618,-0.708562255,-0.313109808,-1.208867829,-1.198362376,-0.834807519,0.093725645,-0.931633199,0.284866629,-0.866708707,2.990817454,1.19643498,4.035852893,0.789858477,1.873711224,0.889291638,1.356505574,0.208667028,0.380188961,-0.335825467,-0.330998929,0.521593584,1.532580709,-0.180336848,-0.269127888,-0.183235648,-0.580418025,-0.777011343,-0.049563557,0.156208096,1.168623042,-0.592455598,0.619415501,1.421109975
FT42,SC2,SC,1.620438418,-0.010043,1.036384708,0.473797927,1.685009452,1.526512493,1.434986195,1.730715853,1.105864436,0.815335321,-0.258716466,0.428837355,-0.125954692,-0.061172881,0.158928004,1.724805962,1.153877236,0.51510231,0.975765762,-0.622089652,-0.522274103,0.345178752,0.990913405,1.869115938,1.171610963,0.293748917,-0.50756423,0.374793062,-0.042527134,-0.834197186,-1.368742385,-0.449316537,-0.997513665,-0.628692678,-1.066008412,-0.414355761,-0.78450627,0.662488835,-0.470260575,-0.315687331,-0.851671494,-1.015429796,-0.075599015,-0.488257774,-0.271573925,-0.166768612,-0.534539762,-0.580566383,-0.739261959,-0.599362107,0.429068401,0.117623621,-1.013934083,-0.28517316,-0.116445361,0.898600743,-0.727632688,-0.524450791,-0.794043975,-1.319290621,-1.05840419,-0.864423564,-0.202163104,0.237078006,-0.671675179,-0.522132233,-1.076085222,-0.681885752,0.72622081,-0.311824418,1.481008763,0.692654411,-0.018960531,0.529581138,-1.006775737,-0.356890379,-1.015154163,2.684830898,0.212185933,-1.356582115,-1.390225528,-1.088650835,-0.907758713,-1.104459185,0.121952677,0.202554999,-0.906165717,-1.053588723,-1.270244199,-0.594866861,1.421857157,0.408010866,-0.797821766,-0.27824586,-0.736351601,-1.146209445,-0.863089988,-0.76376085,0.703578387,-0.78432792,0.608022986,-0.591178246,5.166385287,0.561064077,-0.020667022,0.570739598,2.777601597,0.492638238,0.861609201,0.317206078,0.011367182,0.804001949,-0.65502777,-0.584968401,1.682613878,-0.12251739,0.056360181,0.106298356,-0.472246752,-0.945285306,-0.027225461,-1.203768056,0.0130453,-0.573456679,-0.2227018,0.8414191
FT43,SC3,SC,2.540806892,0.936766809,1.019889582,1.699631625,1.308979739,1.493707707,0.034698592,0.155764196,0.254435426,0.868537396,-0.023328698,-0.097553333,0.15981586,0.474861509,0.354339232,0.97442711,0.826626728,0.152470084,0.247704385,0.146984036,-0.081688194,0.681723054,1.398051164,1.546739496,0.785815132,0.302918795,-0.485212265,0.085075842,-1.0107613,-0.504365306,-1.195393021,-0.649399379,-0.979816516,-0.856788727,-0.924071199,-0.460719098,-0.423024645,0.610839102,-0.819795941,-0.391278843,-0.187161874,-0.990322902,-0.105544892,-0.46744393,-0.256782203,-0.03955709,-0.286354698,-0.638197535,-0.375618615,-0.249871088,0.44489161,-0.159573298,-1.012009399,-0.518016778,0.430591251,0.807781054,-0.798596887,-0.25153522,-0.477984467,-1.37701937,-1.137477501,-0.69549211,0.478183564,-0.737887115,1.070248204,-1.242895297,-1.192288297,-0.422798,0.59602336,-0.660911695,-0.483169356,1.01777837,-0.329972965,0.087450955,-1.045822947,-0.409913396,0.670362869,2.273176587,-0.080654321,-1.177385622,-1.316477253,-0.958508796,-0.622928503,-1.182353181,-0.693508192,-0.174267956,-1.278599622,-1.26804356,-1.082880931,-1.130948267,0.989966253,-0.260222237,-1.196324438,-0.991987034,-1.105747223,-0.87429316,-0.754596739,-0.282098122,1.603248576,-1.0013633,0.170570624,-0.536927651,0.952038946,-0.152460375,0.014741426,1.454970067,-0.629942074,0.189602581,0.301605496,5.598242751,0.787876669,1.81067518,-0.135834579,0.099248906,2.361164462,0.049079673,-0.084476236,0.388522242,-0.135449593,-0.359070437,-0.117302482,-0.345776009,0.50763808,-0.320379368,-0.342640238,1.829573635
FT72,SC4,SC,2.416367571,0.347536221,1.319528316,2.241772679,2.03875243,1.434150507,0.886691903,0.808628874,0.043342741,1.986202159,0.208381086,0.886415408,0.941327971,2.181649651,1.549161939,2.889156256,1.910216873,-0.303334422,0.260034759,0.224439306,-0.240497441,0.849413317,0.096902355,1.4132818,1.613641787,0.034309657,-0.4389837,0.390167547,-0.231067062,-1.42422074,-1.703086686,-0.95312861,-1.07676241,-0.902092355,-1.418551238,-0.9332773,-1.20009287,0.64603067,-0.483604184,-0.415666799,0.055025351,0.022602887,0.406496894,-1.181739468,-0.414834628,-0.027652202,-0.258544819,-0.407358509,-0.457632389,-0.56899032,-0.04656128,-0.330892711,-0.602521452,0.248883665,0.376906496,1.211716508,-0.790823009,-0.417175445,-0.547190119,-1.118706524,-0.782670415,-0.522576641,0.279730373,-0.551764376,1.343986097,-0.965310523,-1.622696261,-1.101196031,1.541038874,-0.238352587,-0.386030766,1.085529822,-0.386108614,1.443954021,-0.519073469,-0.392212993,1.402162919,1.80873225,0.527580492,-1.445956515,-1.665813468,-1.272129369,-0.552491855,-0.961501327,-1.036157823,-0.179628143,-1.219812643,-1.490483045,-0.993027194,-1.230037612,-0.009747098,0.016648836,-0.826123175,-0.822944818,-0.654108014,-0.801047977,-0.206402581,-0.386307261,0.260424,-1.389390348,0.097592252,-0.554537385,2.292277419,-0.020117026,-0.733333399,-0.36047774,-0.134959339,0.38154518,1.263643992,1.676446554,-0.02021098,0.168909326,0.000480554,-0.9044627,0.622907048,-0.125429636,0.243222216,0.207162358,-0.028178349,-0.876426583,0.0262886,-0.749359406,0.341300306,-0.891445932,0.006458765,-0.072127727
FT66,SC5,SC,1.192658,0.414562465,0.463179529,2.758450561,1.24909342,0.811302092,0.974048857,0.576071704,0.196334333,2.164167153,0.271146698,0.674086144,1.712817913,1.506901024,1.516898765,3.352063389,2.727710555,-0.477129356,0.321629194,-0.275522469,-0.474206236,0.001725864,1.906194952,1.183038223,1.127943964,0.373849103,-0.427536903,0.244984926,-0.452720237,-1.165028808,-1.488891609,-0.979537182,-1.358238202,-1.1318168,-1.34840201,-0.80282406,-0.962038087,0.271262525,-1.006049484,0.164365946,-0.139772653,-1.391108824,-0.358607355,-0.895550061,-0.291994357,-0.061848186,-0.541090514,-0.689023553,0.285289844,0.033587568,0.657300302,-0.368431355,-0.709153151,-0.80600322,0.085813573,0.279282055,-0.182951921,-0.567974684,-0.19459868,-1.044848645,-0.89919253,-0.355714716,0.606016158,-0.049232134,0.230131575,-0.470789325,-1.3128765,-0.13595949,0.991996022,-0.662389327,0.104851954,0.707145748,-0.072778643,1.374248069,-0.513840574,-0.145820067,1.042402316,0.975295527,0.8937926,-0.604935845,-1.091792306,-0.267987586,-0.973712278,-1.030284862,-1.32667826,-0.752948134,-1.011170278,-0.311584443,-1.12073089,-1.295237193,0.350820769,-0.297014564,-1.249339027,-0.661487092,-0.566569514,-1.186371546,-1.086958033,-0.849807347,0.67057779,-1.691589713,0.237038551,0.071051664,2.802272416,0.322309806,-0.367620562,0.241452187,-0.958221876,0.409472151,0.961570936,3.090918125,0.585142825,0.380085498,0.1431939,-0.584221013,1.549568213,0.345657302,0.34685825,0.516810704,0.109180244,-0.836197617,0.311469904,-1.138985912,-0.041505222,-0.367132868,-0.848804525,1.94744173
FT32,SC6,SC,1.894110411,1.230756583,2.015134139,1.515975377,2.280434277,1.862124476,2.305720668,1.918208972,0.01584897,1.918159479,-0.035938639,0.174806784,0.0233494,2.041189921,2.355362083,2.703031965,1.451459085,-1.032654391,-0.442905558,-0.562066552,-0.93302511,-0.048955281,1.235111961,1.684449333,1.389709898,0.439566999,-0.88201589,0.69804161,-1.001829291,-1.040636252,-1.528366645,-0.951207015,-1.218666844,-1.104257172,-1.162384377,-0.765666995,-0.948961836,1.192710013,-0.344401116,0.402199831,0.472106355,-0.640170905,0.06006416,-1.162798318,-0.606880156,-0.660926443,-0.727606927,-0.90562852,-0.63088423,-0.877120589,0.038683211,-0.640143909,-0.669479722,0.397713972,0.372936008,0.71555761,-0.535016412,-0.082713963,-0.17179225,-0.435135167,-0.222747478,-0.534548479,-0.074741101,0.16825122,0.89843851,-0.797189496,-1.278598291,-0.461073965,-0.464349498,-0.777104362,-0.767993163,0.838025632,-0.32594475,-0.475948842,-1.04051477,-0.290309836,0.728052327,1.116409902,-0.066457783,-1.237906099,-1.099199894,-0.852045667,-1.351150437,-0.891561593,-1.125255676,-0.058084478,-0.407140162,-0.250612002,-1.537815297,-0.960988619,0.549166857,0.004830043,-0.924458333,-0.863699004,-0.251511873,-1.303938675,-0.910456331,-0.635604057,0.395729755,-1.236065861,-0.233334467,0.419612346,3.015332395,0.22108268,0.098164722,0.119959612,0.207553111,0.084153722,0.620441185,0.897169691,-0.124459006,0.119838129,-0.617449148,-0.564793163,0.949740189,0.081139152,-0.043115115,0.713145954,0.770836721,-1.054827227,0.561801054,0.454117922,0.122537744,-0.983768868,-0.172687623,0.168071245
FT78,SC7,SC,1.408940037,0.511172589,1.343611067,0.939373873,2.224173438,1.70239093,2.036528704,1.614722969,0.95980119,2.230083205,0.476797382,0.561770824,0.726933278,0.753182991,0.921522251,2.384264884,1.666530418,0.728722634,1.364366898,0.117919664,-0.098145076,0.744715004,1.663521364,2.068506453,1.757602349,0.583215138,-0.070025625,0.904163401,-0.655033211,-0.849408999,-1.394180538,-0.437479671,-0.987615783,-0.626906771,-1.047419416,-0.635613103,-0.775157458,0.778684809,-0.231312306,-0.711411905,-0.923471563,-0.170830675,0.038468063,-0.325928001,0.027508257,0.251100874,-0.705827157,-0.381744026,-0.474413097,-0.346051266,0.65124212,-0.528551602,-0.654785078,0.400962936,0.016943368,-1.105458157,-0.801463344,-1.050914252,-1.350844571,-1.218530081,-0.741935803,-0.665507234,-0.853903358,-0.003805473,-0.058265502,-0.601226716,-1.3225364,-0.558130758,0.16925531,-0.730343432,0.881841883,0.431790884,0.042438197,0.804165659,-0.999638019,-0.569046266,-0.291371063,2.305879208,0.409430924,-1.321138466,-1.497278199,-0.794811584,-1.223901644,-1.32638072,-0.442515729,-0.501564478,-1.025255166,-1.378453776,-1.274429983,-1.269925139,0.524935253,0.129627365,-1.169364728,-1.003929677,-0.470607221,-1.000574635,-0.96456035,-0.640604091,0.704144864,-1.223774499,0.829975022,-0.313707286,2.802272416,0.322309806,-0.152329013,0.504481468,0.58767639,-0.6155171,0.961570936,1.499027009,0.352728482,0.477129113,-0.235480163,-0.39802657,0.7451239,-0.423636625,-1.020264541,-0.164795093,-0.665727409,-0.854965241,-0.206537414,-0.590737468,0.509498562,-0.582796104,-0.357022395,0.760613013
FT30,SC8,SC,2.766454122,-0.09003337,-0.041455506,0.972303483,0.428755326,-0.115372831,0.625763205,0.896469469,-0.514020905,1.006162411,-0.081079863,-0.398120813,-0.112749388,0.200995934,0.220070629,0.755667796,0.354269524,0.481477692,0.81237718,-0.131109647,-0.173073208,0.240243868,1.121924226,2.826067347,1.199586583,0.511042317,0.296588351,0.123210663,-0.824386096,-0.883380911,-1.465984948,-0.217187763,-0.820687157,-0.667770786,-1.222561721,-0.158431094,-0.052729012,0.650737766,-0.853685689,-0.905935605,-1.137148108,-0.949239696,-0.281210522,-0.341238581,0.635143069,0.89556682,-0.069049668,-0.404696705,-0.961216116,-0.32177978,0.905684168,-0.532308184,-1.046468404,-0.332358054,0.359616277,1.205559429,-0.811395637,-1.334244331,-1.199380934,-1.296936132,-0.903039447,-0.837814436,-1.052675554,0.06984684,-0.060234439,-0.503154552,-1.24832754,-0.346573811,1.465341723,-0.338138847,0.79382871,1.256503385,0.143614364,1.49287827,-1.268189652,-0.279247741,1.765904534,2.552745322,0.922016348,-0.641582451,-1.417042184,-0.085919596,-0.860115621,0.736435617,-0.8948119,-0.349854075,-0.860680256,-1.133568242,-1.192221201,-1.464832631,2.33888672,0.880724971,-1.01306272,-0.664344562,-0.379718303,-1.499018049,-1.100093419,-0.731843479,1.201729894,-1.53205115,0.38205958,-0.137263022,2.396782992,0.127854502,-0.17990261,0.714868075,0.97799209,0.38870077,1.365620168,-1.295461166,0.849193724,0.392219179,-0.052725171,-0.768583202,2.167256713,0.046831219,0.005985405,0.189407461,0.163545616,-1.135938174,0.493577025,-1.30759891,1.608305912,-0.350933412,-1.538196844,1.79079075
FT31,MS1,MS,2.80689948,0.279485831,1.439096988,1.685569143,1.747322443,1.216727297,1.828214918,1.667744288,0.482669406,2.485832224,0.521518448,0.392028231,0.381157911,0.781988611,1.039232264,2.024562545,1.188175413,0.74801886,1.718437038,0.042428855,0.198430301,0.517197496,2.109879734,2.217784954,1.678832015,0.749352945,-0.218001779,0.445149509,-0.552375294,-1.270747807,-1.166335913,-0.519544457,-0.887628318,-0.707823342,-1.160060773,-0.234695132,-0.698857798,0.797604814,-0.431949442,-0.16595271,-0.855541109,-1.27099486,-0.09848508,-0.674441577,-0.002455684,-0.172919597,-0.777455153,-0.473017017,-0.397374412,-0.391417971,0.451313474,-0.678130074,-0.317158862,1.382549089,0.920081204,1.601620626,-0.576591403,-0.776659644,-0.754093847,-1.183066324,-1.037735085,-0.512310753,-0.296040795,-0.321049942,0.401468116,-0.521688875,-1.185257681,-0.530553127,1.157733576,-0.293305921,1.295858286,0.606035187,0.170881451,0.612288091,-0.478924048,-0.086643843,0.560614542,0.312210435,1.226500703,-1.22620173,-1.366451094,-1.152493548,-0.488778981,-1.352052861,-1.089287578,-0.215019852,-1.319790245,-1.219405309,-1.146050413,-1.108389695,0.249137874,-0.257871148,-1.122424761,-0.64428138,-1.112856409,-0.628768939,-0.460782966,-0.740315717,0.279829234,-1.501588936,0.459238208,-0.908101577,1.943217963,-0.145296631,-0.768212911,1.510334642,0.53914319,-0.03809304,0.799504649,-1.347195804,-0.250546035,0.357796605,-0.696362566,-1.0207008,1.412652464,-0.231787321,-0.415177032,-0.011982038,-0.718221791,-1.3053846,-0.17031072,-0.891316815,0.541240667,-0.881214829,-0.800030832,-0.093321678
FT32,MS2,MS,1.659917162,0.093796785,1.371467778,1.059893685,1.085996455,1.367259248,0.432439183,0.417701247,0.654731764,0.614031606,-0.373135373,-0.229955311,0.086785646,-0.134927483,-0.099255399,0.668511641,0.741871194,0.566530389,1.200492486,-0.328870777,-0.487442101,0.668292327,1.54752655,1.814944825,0.872012431,0.349863803,-0.424201027,0.277446148,-0.645265447,-1.10712336,-1.521274592,-0.396458895,-1.077721362,-0.769081191,-1.188482121,-0.471942336,-0.956885987,0.465181686,-0.859561128,0.325399845,-0.437110573,-1.213100753,-0.033968929,-0.787088068,0.057644518,-0.459489888,-0.615350947,-0.701382262,-1.018855036,-0.486241642,-0.129728574,-0.824978691,-0.866376039,0.84961003,0.345098906,1.887205497,-0.911402464,-0.496129264,-0.599031638,-1.437129382,-1.111657399,-0.852397624,-0.544533134,-0.306710776,0.927018821,-0.966780535,-1.12706713,-0.334349022,1.392815161,-0.047088554,1.353553245,0.822066435,0.159909725,0.448033599,-0.860897793,-0.36834739,0.974640084,1.651313107,0.519511665,-0.907840335,-1.501704811,-0.632263559,-0.690317267,-0.74009012,0.01417638,-0.070499802,-1.16562724,-1.629546708,-1.327675276,-1.081306578,1.934769045,0.934399332,-0.508768707,-0.45707512,-0.770367067,-0.892382124,-0.88456991,-0.760322462,0.238920667,-1.507884864,-0.957440045,-0.674441204,3.572926161,0.39153587,0.242263482,2.313670663,1.486914942,0.39001452,1.884682225,2.386868615,0.272803606,-0.160767351,-0.509089598,-0.878946224,1.744288612,-0.192230904,-0.160827374,-0.301689627,-0.522036081,-0.997542282,-0.109069147,-0.985133697,1.743081228,0.727380276,-0.078510554,1.715426821
FT33,MS3,MS,1.501026966,0.507677832,1.158404402,0.903449247,1.657248127,1.374947257,0.739920976,0.436349227,0.497118477,1.966960354,-0.02730759,0.636950112,0.251478469,0.572522832,0.248309767,1.744715627,1.353628639,0.127812582,1.094203884,-0.116111792,-0.514753538,0.528656307,1.644248097,3.171371266,0.863154224,0.132604423,-0.628614948,0.339545694,-0.250996433,-1.198575435,-1.536331565,-0.352126348,-1.054856024,-0.774220065,-1.188585969,-1.225870427,-1.170829902,0.979339946,-0.514464118,-0.162341417,-0.977613703,-1.009384262,0.274712629,-0.473151649,-0.166924397,-0.020087008,-0.392973357,-0.598485431,-1.049855324,-0.734402436,0.011235994,-0.43601041,-0.970542307,0.849473907,-0.034262621,1.630263441,-1.051618697,-0.97392882,-1.170388313,-1.488577264,-0.987036264,-0.982972449,-0.687414949,0.378471193,0.777745485,-0.585085583,-1.173900141,-0.710816197,0.75394442,0.474618309,-0.527553659,0.641774773,-0.299448923,1.769113435,-0.487270572,-0.057735479,1.037280638,2.100221857,-0.382414002,-0.995256389,-1.543319417,-1.045651274,-0.352221826,-0.80296514,-0.117558892,0.155823665,-1.189185695,-1.728336378,-1.111522671,-1.281212306,1.271373683,0.699751269,-0.623414339,-0.546034768,-0.652738255,-0.890817539,-0.496681198,0.199200861,0.412452682,-0.666576708,0.910401294,-0.940925988,2.522133567,0.030415291,-0.094676809,2.72066674,1.035218893,-0.031240121,1.297117145,0.118339299,-0.845659067,1.027210612,-0.672290516,-0.673964378,2.385828679,-0.483537949,-0.418406513,-0.223250901,-0.639723306,-0.776383255,-0.348853216,-0.754285889,0.809575719,0.332011823,-0.556283816,-0.40920773
FT34,MS4,MS,2.597592739,0.953519602,1.417067678,0.301742091,1.305995341,1.230062786,1.092846039,1.126250825,0.010232868,0.873929708,0.001959732,0.242477988,-0.290698009,0.210601846,0.26068866,0.316178671,-0.055979365,0.581233954,0.642586025,-0.038170539,0.124910955,0.659580298,-0.106218229,1.369318629,1.439123036,0.169477821,-0.566182275,0.093279179,-0.657550595,-1.061875296,-1.099542905,-0.429152875,-0.910064489,-0.624227264,-0.986043202,0.016637963,-0.58427348,0.54957231,-0.478324676,0.648901519,0.807573571,-0.738796745,-0.136891549,-0.922212177,-0.547463866,-0.20761097,-0.06362258,-0.34627762,0.164367863,-0.690344466,-0.087317903,-0.829597593,-0.786206398,0.889351896,0.55978951,3.347578093,-0.637110765,-0.064013565,-0.225973692,-1.26326518,-1.274125876,-0.473331471,-0.937851579,0.232187479,-0.215042402,-0.486462052,-1.255662693,-0.589345424,0.450992489,-0.716866285,-0.792435007,1.072989972,-0.061151771,-0.080907377,-1.164975882,-0.901261895,-0.162625968,1.793580853,-0.45559867,-1.109716661,-1.354766543,-1.00684958,-1.343634329,-0.923488309,-1.173392921,-0.862527223,-1.156015808,-1.287430228,-1.119903994,-1.06927686,0.852230037,0.449021272,-1.253219036,-0.965475759,0.302548497,-1.0744194,-0.801438524,-0.793428761,1.362541555,-1.094210303,0.293900668,-0.483165831,1.947231905,0.090845052,-0.219505428,0.358440353,2.033887325,1.154765582,1.025476417,-0.0162618,1.058222141,1.448305755,1.047233832,-0.640610624,1.606136103,-0.25707601,0.582740875,-0.292147912,0.053542608,-0.865508484,-0.238295152,-0.941441039,3.081398728,-0.444941612,0.959482124,3.372717888
FT35,MS5,MS,1.725468973,0.38490533,1.167368858,2.699398359,2.190327526,2.004498315,1.763003386,1.301475662,0.852656965,1.71763099,0.664094998,1.075548616,1.313795582,1.382170326,1.437227164,2.361444529,2.019678892,1.163308454,1.504521056,0.245039382,-0.147205681,0.748361881,1.275962133,2.105748997,1.295267964,0.452337931,-0.382543352,0.516200115,-0.539022007,-1.430123845,-1.276853522,-0.692821948,-1.115804662,-0.977869838,-1.327767091,-0.717222198,-0.899979986,0.696349445,-0.858669794,0.203147331,-0.199028968,-1.267068202,-0.175095285,-0.400038755,-0.206942611,-0.249139102,-0.508516739,-0.43069354,-0.310391027,-0.692322954,-0.040080565,-0.45850208,-0.285844861,0.880038567,0.343924798,1.017937363,-0.583663026,-0.226210613,0.022448568,-1.072174239,-1.178261738,-0.502689142,-0.388803291,-0.732689201,-0.782013916,-0.870993317,-1.163468466,-0.932601923,0.000355938,-0.850379654,0.887395572,0.186911121,0.02371857,0.344418388,-1.177548375,-0.435222313,0.719811155,1.090729193,0.466787131,-1.073139801,-1.253290932,-1.080776026,-1.041092517,-0.731332731,-0.430652108,-0.301155141,-1.417085158,-1.254989672,-1.332897538,-1.31917251,-0.154845509,-0.085180947,-1.384405576,-0.886244149,-1.029812018,-1.205893738,-1.155902497,-1.108375601,-0.043951819,-1.665108437,0.5416578,-0.935698566,1.679487696,0.639979372,0.172602433,0.843293177,0.89801495,0.486101969,1.411151591,0.335548189,0.357285939,-0.183484504,0.1686321,-0.425348724,1.008823973,-0.388698808,-0.065642732,-0.345131436,-1.031271169,-0.743820183,-0.426856513,-0.579644056,0.997060693,-0.596961118,-0.347145425,0.720220078
FT36,MS6,MS,1.986770696,0.310618239,1.036583215,1.098320075,1.134075013,0.658080207,1.210097409,1.060797939,1.267607378,2.575206563,0.717412856,0.288865264,0.775964649,0.869352849,0.711114644,1.648130334,1.376777067,0.645757083,1.261358483,0.151796448,0.064745503,0.320239194,1.502850212,2.849167475,1.279583227,0.395193052,-0.610046759,0.387183124,-1.104352614,-1.183797543,-1.513060326,-0.463848105,-0.99917145,-0.80226654,-1.149481922,-0.209640769,-0.241232518,0.492637588,-0.879269114,-0.70706388,-0.896032838,-1.222385677,0.267313666,-1.089417736,-0.297682167,-0.176150311,0.380478046,-0.227957983,-0.479783333,-0.377775284,0.331253359,-0.755931017,-0.20442548,0.228355168,0.672205463,1.04897826,-0.767826917,-0.471023751,-1.221324689,-1.263371674,-1.503505127,-0.793907282,0.04519125,-1.718548476,0.453313779,-0.571139361,-1.377783367,-1.01078564,0.31112785,-0.658461822,0.611122433,0.510940489,0.198825155,0.386576934,-0.512396735,-0.064075202,0.854621665,0.92082763,0.593934598,-0.876301865,-1.159863183,-1.186241697,-0.709310122,-0.909481522,-0.369983173,-0.053241964,-1.363230696,-1.420771488,-1.424398354,-1.401704242,0.75384385,0.222648762,-0.916174809,-0.204538499,-1.1428426,-1.470179059,-1.242586548,-0.862967739,-0.114487427,-1.013446712,0.879238884,-0.975959508,1.379787469,-0.353404389,-0.106041864,1.135478497,0.836680233,0.212861361,0.963028732,0.464937464,0.044165489,0.20438703,-0.235153643,-0.710571562,1.401250706,-0.176491421,-0.758468795,0.341201041,-0.442085382,-0.983281051,-0.645787313,-1.016758771,2.126007412,-0.383872117,0.458329286,1.067842761
FT37,MS7,MS,0.859126579,-0.549754391,-0.120682267,-0.252301936,0.905013506,0.423746739,1.195298876,1.763915021,0.242479337,0.597322359,-0.717189631,-0.470451321,-0.367840335,0.307689315,-0.078865291,1.989781714,1.005936951,0.281085732,1.061679684,-0.126037018,-0.623056056,0.548718349,2.601068532,2.879223462,-0.50391568,-0.459707784,-1.292550267,-0.300483352,-0.573801036,-1.034339516,-1.363370254,-0.554241264,-0.980672884,-0.379590724,-1.173892045,-0.370088546,-0.456250453,0.417881472,-0.627684739,-0.704957088,-0.470374744,-1.20890497,-0.530241315,-0.932729709,-0.997508584,-1.328331803,-0.377338264,-0.52362548,-0.479783333,-1.595348964,0.066791438,-0.663858311,-1.052945007,0.252675487,-0.411052723,1.635588183,-0.767826917,-0.135623384,-1.389633493,-1.080002383,-0.718111397,-0.390819251,-0.727544608,0.699164733,0.808004021,0.04995221,-0.548092376,-0.071369207,2.05471658,0.466797463,1.449916158,0.360510759,0.963952639,2.287704978,-0.012200341,0.477149604,1.998009539,1.814807846,2.188820763,0.161570976,-1.150025397,-1.034431,-0.339815814,-0.90695997,-0.605837468,0.657316559,-1.20334034,-1.38178572,-0.957084184,-1.120199887,0.227634651,0.140509333,-0.604816435,-0.317199932,-0.322730528,-1.419975192,-1.298866491,-0.532450717,0.293437633,-0.941053965,1.087670647,-0.186079434,0.585838573,-0.018159203,-0.138967267,0.8801003,0.266893372,-0.266134098,-0.202625842,1.312326282,0.04142942,0.490270915,-0.475028953,-1.165732289,1.26736112,-0.456823366,-0.677760738,0.308421056,0.20519745,-0.945319976,0.02102294,-0.799791206,2.574079225,-0.251746041,-0.060693203,0.154548538
FT38,MS8,MS,2.384966873,0.527204936,0.66592753,0.983078813,0.745613833,0.394701711,0.462867053,1.073035298,0.777433531,2.481544763,-0.12669585,-0.757662332,-0.820759589,-0.045921209,0.162599237,1.607135561,0.209779538,0.58873466,1.258091483,0.310879314,-0.050396393,0.405390173,2.250092044,3.403654071,1.013489356,0.031775221,-0.910490691,0.460672101,-0.267044862,-1.183797543,-1.844484416,-0.573812254,-1.039525851,-0.843421809,-1.342788631,0.252113077,0.325640925,-0.06177928,-1.351054727,-0.904882497,-0.083418137,-1.848449949,-0.786521586,-0.052902009,-0.485758331,0.929407057,-0.663927118,-0.887564508,-0.266592064,0.473527089,-0.06913572,-0.663858311,-1.022908379,0.789009314,0.911873837,0.998536879,-0.846575149,-0.368211644,0.014572969,-0.939965182,-0.319756199,-0.298842224,-0.505285301,0.024597464,1.256016329,-0.616917377,-0.838640022,-0.737385929,1.40658273,0.166400301,0.611122433,-0.113704821,0.433914397,0.98920478,-1.603102635,0.9235349,0.854621665,0.475267213,0.593934598,-0.109343343,-1.332774482,-1.136741314,-0.709310122,-0.909481522,-0.587467252,0.263368044,-1.251067655,-1.112326787,-1.581006919,-0.576390968,0.967576075,0.166583044,-0.916174809,-0.547582476,-1.015964127,-1.320024886,-1.036689267,-0.650708674,-0.081241459,-1.198552846,0.459238208,-0.284269448,1.947231905,0.090845052,-0.843505059,1.394569196,1.695439233,-0.186253976,1.025476417,0.464937464,-0.324377578,0.738448259,-0.5091698,-0.787982086,1.37353459,-0.120612524,-0.151662669,-0.325325813,-0.442085382,-0.945319976,-0.02313919,-2.165698695,1.046927349,-1.103689112,-0.060693203,2.014515413
FT31,MC1,MC,1.19649956,-0.09531864,0.432587626,0.226469484,1.244183267,0.384147431,1.021707103,0.970116258,0.9206972,1.846890438,-0.046955341,0.49328127,0.074616913,0.224189627,0.280593733,1.551880756,0.667410761,-0.222797322,0.387414463,-0.493707446,-0.967096671,-0.125337096,1.279927342,1.673748123,1.023868498,-0.049324563,-0.699083648,0.367431948,-0.640013129,-0.708523127,-1.390121228,-0.599148209,-1.124562636,-0.75363602,-1.228486265,-0.20073862,-0.793561564,0.418912644,-0.39348105,0.020949882,-0.513072717,-0.592807423,-0.074500662,-1.075862658,-0.476214692,-0.388060936,-0.8153397,-0.422242156,0.023738913,-0.596722874,-0.046518905,-0.690992963,-0.405059063,1.119934208,0.172137408,1.939470898,-0.631614861,-0.438080612,-0.361091294,-1.288165716,-0.810083769,-0.842411177,0.630469605,-0.005223784,0.304182038,-0.72544228,-1.399396524,-0.669921437,0.587358081,-0.693746664,1.104779501,0.541746404,0.09156724,1.107113393,-0.606451231,-0.413189235,1.130402428,1.357646131,1.020472613,-1.000760404,-1.511379664,-1.026809374,-1.075546761,-1.231674323,-0.873809601,0.427171668,-1.508470093,-1.517614458,-1.426378635,-1.401624424,0.674169278,0.080679211,-1.301988255,-0.662562302,-0.783319875,-1.1634823,-1.074484768,-0.762686863,0.191783245,-1.570818036,-0.024165089,-0.149116602,1.575974079,0.273951599,-0.456868125,1.598745626,1.341163413,0.465868958,1.400103002,3.90398807,0.596932647,1.33853233,0.354172619,-0.822896271,1.746647416,-0.058903285,0.098822462,0.232554643,0.06175661,-0.903782336,0.063070074,-1.062501493,2.894861677,0.088125634,-0.753902038,2.392033832
FT32,MC2,MC,1.956517872,0.715244138,1.50619255,1.164875184,2.150948715,1.842151826,1.211479528,1.456903526,0.614296987,1.754483814,0.368778316,0.580983053,0.57830288,0.699021092,0.749146403,2.106853229,1.332109829,0.771257262,1.163761639,0.600434027,-0.202211118,1.154654913,1.70942581,1.631712081,1.514907056,0.436044107,-0.558263798,0.28503927,-0.654864966,-0.870299886,-1.215341091,-0.687982791,-0.995968189,-0.9095377,-1.180122409,-0.441061246,-1.273914919,0.414539611,-0.939623707,-0.534083638,-0.566376447,-1.305222669,-0.09697434,-0.858111751,-0.232939554,-0.104106438,-0.825827958,-0.764310224,0.181132434,-0.139083928,0.261316701,-0.23277951,-0.332128476,1.204455628,0.573749518,2.181264644,-0.527364047,-0.777557805,-0.778509052,-1.306624744,-0.806647481,-0.836945377,0.030190713,-0.193365873,0.409839729,-0.716576556,-1.310583014,-0.936596397,0.906893372,-0.40073548,0.234997362,-0.133651451,-0.131298129,0.646716029,-0.87268702,-0.489172153,0.76527252,1.087062272,0.619055477,-0.943552673,-1.462595451,-0.84899625,-1.008886665,-0.928377802,-0.945556603,-0.070819553,-1.429941979,-1.37838529,-1.545243493,-1.42889155,0.924214184,0.282762589,-1.177687937,-0.580631629,-1.022301052,-1.222901477,-1.158687792,-1.418835832,0.3120834,-1.560346231,0.04157412,-0.491620149,1.37338764,-0.335602105,-0.661117951,0.460023648,0.377364335,0.057479331,0.597460816,2.678866043,0.14190589,-0.141279461,0.029766935,-1.094433532,1.003492287,-0.215422633,0.006623679,-0.000828507,0.190678716,-1.389689802,0.144689753,-1.097005505,1.37432987,-0.208802224,-0.366349175,1.361204013
FT33,MC3,MC,1.745114745,0.317625417,1.518687693,0.451689191,1.379613992,1.575004976,1.081882334,1.160134449,-0.819064324,0.410150804,-0.114019486,-0.074908867,-0.521807413,-0.50272106,-0.073098655,-0.378271867,-0.546988275,-0.032042734,0.166957095,-0.662587112,-0.911925507,-0.186497448,0.455205403,-0.100124467,1.152426574,0.334631376,-0.501092255,0.178667508,-0.670314287,-0.984862063,-1.42996269,-0.739993947,-0.943648607,-0.736497034,-1.084080932,-1.162414101,-1.198189915,0.964083452,-0.361350822,0.098705534,-0.564947587,-0.422724349,0.140216903,-0.645264656,-0.2296685,-0.057852731,-0.153195719,-0.854315215,-0.268686485,-0.128609255,0.549803463,-0.391557049,-0.756251119,0.914053664,0.160839427,1.082113918,-0.655477494,-1.017778533,-0.612287144,-1.328814672,-1.154814297,-0.766591329,0.059268015,-0.130203323,-0.513408646,-0.479597433,-0.87746586,-0.835352374,1.203353202,-0.004947447,0.686035232,0.723533657,0.273497153,1.147574896,-0.287111956,-0.028932179,0.995365048,2.246578258,1.784206065,-1.019017506,-1.111241834,-1.103765542,-0.564585637,-0.746597941,-0.038496198,-0.176743917,-0.929749729,-1.097377693,-1.462384401,-0.824444784,1.114983357,0.415315119,-0.522332336,0.124353423,-0.123653365,-1.478595256,-1.431506581,-1.386733742,-0.029236712,-1.121856085,1.08491994,-0.974152034,3.76805967,1.868629884,0.48584006,1.268327319,1.272545152,1.147462964,1.93086799,1.917814624,0.547329378,0.955090287,0.647662994,-0.608233989,1.732169219,-0.001184213,0.096119517,0.829483176,-0.700995261,-1.064455647,-0.256022719,-1.046811403,2.735134842,-0.247756125,-0.366349175,1.415347349
FT34,MC4,MC,-0.01771215,-0.59842324,0.495849016,-0.674789906,0.747806532,0.195895048,0.89684883,1.110781325,-0.191160379,-0.7368999,-0.441049008,0.053410732,0.130727265,-0.194339613,-0.214551384,0.3422569,0.497414777,-0.238939966,-0.326882859,-0.750479955,-1.050052242,0.101476581,0.691291643,-0.080776347,0.895972698,0.025903639,-0.62063884,-0.215804861,-0.911046433,-0.735095587,-1.333268607,-0.540897762,-1.146691401,-0.775085401,-0.968433117,-0.451419469,-0.976058073,0.440964947,-0.290631789,0.821536126,-0.20654041,-0.815166299,0.52644426,-0.766480218,-0.170363073,-0.294435593,-1.08675439,-0.932238432,-0.236931801,-0.412375184,0.583549021,-0.583255737,-0.568335459,0.385716547,0.200241012,0.613550056,-0.531078138,-0.924661186,-0.277789073,-1.072554102,-0.982091244,-0.626012742,0.503712523,0.307667012,0.309280484,0.022121522,-0.849387517,-0.4649735,2.067340284,0.040108264,1.78620148,1.445463974,0.437907158,1.055428829,-0.688643211,-0.166312045,0.435816584,2.597357129,1.09041341,-0.729734697,-1.099519035,-1.018155811,-0.731139979,0.445614522,-0.283414539,0.833923426,-1.234222252,-1.158879186,-1.315919447,-1.285558417,0.868066573,1.123545969,-1.103275128,-0.346474399,-0.433393691,-1.535820053,-1.421749324,-1.332401149,0.590614466,-1.455580187,1.055944966,-0.466955642,4.668820833,0.862302315,-0.079613954,1.995566809,2.024049792,0.889748686,2.064191412,0.646010335,0.45919024,-0.506750278,0.133290603,-0.965878454,1.837875954,0.060996652,0.715133726,0.037362759,-0.207347146,-1.06434795,0.54750614,-0.716128618,2.762260896,-0.012975829,-0.47464132,1.638911448
FT35,MC5,MC,2.367858445,0.792346976,1.555157245,2.141204773,1.953623354,1.580198982,1.042538319,0.886143267,0.136278019,1.967874318,0.648196535,1.071824371,1.332845554,2.284414823,1.570340228,2.508621248,2.394504707,0.032525308,0.531811337,0.186422884,-0.083338071,0.805208283,1.80851857,1.784757661,1.886769115,0.106177148,-0.611293457,0.63604401,-0.475508865,-0.935281744,-1.358825866,-0.822284184,-1.307595506,-1.074451184,-1.250823259,-0.376603211,-0.434575363,0.328195839,-1.345599007,-0.134233574,-0.663413979,-1.615948753,-0.367096058,-0.829450128,-0.353578989,-0.390488623,-0.725783922,-0.484226313,-0.414930408,-0.641134814,0.183381265,-0.459449672,-0.524618462,0.219716061,1.128911942,2.011634572,-0.478104008,-0.331017985,-0.442006402,-1.149699177,-1.299586838,-0.549141171,-0.295707294,-0.291077894,0.614420606,-1.020332681,-1.415765541,-0.267782995,0.860216949,-0.635118546,-0.991381486,0.217444613,-0.392294061,1.478737253,-0.30774262,-0.468758702,1.236646663,-0.124701306,0.413654185,-1.194207279,-1.396522415,-0.63789507,-0.527908434,-0.967305254,-1.277751358,-0.16816298,-0.954672766,-0.806551477,-0.741865438,-1.410011578,0.171700329,-0.456762443,-0.973279664,-1.007527184,-1.01927509,-0.485660618,-0.174879657,0.27627065,1.009605114,-1.519811252,-0.31389283,0.370622245,2.200703315,0.583786754,-0.80650962,0.210074964,0.269883249,-0.019059443,0.471963985,-0.901957872,-0.08344969,0.967161965,-0.467955044,-0.041453017,0.985450749,-0.170200027,0.132407628,-0.114675124,-0.169343351,-0.747387792,-0.481427465,-0.136446422,-0.801969514,-0.343474673,-0.450704318,-0.444088098
FT36,MC6,MC,1.523789964,0.248368655,0.873917868,1.156016764,0.95516883,1.040344728,0.802832897,0.715637726,0.59039522,2.369921739,0.595423244,0.810866008,1.113947376,1.256577243,1.076519381,2.169889209,1.706572561,-0.023919731,0.691402798,-0.314676577,-0.219039676,0.166608295,2.338745792,2.834761088,1.810891231,0.790264669,-0.253667809,0.426973448,-0.822867973,-0.997357262,-1.755179785,-0.813530214,-1.288462258,-1.093831555,-1.512095716,-0.437282302,-0.830045367,0.263355611,-1.006858101,-0.374770991,-0.333654435,-1.649485005,-0.300030441,-0.968521251,-0.157767048,-0.278952686,-0.38431764,-0.567206514,-0.530155988,-0.203356419,0.234864086,-0.595326068,0.184970477,1.416695253,0.880305511,1.359593099,-0.694362015,-0.574224492,-0.976580015,-1.32486046,-1.066289198,-0.712773671,-0.43603629,0.888596986,0.304694149,-0.141942698,-1.137733314,-0.749807706,1.768191507,0.133610971,0.986691095,0.472673364,0.887889691,2.186422686,0.299039189,0.764983457,1.673721827,1.717761013,1.426514925,-0.308233963,-0.321936427,-0.493724803,0.203006497,-1.663059204,-1.138600025,-0.994951359,-0.775526855,0.314847048,-1.282631655,-0.690156725,0.440892132,-0.175570357,-0.340042078,-0.680916082,-0.758216453,-1.599833268,-1.299982369,-1.134552319,-0.008976752,-1.796080122,-0.497111023,-0.184389555,0.885472795,-0.439911753,-0.797520795,0.117064668,0.161867953,-0.317381155,-0.088716007,1.917814624,0.244863331,-0.526865051,-0.5354607,-0.839234704,0.281136932,-0.248163369,-0.304188089,-0.42573104,-0.384783062,-1.156485791,-0.20293131,-0.8783487,1.46291496,-0.610701487,-0.701576057,1.426408072
FT37,MC7,MC,0.595032436,-0.456378253,-0.153808171,1.298763693,0.238792078,-0.365820963,0.425799268,-0.167401769,0.346896382,1.184156933,-0.290756065,-0.020434705,-0.276573784,0.652448359,0.605805737,1.061889586,0.730137325,0.516141092,0.609939991,0.082100187,0.372896589,0.605486386,1.229460587,1.371169895,0.436051218,0.092744593,-0.434895136,-0.147888627,-0.587008375,-1.231232535,-2.193092083,-0.497072474,-0.79302467,-0.830492672,-1.567757752,-0.192393903,-0.328795436,-0.271294866,-1.769607089,1.339044296,0.562304687,-3.007380494,-0.857177754,-0.060401728,0.348496986,0.401638217,0.564303519,-0.278422559,-0.244325061,-0.417342351,0.38924315,-0.307850985,-0.522003046,0.114104586,0.425066299,0.770063948,-0.854286277,-0.546279526,0.613797218,-1.329465801,-2.053133437,0.357321474,-1.254868387,0.381840353,0.106276628,-0.912429397,-0.709935586,0.261535286,1.120063487,0.391567104,0.578418467,-0.382831236,0.306011704,1.119651793,0.815417622,0.822808876,1.214983964,-0.607046715,0.918489255,1.115577177,0.966869071,-0.393394842,-0.006825718,-0.888699278,-2.405366512,0.252422227,-0.675618775,0.6704744,-0.426547752,-1.161246478,-0.104503005,-0.666305641,-0.252085686,0.074732018,-0.551914347,-1.246007347,-0.348258559,0.023487658,-0.226368277,-3.018505851,-0.837689622,0.249170999,0.434119719,0.743144163,-0.317470004,2.84246037,-0.794157791,0.192336065,0.64700207,4.128617439,0.413660067,0.347648299,-0.332183255,0.496618332,2.180921976,0.501910716,-0.14785977,0.378190897,-0.173325019,-1.084171205,-0.011721798,-1.757869962,0.261146677,-0.54982702,0.201008572,1.973476295
FT38,MC8,MC,1.321724006,0.035189191,0.927101123,0.130706972,1.378702291,1.288031776,0.704491213,0.758556877,0.170405551,0.238228929,-0.15932362,0.256188317,-0.12882739,0.135125975,-0.065910937,0.888746995,0.169495757,0.013567187,0.289051718,-0.504146433,-0.906437585,0.168153437,1.360423302,1.038349616,0.850049829,0.267248607,-0.335629885,0.21930861,-0.6946195,-1.416244301,-1.324838706,-0.638764077,-1.075793615,-0.706387172,-1.040963609,-0.266577113,-0.89050233,0.498263997,-0.69145546,-0.045254125,-0.635747053,-0.564045862,-0.061739092,-0.725505643,-0.190005218,-0.047035362,-0.837082258,-0.200064095,-0.636933834,-0.42028979,-0.058266106,-0.585878802,-0.836019055,0.623402305,0.441230315,5.094271547,-0.562366897,-0.806871537,-0.823456645,-1.25644431,-0.970534426,-0.783704799,1.237115237,0.477304631,0.902268205,-0.832328741,-1.096588921,-0.846651081,1.113408737,-0.291418554,1.102540207,0.897007589,0.512111199,1.157937538,-0.64871642,-0.25288545,0.510711351,2.073210098,0.949230226,-0.976911511,-1.347636838,-1.269228309,-0.804798398,-0.972356146,-0.781561349,-0.172957755,-1.110517088,-1.370648037,-1.218708074,-1.013100883,0.486255561,0.338120969,-0.856138939,-0.327471563,-0.432161864,-1.247471474,-0.987078436,-0.819350228,0.657162717,-1.041926671,-0.213585305,-0.343899002,2.129505436,-0.570725502,-0.453059441,1.654355145,3.426558355,0.072224437,0.786585795,1.051363727,0.054765755,0.347648299,-0.275815683,-0.990360279,1.303873282,-0.389844695,-0.275630315,0.173925412,-0.003241642,-1.105324654,0.037901529,-0.331677499,2.736535601,-0.096637279,-0.018279886,1.647971668
