,HC1,HC2,HC3,HC4,HC5,HC6,HC7,HC8,SS1,SS2,SS3,SS4,SS5,SS6,SS7,SS8,MS1,MS2,MS3,MS4,MS5,MS6,MS7,MS8,SC1,SC2,SC3,SC4,SC5,SC6,SC7,SC8,MC1,MC2,MC3,MC4,MC5,MC6,MC7,MC8
FP,0,0.000474399,0.000712493,0.000304126,0.000485844,0.000141011,0.000240581,NA,0.00139796,0.001238019,0.000413948,0.00043513,0.000473452,0.000870961,0.000294461,0.000294636,0.001335072,NA,0.000947751,0.000630693,0.002436613,0.001370818,0.000522737,0.001592153,0.000468101,0.000480264,0.001019258,0.001573806,0.001491943,0.000774817,0.000736615,0.000731196,0.000894502,0.001282785,0.000562309,0.000231418,0.00143662,0.00174637,0.002502731,0.000738641
M1,0.000178411,0.000580745,0.000592611,0.000339581,0.000663748,5.86E-05,0.000130165,0.000340731,0.00081656,0.000709115,0.000505437,0.00107946,0.000327879,0.001158047,0.000257619,0.000614331,0.000969328,0.000694021,0.00083684,0.000597126,0.001705397,0.001259392,0.000720181,0.001085377,0.000484096,0.000348284,0.000624772,0.001551409,0.001081342,0.000891548,0.000683339,0.00053039,0.000893405,0.001076119,0.000315035,0.00034219,0.001487941,0.00180125,0.002166774,0.000740715
M2,0.000137103,0.000496209,0.000563559,0.00027877,0.000711478,0.000106907,0.000236081,0.000338214,0.000910494,0.000802708,0.000427216,0.00071088,0.000337079,0.000981638,0.000312332,0.000665146,0.001073453,0.000709473,0.000728179,0.000615573,0.00173596,0.001182386,0.000583888,0.001188072,0.00049708,0.000402584,0.000585953,0.001315795,0.001084622,0.000961374,0.000731507,0.000535356,0.000920545,0.001098356,0.000426344,0.00033753,0.001232044,0.001702985,0.002142529,0.000646361
S1,0.000120586,0.000961846,0.001242109,0.000687338,0.001113037,0.000119841,0.000247589,0.000372003,0.000738539,0.000897565,0.000765354,0.001614189,0.000310421,0.001788991,0.000502635,0.000996051,0.001472287,0.001042045,0.001229704,0.00063601,0.002249009,0.001638381,0.00131326,0.001899497,0.000907441,0.000788894,0.000785677,0.001814969,0.001686692,0.001038645,0.001150051,0.000674796,0.001532251,0.001700673,0.000347278,0.000465907,0.001568288,0.002299682,0.002379603,0.001094417
SS,0.000207683,0.001007529,0.00110232,0.000554608,0.001065504,0.000108787,0.000187376,0.000318891,0.00064191,0.000787501,0.000636668,0.001579343,0.00031854,0.001541253,0.000471479,0.000815911,0.001133741,0.001073822,0.00109863,0.000498944,0.002059289,0.001506328,0.000966372,0.001211308,0.00074302,0.000648043,0.000738072,0.001450295,0.001481858,0.000760478,0.000944681,0.000570294,0.00110667,0.001356975,0.000303566,0.00050168,0.001527393,0.002046831,0.002207157,0.000756846
GA,0.000167016,0.000569431,0.000628445,0.000301734,0.000626065,0.000118095,0.000125244,0.000294915,0.000592521,0.000590116,0.000439358,0.000844568,0.000306149,0.000802865,0.000359876,0.000613393,0.000811483,0.000652858,0.000858433,0.000608866,0.001535186,0.0009769,0.000445821,0.000734849,0.000557395,0.000469172,0.000440403,0.001068909,0.000808117,0.000476737,0.000628569,0.000374413,0.001022884,0.001023754,0.000425875,0.000399311,0.001053395,0.001558007,0.001817007,0.000797534
VA,0.000231094,0.000590318,0.000706854,0.000364085,0.000719461,0.000163011,0.000129441,0.000275316,0.00051822,0.000628959,0.000537215,0.000991554,0.000271753,0.000749432,0.000330092,0.000529119,0.000807083,0.00079006,0.000729241,0.000412497,0.001667441,0.001213945,0.000482,0.000703774,0.000412805,0.000332302,0.000523299,0.001089365,0.001148898,0.000443075,0.000675828,0.000448708,0.000821435,0.001022565,0.00031009,0.000417137,0.001146935,0.001723411,0.001683865,0.000616832
AuA,0.000298505,0.000837757,0.000637248,0.000520158,0.000914004,0.000162473,0.000196226,0.000266423,0.000348187,0.000443258,0.000496706,0.001213361,0.000345341,0.000851186,0.000494975,0.000932948,0.001348376,0.001272482,0.001011683,0.000756226,0.001773316,0.00145016,0.000986026,0.001727595,0.000556509,0.000604102,0.000551607,0.00083557,0.000692485,0.000339448,0.000858221,0.00068956,0.000971944,0.001282291,0.000488539,0.000311631,0.000859875,0.001492811,0.002144678,0.000812958
ViA,0.000202964,0.000863201,0.001339306,0.000582761,0.000995054,0.000298216,0.000363525,0.000266911,0.000654817,0.000814714,0.000784195,0.001405731,0.000283092,0.001187181,0.000810378,0.001505021,0.001550498,0.001538643,0.001707852,0.001023882,0.002107068,0.002222861,0.001626863,0.002784271,0.000839114,0.000824496,0.000970013,0.001265177,0.000975091,0.000812261,0.001059701,0.001213814,0.00159089,0.001489887,0.000419342,0.000368373,0.001308883,0.00266253,0.002540368,0.001164631
dACC,0.000134536,0.000419297,0.00050468,0.000404052,0.000807083,0.000154571,0.000311197,0.000339624,0.000758618,0.00083554,0.000583113,0.000449169,0.00029977,0.000834442,0.000653997,0.000975411,0.001392811,0.000939786,0.000892944,0.000922057,0.001916804,0.001425214,0.001033138,0.001335952,0.000682947,0.000717394,0.000483,0.001069012,0.000906527,0.000950341,0.001050551,0.000640976,0.001277147,0.00130346,0.000725583,0.000593773,0.0010429,0.001553623,0.002048961,0.001007939
Vacc,0.000210697,0.000427811,0.000469597,0.000516647,0.000746854,0.00023825,0.000488414,0.000349245,0.000731892,0.000783504,0.000725384,0.000396498,0.000369889,0.000808249,0.000994123,0.000993057,0.001327857,0.000933402,0.000791201,0.00093436,0.001660602,0.001352558,0.001233623,0.001636456,0.000780938,0.000790352,0.000521994,0.001039932,0.000775961,0.000864215,0.000929857,0.000711453,0.001252323,0.001412337,0.000745857,0.000643097,0.000986854,0.001506037,0.001740613,0.001033314
PL,0.000368595,0.000476512,0.000444413,0.000446599,0.000829118,0.000219788,0.000502674,NA,0.000943443,0.000969475,0.000632996,0.000564563,0.000331812,0.000664613,0.000755219,0.000974151,0.001360068,0.001222886,0.001200389,0.00100056,0.002154019,0.001388218,0.000930788,0.001475203,0.000795903,0.000779076,0.000893433,0.001498177,0.000996762,0.000944721,0.001104243,0.000589686,0.001384196,0.001720235,0.000802721,0.00055941,0.001369398,0.001636759,0.001951754,0.001324371
IL,0.000585641,0.000584423,0.000441848,0.000550787,0.000795042,0.000300776,0.000667955,NA,0.001043268,0.000979805,0.00089853,0.000568173,0.000350138,0.000556189,0.000773475,0.000822386,0.001145298,0.00134472,0.001105775,0.000972594,0.002050862,0.001156577,0.000761101,0.001302381,0.000814919,0.000739974,0.000952932,0.001272951,0.000853134,0.00085175,0.000954942,0.000448025,0.000970372,0.001583244,0.000853344,0.000432162,0.001235577,0.001683243,0.001637474,0.001281816
OA,0.000213032,0.000813036,0.000802613,0.000632942,0.000625449,0.000200866,0.00030293,NA,0.001351915,0.001272352,0.000665477,0.000731748,0.000581548,0.001095047,0.000524068,0.000705125,0.001658996,0.001018446,0.00130419,0.00084143,0.001891617,0.002089539,0.000822301,0.002330138,0.000748603,0.000564523,0.000751571,0.001478601,0.001296974,0.000864204,0.001105934,0.000740011,0.001674201,0.001544352,0.000551547,0.000217098,0.001374505,0.002408848,0.002443158,0.000789105
AU,0.000207059,0.000481703,0.000514432,0.000321797,0.000555574,0.00017106,0.000175594,0.000304997,0.000673007,0.000737333,0.000456462,0.000531443,0.000285114,0.000602048,0.000317172,0.000443854,0.000863897,0.000590837,0.000635805,0.000520283,0.001306781,0.001185451,0.000358825,0.001045596,0.000343744,0.000299549,0.00046431,0.000816328,0.000675923,0.000429898,0.000604255,0.000456953,0.000762938,0.000929614,0.000415742,0.000285309,0.000901583,0.001440431,0.001676493,0.000602519
RS,0.000173641,0.000493009,0.000761486,0.000508351,0.001003386,0.000133053,0.000354334,0.00032092,0.000356513,0.00060384,0.000324549,0.000560665,0.000235129,0.000831994,0.000502926,0.000914042,0.000848172,0.001036076,0.000811568,0.00052333,0.001411455,0.001453201,0.000697189,0.001490874,0.000682445,0.000636198,0.000553775,0.000754848,0.000651379,0.000441408,0.00074246,0.000344239,0.001228544,0.001038533,0.000233075,0.000342923,0.000718131,0.001437687,0.002007947,0.000757273
AA,0.000140542,0.000489443,0.000991532,0.00058718,0.000941095,0.000273427,0.000261788,0.000392889,0.00048182,0.000665413,0.000806287,0.001069843,0.00025283,0.001059305,0.000764776,0.001167019,0.001506821,0.001422806,0.001196032,0.000480441,0.001646439,0.001567681,0.00152879,0.002216149,0.000877093,0.000607839,0.000922122,0.0007748,0.00121234,0.000712394,0.00094382,0.000770149,0.001401395,0.001524363,0.00056322,0.00054638,0.001317398,0.002391834,0.002466707,0.001315792
TeAA,0.0002686,0.000604038,0.000387901,0.000346585,0.000736936,0.000200272,0.000114779,0.000255577,0.000327109,0.000534361,0.000412159,0.000731384,0.000358905,0.000482405,0.000536108,0.000641275,0.000955578,0.00099787,0.000687794,0.00073363,0.001583903,0.00115058,0.000710801,0.001397941,0.000397672,0.000490454,0.000520933,0.000625704,0.000430433,0.000208374,0.00067634,0.000603412,0.000678328,0.001108165,0.000436981,0.000331907,0.00068095,0.00110243,0.002095921,0.000683663
Prh,0.000171089,0.000491587,0.000445325,0.000327594,0.000508085,0.000162666,0.00017697,0.000198859,0.000339855,0.000489224,0.000494653,0.000629575,0.000301814,0.000399636,0.00035182,0.000605465,0.000669975,0.000610011,0.000606042,0.000505503,0.001074156,0.000910196,0.000567256,0.001261099,0.000316173,0.000209903,0.000519166,0.00082231,0.000496575,0.000312964,0.000501567,0.000443928,0.000547974,0.001032383,0.000273616,0.000213967,0.000736101,0.000943752,0.001870305,0.000440681
Ech,0.000292995,0.000624232,0.000515356,0.000435463,0.000758609,0.000270505,0.000121987,0.000288264,0.000476876,0.000609312,0.00056052,0.000718331,0.000378016,0.000603099,0.000544011,0.000768822,0.000862148,0.00104195,0.000822138,0.000762485,0.001353559,0.000992168,0.000805164,0.001307645,0.000456,0.000448533,0.0006914,0.001055125,0.000587533,0.000427005,0.000680916,0.000540608,0.000725223,0.001278251,0.000396964,0.000410393,0.00095785,0.001206409,0.002142363,0.000756216
aOn,0.000570638,0.000984047,0.000936914,0.000783141,0.000916916,0.000391612,0.000719878,NA,0.001111142,0.001592853,0.001033906,NA,0.000618976,0.000771083,0.000568021,0.001035202,0.001788955,0.00147149,0.001148031,0.001476256,0.001895968,0.001803179,0.000914609,0.002282574,0.001116872,0.000763146,0.001290192,0.001638846,0.000978247,0.000858859,0.000870975,0.001198294,0.001361252,0.00163398,0.000897417,0.000382913,0.001517844,0.001947079,0.002136929,0.001297629
TT,0.000404652,0.000539748,0.00047441,0.000440869,0.000776065,0.000251563,0.000374341,NA,0.000779909,0.001114953,0.000470895,0.000591934,0.000474749,0.000622802,0.000543098,0.000696278,0.000765929,0.000793097,0.000815107,0.000870743,0.001151798,0.000987486,0.00041786,0.001367638,0.000529119,0.000360898,0.000773547,0.000868166,0.000722974,0.000711426,0.000614091,0.000454622,0.000739667,0.001083316,0.000527575,0.000249025,0.000953241,0.001251029,0.001590402,0.000693811
DPA,0.000524498,0.000600479,0.000499769,0.000452111,0.00083377,0.000400282,0.000632487,NA,0.001121659,0.000944761,0.000755538,0.000731493,0.000381032,0.000675112,0.00066381,0.00085248,0.001235307,0.001346543,0.0010332,0.001041468,0.001586157,0.001340774,0.000569144,0.001435958,0.000703341,0.000619057,0.00080032,0.001230252,0.000738924,0.000885757,0.000852282,0.000467269,0.00099368,0.001434203,0.000838753,0.000501319,0.001226603,0.001592417,0.001747679,0.001112418
PC,0.000188581,0.000539194,0.000727076,0.000419271,0.000743202,0.000233286,0.000309862,0.000350513,0.000570465,0.000689634,0.000517163,0.000670492,0.000419479,0.000544976,0.000461293,0.000699737,0.000832985,0.000872648,0.000758757,0.000553916,0.001224682,0.001024746,0.000505749,0.001334871,0.000566751,0.000455839,0.000499226,0.000884047,0.00066734,0.000593028,0.00072654,0.000510139,0.000962329,0.000892465,0.000491573,0.000337241,0.000897228,0.001348501,0.001750756,0.000780225
CCA,0.00015639,0.000391796,0.000463495,0.000356276,0.000485203,0.000194813,0.000182611,0.000393544,0.000291731,0.000529704,0.000359707,0.000422026,0.000303233,0.00036197,0.000397766,0.000415446,0.000461337,0.000448651,0.000444373,0.000392027,0.000699045,0.00072539,NA,0.000670873,0.000314147,0.000220147,0.000266267,0.000586953,0.000360916,0.000236606,0.000358595,0.000372701,0.000582361,0.000426944,0.000223942,0.000172061,0.000495766,0.000805936,0.001682904,0.000583398
PAA,0.000142601,0.000379546,0.000330538,0.000365329,0.000361654,0.000164799,0.000136177,0.000326559,0.000379396,0.000486965,0.000402719,0.00044564,0.000334499,0.000282817,0.000258757,0.000350273,0.000429215,0.000472959,0.000560835,0.000277385,0.00063891,0.000298896,NA,0.000976475,0.000318699,0.000352884,0.000146268,0.000652625,0.000438441,0.000215225,0.000280397,0.000263437,0.000477576,0.000475497,0.000271614,0.000176947,0.00049889,0.000666411,0.0015225,0.000351285
CA1,0.000173846,0.000349161,0.000296262,0.000187312,0.000495989,0.000180781,0.000175957,0.000263713,0.00026675,0.000312485,0.000242878,0.000226775,0.000202935,0.000483629,0.000288383,0.000319693,0.000442504,0.000580734,0.000526941,0.000361504,0.000553533,0.000610595,0.000416278,0.000825394,0.000296318,0.000252527,0.000262659,0.000383643,0.000265606,0.000226476,0.000342647,0.000421518,0.000497239,0.000460805,0.000253561,0.000262288,0.000374619,0.000671507,0.001569249,0.0003775
CA2,9.40E-05,0.000207278,0.000176331,0.000102414,0.000267024,0.000163057,9.36E-05,0.00026865,0.000250174,0.000234162,0.000126025,0.000173796,0.000192296,0.000356997,0.000130927,0.00017082,0.000293514,0.000285633,0.000291419,0.000184384,0.000318728,0.000350082,0.000265925,0.000596033,0.000157652,0.000117284,0.000156235,0.000337587,0.000141364,0.000167032,0.000185233,0.0002644,0.000244425,0.000324174,0.000200797,0.000122617,0.000200702,0.000412317,0.001415412,0.000172386
CA3,0.000148249,0.000328994,0.000226464,0.00024662,0.000360562,0.000148753,0.000127246,0.000236538,0.00025936,0.000304773,0.000220541,0.000234738,0.000192437,0.000435494,0.00022353,0.000315028,0.000366294,0.000419326,0.000385475,0.000289658,0.000395298,0.000445905,0.000477857,0.000692613,0.000273484,0.000208274,0.000195861,0.000402655,0.000215647,0.00019246,0.000288445,0.000304211,0.000422904,0.000362517,0.000254467,0.000208294,0.000284252,0.000518535,0.001395936,0.000345762
DG,0.000101519,0.000146155,0.000129182,0.000120284,0.000301171,0.000125991,0.000109304,0.000224053,0.000168585,0.000253119,0.00012243,0.000124295,0.000214937,0.000248035,0.000129975,0.000156243,0.000183241,0.000237655,0.000246599,0.000156401,0.000201064,0.000276934,0.000197799,0.000446678,0.000135133,0.000100386,0.00017419,0.000210264,0.000144591,0.000179541,0.000168121,0.000159774,0.00019442,0.000242478,0.000164413,0.000163716,0.000221047,0.000290271,0.001012703,0.000188733
FC,3.82E-05,0.000372891,0.000366255,0.000184021,0.000362486,6.22E-05,0.000139061,0.000332121,0.00032224,0.000267168,0.000216017,0.00022464,0.000119667,0.000346277,7.91E-05,0.000235581,0.000138438,0.000272897,0.000243251,0.000128472,0.000144244,NA,0.000247003,NA,0.000226327,0.000157575,0.000309373,0.000208152,0.000204751,0.0002066,0.000224779,0.000248078,0.000444611,0.000379924,NA,0.000217514,0.000334125,0.000571185,0.00118763,1.26E-05
IG,1.87E-05,5.21E-05,3.81E-05,4.58E-05,0.000132096,7.72E-05,6.71E-05,7.38E-05,0.000165866,0.000165614,6.18E-05,4.07E-05,9.74E-05,0.000226137,7.65E-05,7.55E-05,0.000180701,9.35E-05,0.000130051,0.000114599,0.000229327,1.00E-04,0.000130992,0.000199596,5.31E-05,2.57E-05,8.68E-05,0.000104269,9.85E-05,9.82E-05,6.89E-05,9.64E-05,0.000116646,0.000226854,7.48E-05,7.96E-05,0.000182343,0.00015761,0.000687652,5.55E-05
lpEC,0.000207279,0.000455113,0.000392456,0.000289888,0.000547702,0.000165167,0.000212453,0.000207308,0.000367316,0.000406132,0.000366713,0.000557884,0.000283057,0.000388709,0.000279291,0.00055487,0.00073312,0.000541323,0.000472436,0.000565566,0.000856414,0.000867833,0.000392015,0.001083173,0.000342854,0.000234528,0.000445513,0.000649112,0.000431392,0.000230517,0.000439743,0.000433003,0.000320193,0.000676307,0.000209016,0.000144898,0.000639429,0.000995945,0.002021462,0.000251871
Sub,9.52E-05,0.000320713,0.000177217,0.000157251,0.000327472,0.000117554,0.000392547,0.000144152,0.000216987,0.000406052,0.000177088,0.000194243,0.000254288,0.00029015,0.000126628,0.000334626,0.000369923,0.000337975,0.00025255,0.000304373,0.000438536,0.00071893,0.000450828,0.001268369,0.000181418,0.000169834,0.000335572,0.000291644,0.000271347,0.000226975,NA,0.000464334,0.000403693,0.000200869,0.000134849,0.000161958,0.000513559,0.000662494,0.00165672,0.00025935
proSub,0.000179067,0.000308976,0.000215211,0.000175357,0.000451965,0.000110021,0.000475081,0.000191001,0.000229341,0.000384337,0.000265663,0.000252328,0.000199553,0.000426877,NA,0.000420124,0.000557803,0.000548037,0.000234103,0.000525689,0.000539988,0.000734304,NA,0.001232157,0.000220548,0.000261152,0.000323431,0.000391038,0.000323581,0.000267713,NA,0.000436815,0.000688942,NA,0.000144118,0.000282918,0.000534334,0.000876841,0.001727622,0.000552181
Clst,0.000393994,0.000661742,0.000480443,0.000531646,0.000832885,0.000381392,0.000410022,0.000389801,0.000745336,0.000847551,0.000747337,0.001016057,0.000390211,0.000858306,0.000719319,0.000799949,0.001332345,0.001130195,0.000934246,0.001049591,0.001657156,0.001459029,0.000434022,0.00160713,0.000732523,0.000652418,0.000724927,0.001339815,0.000957016,0.000746754,0.00097074,0.000790368,0.001278187,0.001438069,0.00074386,0.000593571,0.00134544,0.002103762,0.00205429,0.001076255
dEPn,0.000279954,0.000525048,0.000430917,0.000394812,0.00058377,0.000397915,0.000372728,0.000295248,0.000614027,0.000714974,0.000625584,0.000675625,0.000356853,0.000597951,0.000338417,0.000582561,0.000956118,0.000904017,0.0006894,0.00058198,0.001189231,0.001028644,0.000449609,0.001123642,0.000600154,0.000435845,0.000569391,0.000751483,0.000709617,0.000535581,0.000634705,0.000611109,0.000761798,0.000959455,0.000531981,0.000392969,0.000707344,0.001546764,0.001875838,0.000802725
vEPn,0.00025944,0.000458602,0.000429541,0.000310501,0.000482092,0.000253785,0.000159312,0.000249115,0.000315815,0.00053732,0.000437916,0.000404709,0.000295227,0.000418337,0.000264213,0.000505983,0.00056456,0.000568717,0.000434275,0.000311036,0.000725774,0.000539448,0.000155962,0.000659582,0.000302428,0.000238157,0.000315542,0.000575172,0.000446703,0.000241854,0.000447789,0.000555277,0.000449153,0.000518352,0.000315457,0.000243903,0.00045023,0.000977047,0.001601569,0.000519772
LAn,0.000217559,0.000556854,0.000220437,0.000229027,0.000811628,0.000196228,7.69E-05,0.000339688,0.000248728,0.000443171,0.000356986,0.000336784,0.000290667,0.00033116,0.000300102,0.000363221,0.000379806,0.000411526,0.000486379,0.00017991,0.000716062,0.000306164,0.000282829,0.001081939,0.000281822,0.00024292,0.000321265,0.000298481,0.00029316,0.000179449,0.000374566,0.000389222,0.000267858,0.000385331,0.000278104,0.000210278,0.000372051,0.000586922,0.001796232,0.000336789
BLA,0.000363429,0.000499623,0.000437036,0.000325719,0.000672961,0.000267652,0.00017169,0.000333186,0.000339882,0.000614132,0.0004467,0.000561058,0.000359412,0.000523391,0.000301222,0.00057068,0.000651807,0.000777437,0.000589012,0.00031793,0.000823253,0.000691459,0.000259989,0.00086876,0.000367225,0.000296377,0.000389117,0.000584168,0.000491171,0.000303004,0.000475697,0.000643418,0.000556391,0.000662675,0.000385779,0.000347718,0.000542585,0.001029384,0.002008779,0.000588119
BMe,0.000297672,0.000567734,0.000393861,0.000352159,0.000535764,0.000251839,0.000181989,0.000248248,0.000383855,0.000599327,0.000465201,0.000470653,0.000381302,0.000493383,0.000385578,0.000464554,0.000582808,0.000553431,0.000638225,0.000443098,0.000799829,0.000750602,0.000143346,0.00156572,0.000422435,0.000322233,0.000459083,0.000728401,0.000566676,0.000290992,0.000539675,0.000711218,0.000598808,0.000719829,0.000430294,0.000319112,0.000529358,0.000963248,0.002036402,0.00065522
PAn,0.000292251,0.0006868,0.00034756,0.00037721,0.000522409,0.000204654,0.000330326,0.000152536,0.000236955,0.000502587,0.000453363,0.00027626,0.000365459,0.000393889,0.000277301,NA,0.000338109,0.000485917,0.000513251,0.000496129,0.000655844,0.001021483,NA,0.000781013,0.000332987,0.000231502,0.000379592,0.000642389,0.000409449,0.000276172,0.000265863,0.000460085,0.000393214,0.000399653,0.000405592,0.000136436,0.000409201,0.000905746,0.002120956,0.000284422
DLS,4.84E-05,0.00017155,0.000255613,0.000141993,0.000301194,6.75E-05,3.70E-05,0.000253829,0.000476885,0.000505547,0.000265987,0.000175852,0.000239536,0.000476022,0.000169768,0.000220334,0.000524424,0.000377181,0.000319677,0.000230001,0.000779453,0.000736842,0.000240443,0.000604217,0.000164857,0.000113233,0.000145866,0.000514251,0.000354312,0.000289091,0.000280468,0.000205619,0.000590629,0.000618672,0.000249349,0.000255962,0.000481291,0.00121643,0.00155629,0.000284921
DMS,6.88E-05,0.000265653,0.000257313,0.000218714,0.00041384,0.0001048,0.000114903,0.000248119,0.000529273,0.000638963,0.00041078,0.000229478,0.000245446,0.000563871,0.000422383,0.000486369,0.001212418,0.001120491,0.000929661,0.00084711,0.001426655,0.000947453,0.000700784,0.001496575,0.000505507,0.000293022,0.000304976,0.000831416,0.000322538,0.000526279,0.000582556,0.000391534,0.001324411,0.001300344,0.000682101,0.000475927,0.000748032,0.001888633,0.001886941,0.000969881
NACC SHELL,0.000147208,0.000449812,0.000374011,0.000416946,0.000567067,0.000239917,0.000272695,0.000222118,0.000635061,0.000747897,0.000585877,0.00051429,0.000611367,0.000584461,0.000361737,0.000568379,0.001025224,0.000901953,0.000633474,0.000725732,0.001129049,0.001163451,0.000466764,0.001557085,0.000609669,0.000334648,0.000610513,0.000879107,0.00061512,0.000520772,0.000472674,0.000571686,0.000868359,0.001020545,0.000486954,0.000433164,0.001073853,0.001595903,0.00204858,0.000884381
NACC CORE,0.000133031,0.000512656,0.000389519,0.000404579,0.000697868,0.000391564,0.000303058,0.000151666,0.000681715,0.000801654,0.000707267,0.000632343,0.000511216,0.000699324,0.000560367,0.000908922,0.001301092,0.001569944,0.001191345,0.001752476,0.001503205,0.001346806,0.001188377,0.001599766,0.000777454,0.000585065,0.000732002,0.00119009,0.000678592,0.000596921,0.000151514,0.000791923,0.001718748,0.001733684,0.000725643,0.000528456,0.001390187,0.00185747,0.002227911,0.003068224
FStr,0.000141712,0.000395869,0.000379218,0.000169616,0.000369719,0.000185301,0.000243204,0.000302446,0.000406168,0.000467136,0.000323883,0.000237242,0.000383912,0.000456157,0.000296945,0.000294185,0.000419413,0.000357677,0.000292504,0.000284913,0.000614129,NA,NA,0.00069106,0.000284072,0.000183865,0.000214604,0.000444105,0.000526945,0.000318976,0.000238498,0.000266819,0.000481617,0.00053206,0.000275458,0.000264552,0.00049796,0.000736542,0.001383568,0.000413356
OT,6.20E-05,0.000235839,0.000317293,0.000247765,0.000397257,5.70E-05,8.25E-05,0.000217513,0.000300959,0.000479253,0.000215012,0.000482902,0.000441263,0.000323695,0.000129947,0.000299519,0.000338431,0.00053756,0.000318542,0.000495985,0.000812557,0.000607103,0.000563876,0.000926651,0.000460211,0.000233991,0.000390807,0.000583296,0.000400629,0.000419502,0.000167121,0.000130698,0.00057474,0.000421067,0.000181591,0.000173808,0.00055067,0.000802106,0.001543671,0.000298601
LSN,0.000346399,0.00077129,0.000508641,0.00046954,0.000594455,0.00042869,0.000490512,0.000404552,0.000665876,0.000770391,0.000652516,0.000552252,0.000550479,0.000669359,0.000807833,0.000681875,0.000975649,0.000953969,0.000973186,0.000721969,0.001324686,0.001076065,0.000759033,0.001077567,0.000597264,0.000526815,0.000668569,0.000979361,0.000675961,0.00070297,0.000690636,0.000647478,0.0009871,0.000949915,0.000695063,0.000488665,0.000786907,0.001259208,0.001686609,0.000911149
SFn,0.000154342,0.00044856,0.000298811,NA,0.000371165,6.44E-05,0.000292015,0.000368759,0.000383464,0.000379736,0.000271164,0.000234169,0.000332805,0.000309412,0.000383494,0.000388269,0.00047796,0.000380133,0.000472533,0.000343394,0.000461468,0.000408432,0.000390383,0.000442607,0.000306337,0.00024736,0.000207776,0.00055855,0.000256908,0.000361341,0.000401639,0.000255809,0.0005962,0.00034917,0.000351662,0.000319989,0.000187083,0.000566,0.000907781,0.00035277
aAA,0.000158118,0.000454359,0.000518882,0.000372613,0.000321377,0.000151188,0.000295901,0.000373848,0.000354964,0.00055718,0.000200839,0.000563245,0.000434607,0.000472068,0.000385998,0.000396575,0.000491955,0.000311132,0.000293095,0.000580098,0.000765827,NA,NA,0.000976698,0.000429571,0.000180996,0.000350841,0.000568225,0.000680563,0.000297669,0.000332079,0.000227814,0.000796954,0.000846369,0.00037567,0.00033237,0.000520599,0.000826156,0.001700628,0.000378359
CA,0.00030112,0.000507866,0.00042313,0.000221129,0.000519462,0.000241219,0.000225298,0.000400589,0.000302679,0.00048972,0.000403467,0.000494993,0.000254872,0.000565683,0.000274059,0.000291114,0.000494366,0.000541843,0.00039882,0.000265307,0.00055381,0.000652482,4.92E-05,0.001341202,0.000343095,0.00021551,0.000391343,0.000526742,0.000597986,0.000242942,0.000368808,0.000394288,0.000498406,0.000704312,0.000411962,0.00029192,0.000439536,0.001004504,0.001610693,0.000480038
IAn,0.000534801,0.000706688,0.000550831,0.000472768,0.000751318,0.00040955,0.000221632,0.000281357,0.000478617,0.000716773,0.000544051,0.000859171,0.000373433,0.000581691,0.00037866,0.000522067,0.00083548,0.000696273,0.000648723,0.000487402,0.000915881,0.000997528,NA,0.001073944,0.000592196,0.000469229,0.000615119,0.000721357,0.00080261,0.000446483,0.00065417,0.000713852,0.000763148,0.000881941,0.000587729,0.000521539,0.000735011,0.001243659,0.002029959,0.000649949
MAn,0.000109606,0.000416054,0.000360586,0.000588534,0.000434894,0.000210451,0.000192023,0.0005286,0.000309505,0.000469719,0.000337331,0.000342089,0.000336992,0.000314068,0.000393483,0.000462093,0.000378313,0.000395113,0.000498827,0.00021402,0.000683608,0.000468454,NA,NA,0.000302121,0.000392394,0.000420427,0.000615438,0.000466094,0.000295611,0.000316588,0.000339478,0.000453046,0.000662746,0.000343836,0.000252522,0.000504645,0.00079059,0.001667607,0.000402321
Gpe,1.41E-05,0.000119714,0.000149736,0.00013464,0.000140803,4.43E-05,8.84E-05,0.000385941,0.000386727,0.000264887,6.11E-05,0.00021108,0.000242986,0.000398365,0.000148554,5.49E-05,0.000173929,0.000129949,0.000146056,5.43E-05,0.000342948,0.00022151,0.000230903,0.000645066,0.000103093,3.79E-05,2.83E-05,0.000321962,0.000244179,0.000341175,0.00011916,0.000140411,0.000165704,0.000186358,0.000101006,0.00013971,0.000257286,0.000392453,0.001136568,8.76E-05
Gpi,9.39E-05,0.000181271,0.000157674,0.000189227,0.000325202,7.70E-05,5.92E-05,0.000429324,0.000379099,0.000211003,0.000124133,0.000313574,0.00019443,0.00041429,0.000165273,0.000138234,0.000232755,0.000270933,0.000314149,5.03E-05,0.000284057,0.00010465,0.0003585,0.000950515,0.000152043,0.000102262,0.000105454,0.000447142,0.000291965,0.000388379,0.000255531,0.00024296,0.000395743,0.000408162,0.000146087,0.000160567,0.000203572,0.000533566,0.000760403,0.000221788
SubInn,8.76E-05,0.000352903,0.000256082,0.000309714,0.000399216,9.81E-05,0.000168702,0.000393118,0.000386985,0.000483924,0.000217626,0.000308752,0.000651062,0.000388327,0.000220222,0.000303417,0.000445432,0.000383236,0.000315511,0.000345233,0.000659079,0.000449973,0.000473898,0.000960815,0.000323836,0.000150118,0.000247813,0.000544032,0.000470266,0.00031908,0.0002774,0.000259941,0.000380188,0.000394721,0.00024667,0.000242664,0.000472503,0.000726494,0.002013366,0.000309474
MGCn,6.20E-05,0.000295384,0.000441738,0.000448962,0.000429113,5.31E-05,0.00014328,0.000533181,0.000407356,0.000558296,0.000124953,0.000442488,0.000629418,0.000303604,0.000261307,0.000474286,0.000347565,0.000492986,0.000252698,0.000436335,0.000950592,0.000241972,0.000121732,0.00111517,0.00043249,0.000167481,0.00031787,0.000534863,0.000523124,0.000399704,8.13E-05,0.000165809,0.000611785,0.000420645,0.000286648,0.00032295,0.000510896,0.000582524,0.002146683,0.000290817
MSn,0.000146088,0.000614965,0.000317001,0.000514606,0.000517738,0.000148516,0.000299888,0.000451355,0.000544264,0.000426098,0.000286958,0.000584396,0.000952159,0.000380662,0.000416973,0.000376812,0.000585628,0.00089342,0.000590548,0.000758552,0.001050901,0.000492235,0.000363138,0.000662344,0.000849021,0.000285494,0.000345797,0.000583858,0.000640891,0.000527276,0.000264265,0.000242206,0.000795612,0.000529079,0.000470856,0.000576409,0.00062119,0.000910956,0.002523669,0.000656056
DBn,8.98E-05,0.000370298,0.000341892,0.000269498,0.00070781,9.61E-05,0.000118904,0.000365246,0.000318846,0.000496713,0.000153002,0.000471689,0.000586357,0.000261251,0.000246787,0.000422943,0.000306502,0.000563125,0.000317307,0.000816991,0.000827646,0.000400274,0.000445848,0.00106691,0.000969174,0.000153264,0.000411541,0.0007592,0.000541111,0.000542813,0.000203587,0.000182011,0.000538656,0.000514753,0.000298913,0.000339377,0.000431552,0.000933395,0.002119917,0.000378916
TnS,9.56E-05,0.000450852,0.000202673,NA,0.000416878,4.14E-05,0.000286306,0.000361667,0.000282757,0.000324056,0.000156911,0.000140572,0.000324716,0.000263868,0.000400622,0.000526412,0.000138338,0.000226991,0.000306659,0.000247462,0.000234759,NA,0.000185454,0.000197643,0.000143119,0.000112864,0.000152851,0.000747122,0.00013058,0.000295605,0.000418945,0.000230932,0.00050029,0.00018698,0.000335761,0.000199053,9.02E-05,0.000215292,0.000264382,0.000412568
BNST,0.000293058,0.000589883,0.000385022,NA,0.000502025,0.000250192,0.000477401,0.000300145,0.000510878,0.000619265,0.000457662,0.000485383,0.000402017,0.000552708,0.000556718,0.000458295,0.000612937,0.000737753,0.000737028,0.000469144,0.000840932,0.000966412,0.00042474,0.000720636,0.000432675,0.000344725,0.000437829,0.00089013,0.000469317,0.000451235,0.000478833,0.00040485,0.000749684,0.000722993,0.000481611,0.000508373,0.000537741,0.000951745,0.001382065,0.000648319
VALCT,7.61E-05,0.000167904,9.79E-05,0.000268805,0.000192991,8.89E-05,3.74E-05,0.000319295,0.000356723,0.000337039,0.000126949,0.000275154,9.72E-05,0.00066521,0.000106592,0.000187647,0.000198475,0.000532085,0.000436018,5.80E-05,0.000169623,NA,0.000398446,NA,0.000261312,0.000166549,8.65E-05,0.000430955,0.000177091,0.000232421,0.000133228,0.000214316,0.000159053,0.000243558,0.000309954,0.000132627,0.000320508,0.000929909,0.001696594,0.000275478
VMT,0.000161456,0.000375489,0.000278414,0.000326358,0.000312249,0.000212271,0.000295172,0.000331599,0.000200518,0.000415276,0.00019499,0.000418727,0.000136641,0.00063572,0.000277765,0.000222131,0.000392014,0.000554477,0.000461952,0.000163976,0.000446161,0.000736787,0.000499855,0.000838312,0.000277674,0.000294731,0.000152315,0.000432139,0.00036995,0.000245925,0.000180565,0.000305103,0.000466726,0.000508429,0.000477501,0.000307114,0.000308235,0.00074388,0.001866475,0.000523601
VPLT,8.44E-05,0.000225546,0.00016072,0.000182239,0.000269758,9.52E-05,3.88E-05,0.000321886,0.000287529,0.000327488,0.000126489,0.000375895,0.000136765,0.000539316,0.000159985,0.000104532,0.000118587,0.000247555,0.000246398,9.38E-05,0.000151482,0.000172914,0.000187416,0.00049185,0.000130627,0.00013982,6.00E-05,0.000284298,0.000255228,0.000347397,0.000174463,0.000253988,5.97E-05,0.000131651,0.000204398,0.000102436,0.000327176,0.000692247,0.00147644,0.000156089
VPMT,6.73E-06,0.000233136,0.000345184,5.41E-05,0.000108169,5.81E-05,1.53E-05,0.000261184,0.000291011,0.000638407,9.27E-05,0.000917422,0.000166119,0.00085131,7.42E-05,4.71E-05,0.00015922,4.66E-05,6.57E-05,4.54E-05,0.000241464,0.000144912,0.000124499,0.000560179,8.09E-05,0.00010345,6.34E-05,0.000183468,0.000484744,0.000382186,7.34E-05,0.000182943,5.53E-05,0.000154523,0.000160968,0.000119807,0.000380257,0.001287309,0.002176144,3.40E-05
PTTn,0.000230483,0.000644067,0.000281162,4.95E-05,0.000209494,0.000137254,NA,0.000155146,7.68E-05,0.000332394,0.000165797,0.000633812,0.000201931,0.000779846,0.000242527,0.000144496,0.000186304,0.000478591,0.000294504,0.000148738,0.000338173,0.000259045,NA,0.000548155,0.000185953,9.48E-05,0.000163098,0.000264809,0.000499047,0.000248515,NA,0.000455693,0.000291461,NA,0.000159313,0.000152252,0.000440697,0.000846038,0.001623141,8.16E-05
MGC,9.78E-05,0.00037166,9.66E-05,0.000199328,0.000243406,0.000101841,6.83E-05,0.000162253,0.000100378,0.000273069,9.28E-05,0.000450056,0.000388923,0.000514116,0.000169108,0.000220695,0.000188912,0.000177361,0.000272427,0.0001071,0.000198216,0.000143147,0.000274242,0.000329357,9.80E-05,5.00E-05,0.000123039,0.00036878,0.000219284,9.61E-05,0.000103165,0.000167673,9.92E-05,8.05E-05,6.64E-05,8.36E-05,0.000403438,0.000415499,0.001605908,0.000105311
dLGC,0.000172743,0.000375952,8.76E-05,0.00018289,0.000260565,0.000104984,9.24E-05,0.000135224,0.00022566,0.000277535,0.000106912,0.000322075,0.00029099,0.000289287,0.000144615,0.000139154,0.000204156,0.00028408,0.000215555,0.000125746,0.000205835,0.000154191,0.00021673,0.000824124,0.00021552,0.000216619,0.000107557,0.000280489,0.000162033,0.000224302,0.000104454,9.67E-05,0.000111111,0.000132117,0.000231681,9.06E-05,0.000164,0.000738837,0.001224009,0.00020181
LPT,7.62E-05,0.000343167,6.49E-05,7.89E-05,0.00023629,8.08E-05,6.22E-05,0.000157624,0.000142775,0.000269531,7.38E-05,0.000275699,0.000183213,0.00032038,0.000121967,9.50E-05,0.000173042,0.000264258,0.000251521,5.71E-05,0.000292269,0.000165832,0.000418446,0.000694968,0.000133657,9.79E-05,8.78E-05,0.000134216,0.000156246,0.000153712,8.94E-05,0.000153066,0.000112183,0.000184602,0.000217944,0.000191163,0.000161938,0.000494576,0.001458602,0.000162626
PCT,4.49E-06,0.000252409,0.000101248,3.68E-05,9.91E-05,5.88E-05,2.23E-05,0.000243942,0.000160602,0.000347807,5.20E-05,0.000353011,0.000155554,0.000506489,9.30E-05,1.22E-05,9.97E-05,0.000101977,0.000127709,2.06E-05,0.000242407,0.000271882,0.000206214,NA,3.85E-05,2.04E-05,4.78E-05,0.000118154,0.000228778,0.000193584,3.94E-05,0.000109142,5.83E-05,0.000117165,0.000157376,0.000133493,0.000168834,0.00093979,0.002330211,4.48E-05
PlnT,0.000181409,0.000770491,0.000243618,0.000121061,0.000381357,0.000186276,0.000192758,0.000152961,0.000130191,0.000327434,0.000166825,0.000465624,0.00027771,0.000821993,0.000324267,0.000311102,0.000438048,0.000607638,0.000406725,0.000302505,0.000420427,0.00034443,0.000586531,0.000744835,0.000264087,0.000195151,0.000335645,0.000328485,0.000542362,0.00033541,NA,0.000387833,0.000463185,0.000350513,0.000228855,0.000279793,0.000573331,0.000706283,0.001963576,0.000279931
EnT,6.73E-05,0.000446411,0.000177529,5.84E-05,0.000232569,8.25E-05,4.82E-05,0.000193056,0.000122465,0.000327484,0.000128069,0.000420115,0.000204624,0.000677442,0.000128332,5.39E-05,0.000156469,0.00035922,0.000311394,0.000110852,0.000342412,0.000409876,0.000668662,0.001054142,0.000107389,2.87E-05,9.26E-05,0.000200055,0.000388503,0.000162756,8.98E-05,0.000311029,0.000303995,0.000347427,0.00018127,0.00021875,0.000241336,0.000947268,0.00240751,0.000218795
AVT,0.000281458,0.000577691,0.000236299,0.000201907,0.000395681,0.000181862,0.000396044,0.00050437,0.000384001,0.000413134,0.000332201,0.000183724,0.000215055,0.000665356,0.000352101,0.000277563,0.000441636,0.000333689,0.000448864,0.000340397,0.000454627,NA,0.000629307,0.000804165,0.00025078,0.000234563,7.15E-05,0.000379105,0.000432513,0.000260707,0.000295793,0.000347068,0.00043647,0.00044812,0.000321026,0.000392097,0.000303646,0.00103802,0.001353345,0.000286653
AMn,0.000404517,0.000712191,0.000364135,0.000516423,0.000824742,0.000319074,0.000284564,0.000456401,0.000463298,0.000489975,0.000369821,0.000427748,0.000178793,0.000795392,0.000414027,0.000536017,0.000522849,0.00061961,0.000771803,0.000605076,0.000531402,0,0.000858209,0.001120107,0.000519362,0.000421864,0.000234158,0.000533159,0.000570815,0.00047528,0.000466737,0.000496246,0.000783018,0.000680231,0.000411549,0.000457932,0.000564983,0.001600428,0.002026111,0.000901312
IADT,0.000466426,0.000375632,0.000277304,0.000660573,0.000599889,0.000573599,0.000246328,0.000485271,0.000529183,0.000581775,0.000345197,0.000344658,0.000297224,0.001065489,0.00044178,0.000400316,0.000815304,0.001154022,0.000905621,0.000440361,0.000504021,NA,0.000896584,0.001726573,0.000650083,0.00019767,0.00081654,0.001239363,0.000662467,0.000637567,0.000451154,0.00046238,0.000931895,0.00094783,0.000312266,0.000458304,0.000889479,NA,0.001882872,0.001100763
IMDT,0.000360134,0.000977497,0.000907706,0.000690603,0.000729521,0.000315128,0.00043211,0.0006039,0.000416248,0.000833655,0.000602043,0.000973801,0.000296855,0.001086157,0.000522596,0.000586644,0.001121419,0.00135579,0.000897644,0.000685662,0.000938328,0.000987734,0.001336155,0.001800726,0.000645341,0.000542538,0.000663797,0.001312769,0.000912415,0.000334682,0.000516256,0.000859556,0.001068151,0.001168337,NA,0.00086364,0.000977563,0.002080459,0.002409842,0.001199859
MDT,0.000210453,0.000592483,0.000274993,0.00040379,0.000351204,0.000191868,0.000260402,0.000404532,0.000353181,0.00065109,0.000322594,0.0004509,0.000180467,0.000673256,0.000299397,0.000285019,0.000534079,0.00073207,0.000804027,0.000255539,0.00046607,0.000515887,0.00077628,0.001189944,0.00035764,0.000286447,0.000258951,0.000649911,0.000369654,0.000265171,0.000258848,0.000390029,0.000451721,0.000588236,0.000444001,0.000396244,0.000441692,0.001188401,0.002031167,0.000540522
SMT,6.66E-05,0.000270875,0.000163135,0.000256076,0.000126155,8.95E-05,0.000106487,0.000376458,0.000301746,0.000408385,0.000142664,0.00025976,0.000142785,0.000619576,0.000105978,6.28E-05,0.000454957,0.000453444,0.000526909,2.47E-05,0.000360202,NA,0.000491881,NA,0.000168048,0.000139427,0.000271185,0.000532888,0.000267517,0.000137587,0.000117623,0.000254135,0.00026801,0.000318443,NA,0.000218426,0.000480112,0.001226273,0.001824081,0.000299574
pRE ,0.000563133,0.00095813,0.000819373,0.000861298,0.000788398,0.00056407,0.001053617,0.000401603,0.000383204,0.000597721,0.000395212,0.000879938,0.000167047,0.000694665,0.000869217,0.000644913,0.001177328,0.001338783,0.000468146,0.000227707,0.001430739,NA,0.001122912,NA,0.000593163,0.000728748,0.0003162,0.000594898,0.000621366,0.000267196,0.000720153,0.000684731,0.001317119,0.000870265,NA,0.000798821,0.000314021,0.001653962,0.002128293,0.001194758
PVT,0.000796165,0.001411706,0.001120484,0.001059767,0.001244996,0.000612009,0.001029672,0.000674252,0.000548772,0.000911639,0.001018415,0.000728045,0.000523807,0.000916649,0.001226691,0.000952239,0.000779175,0.001467763,0.001348853,0.001180138,0.001543613,0.001284442,0.001251567,0.001342059,0.001143621,0.001025737,0.001203991,0.00141249,0.000906936,0.000686012,0.001127622,0.001142656,0.001438791,0.001248265,0.001027339,0.00098584,0.000624606,0.002052937,0.001512084,0.001650329
PT ,0.000439024,0.000673273,0.000471488,NA,0.000818417,0.000395323,0.000782177,0.000449443,0.000624039,0.000736977,0.000522239,0.00052974,0.000420621,0.000712542,0.00082675,0.000650135,0.000898107,0.00110856,0.00086005,0.000914744,0.001041888,NA,0.000738805,0.001051994,0.000511328,0.000534257,0.00079964,0.001143083,0.000818963,0.00062414,0.000591377,0.000805186,0.001046204,0.000706722,0.00063274,0.000720261,0.000747218,NA,0.001628632,0.001098294
RE,0.000286373,0.000441687,0.000432643,0.000482485,0.000368424,0.000282518,0.00044427,0.000370356,0.000351917,0.00044351,0.000290296,0.000573636,0.000217997,0.000540338,0.000469385,0.000340548,0.000721969,0.000821735,0.000544596,0.000497039,0.000951297,NA,0.000951569,0.001321693,0.000329417,0.000358698,0.000365543,0.000594869,0.00056309,0.000365443,0.000479969,0.000515451,0.000829591,0.000707766,0.000516142,0.00048796,0.000528711,0.001600042,0.001986695,0.000917648
XiT,0.000300554,0.000430124,0.0006516,0.000649148,0.000546792,0.000404437,0.000747431,0.000465122,0.000437141,0.000576577,0.000473328,0.000726761,0.000270449,0.000792358,0.000579952,0.000542449,0.001149254,0.000977503,0.00051679,0.000351764,0.001197252,NA,0.001383438,NA,0.000475207,0.000415723,0.000445846,0.000935236,0.000880197,0.000423115,0.000584979,0.000718104,0.001276553,0.001040644,0.000907545,0.000638401,0.000817532,0.001893992,0.002305063,0.001122804
Rh,0.000192239,0.000500225,0.000516439,0.000554824,0.000447651,0.000259474,0.000188963,0.00046866,0.000622077,0.000665654,0.000423563,0.000885842,0.000223657,0.001050324,0.000262083,0.000277358,0.000879722,0.00117465,0.000992605,0.000459666,0.00133771,NA,0.001316161,NA,0.000467948,0.000112932,0.000687741,0.001261035,0.000928952,0.000599698,0.000384454,0.000937806,0.001329448,0.00110551,NA,0.000487478,0.001112461,0.002028903,0.002459182,0.000916991
CMT,0.000404371,0.001037435,0.000613282,0.000821486,0.001036761,0.000368254,0.000537443,0.000594256,0.000537411,0.000842954,0.000636035,0.000780061,0.000367361,0.001211877,0.000509884,0.000698531,0.000900638,0.000946541,0.001237881,0.000489763,0.001129323,0.001024451,0.001418303,0.00159517,0.000631997,0.000494026,0.000499991,0.001276603,0.001037822,0.000332104,0.000697927,0.000866725,0.001318242,0.001052915,0.000742603,0.000630335,0.001199217,0.002308705,0.002409628,0.001220758
PCn,3.03E-05,0.000439362,0.0002639,0.000110135,0.000118587,0.000124136,5.65E-05,0.000335593,0.000310796,0.000467983,0.000127381,0.00054276,0.000106142,0.000752765,0.000107975,0.000133392,0.000458946,0.000379554,0.000481647,9.05E-05,0.000284453,0.000586969,0.000607393,0.000318475,0.000162996,0.000114999,0.000134975,0.000545337,0.000418389,0.000206627,0.000181793,0.000147895,0.000493725,0.000378865,NA,0.000228224,0.000559011,0.001278682,0.002251486,0.000372829
CLT,0.000226167,0.000499852,0.000264022,0.000308687,0.000360325,0.000268805,0.000260901,0.000373391,0.000262259,0.000598788,0.000222231,0.000482802,0.000179738,0.000687355,0.000270367,0.00028456,0.00061773,0.000592911,0.000625607,0.000187626,0.000696531,NA,0.00077993,0.001562828,0.00039542,0.000275329,0.000339795,0.000592595,0.000539127,0.000373363,0.000305001,0.000405361,0.000586717,0.000549003,NA,0.000348652,0.000501309,0.001532967,0.002255328,0.000558607
RT,0.00013952,0.000300416,0.000202582,0.000308247,0.000498989,0.000203271,0.000317552,0.000380888,0.00038129,0.000439837,0.000264918,0.000282955,0.000181425,0.000464163,0.000439531,0.000395224,0.000202348,0.000418769,0.00042619,0.00063099,0.000366464,0.000280165,0.000497905,0.000607637,0.000387628,0.000181714,0.000115674,0.000495034,0.00040109,0.000381986,0.000333168,0.000379204,0.000408621,0.000312492,0.000413246,0.000287074,0.000304025,0.000701694,0.001540742,0.000474466
IGLLGC,0.000796146,0.00102459,0.000672745,0.00086781,0.000947584,0.00047471,NA,0.000336412,0.000564149,0.000384439,0.000683129,0.001066195,0.000592838,0.000887456,0.000737098,NA,0.000753645,0.001590547,0.001071062,0.000833438,0.000852173,0.00120318,0.000691955,0.001584518,0.00089112,0.000714155,0.000790682,0.000735071,0.000702062,0.00055994,0.000618029,0.001086979,0.001109922,0.001176021,0.000734159,0.000587137,0.000730825,0.001356097,0.001773308,0.000905513
vlLGC,0.000626546,0.000828049,0.000676929,0.000643755,0.000728016,0.000303506,0.000445225,0.000365195,0.000478163,0.000443659,0.00057352,0.000778122,0.000388345,0.000751656,0.000571403,0.000536768,0.000548422,0.001157219,0.000879481,0.000684936,0.000890845,0.000944676,0.000661236,0.001190034,0.0007197,0.000464034,0.000388009,0.000744904,0.000489524,0.000438959,0.000504917,0.000707354,0.000824352,0.000891455,0.000552885,0.00064604,0.000505608,0.001019668,0.001481281,0.000835988
subGn,6.68E-05,0.000525887,0.000408444,0.000202963,0.000536553,7.02E-05,NA,0.000264646,0.000355413,0.000286214,0.000102378,0.000274807,0.000112068,0.000294382,0.000106198,NA,0.000105528,0.000431884,0.000375841,0.00017944,0.000532155,NA,0.000291915,NA,9.31E-05,9.09E-05,9.10E-05,0.000380524,0.000248957,NA,8.83E-05,0.000669789,0.000192886,0.000354159,0.00025185,0.000489737,0.000322649,0.000207884,0.00136568,0.000220933
MHb,0.000225621,0.000486796,0.000454345,0.000528387,0.001022406,0.000201417,0.000124653,0.000279779,0.000237018,0.000353871,0.000268616,0.00027263,0.000200707,0.000488241,0.00046571,0.000406867,0.000211888,0.000758608,0.000605557,8.74E-05,0.000699068,0.000656274,0.000398086,0.000818669,0.000289965,0.000393462,0.000248452,0.000352713,0.000151718,0.000187793,0.000341206,0.000245102,0.00036508,0.000346538,0.000435309,0.000321653,0.000211397,0.000494103,0.000577311,0.00031048
LHb,0.000216986,0.000601747,0.00039226,0.000521191,0.000784495,0.000451783,0.00042609,0.000572865,0.000437071,0.000608291,0.000327434,0.000494579,0.000407556,0.000643738,0.000564009,0.000483695,0.000565767,0.000721929,0.000697182,0.000201892,0.000770954,NA,0.000843454,0.0012377,0.000564991,0.000413347,0.000415694,0.000671787,0.000339944,0.000424976,0.00032431,0.000386979,0.000991074,0.000734596,0.000399491,0.000579265,0.000609031,0.000572498,0.001958839,0.00059612
SON,7.49E-05,0.000138957,0.000304838,NA,0.000713948,7.75E-05,0.000142374,0.000352928,0.00024725,0.000435109,0.000311706,0.000316837,0.000265222,0.000304298,0.000209862,0.000706146,0.000292021,0.000325739,0.000392156,0.000172828,0.00061636,NA,0.000329701,4.14E-05,0.00051812,6.64E-05,0.000360453,0.000459551,0.000213295,0.000538815,NA,0.000137635,0.000274287,0.000279351,0.000174069,0.000221887,0.000620397,NA,0.000913882,0.000521627
PVH,0.000652059,0.000851126,0.000758604,0.001013128,0.001030849,0.00042317,0.000733226,0.00042493,0.0006119,0.000904684,0.000979167,0.001225239,0.000439178,0.00034941,0.00115027,0.00119244,0.00087188,0.001507514,0.000916289,0.001654442,0.001491616,0.001870938,0.001519274,0.001623598,0.000799618,0.000366594,0.000635329,0.000865843,0.00057335,0.00046512,0.000613612,0.000896776,0.002178454,0.001375705,0.001153917,0.00102386,0.000381899,0.001913857,0.001963374,0.001961652
IPVH,0.000391998,0.000440448,0.000654813,0.000567927,0.000493161,0.000331867,0.000374132,0.000439127,0.000370949,0.000483332,0.000378475,0.00053589,0.000318281,0.00051721,0.000310969,0.000528765,0.00029611,0.001067545,0.000756232,0.000355689,0.000606747,0.000649515,0.000522933,0.000564433,0.000309957,0.000221901,0.000368633,0.000406621,0.00046652,0.000219239,NA,0.000386698,0.000827935,0.000673383,NA,0.000384005,0.000546206,0.000782199,0.001541827,0.00063194
ArH,0.000125845,0.000602852,0.000611804,0.000773398,0.000913892,9.32E-05,0.000302754,0.000254599,0.000527455,0.000758243,0.000429383,0.000813687,0.000421006,0.000543246,0.000407468,0.000743193,0.000328971,0.000718459,0.000458517,0.000872939,0.000745424,0.001059369,NA,NA,0.000646913,0.000308434,0.000361463,0.000741108,0.000308496,0.000399505,NA,7.76E-05,0.000422776,NA,NA,0.000277564,0.000507779,0.000732605,0.001932114,0.000668716
ADPO,0.000838668,0.001445197,0.00104346,NA,NA,0.000480042,0.000965799,0.000587534,NA,0.001072387,0.000937279,0.001224423,0.000937414,0.000836348,0.001080544,0.001144677,0.001439361,0.002300144,0.001490258,NA,0.001870443,0.001507793,0.000818252,NA,0.001306272,0.001637949,0.000778466,0.00159262,NA,0.001108055,NA,0.001102052,0.001543844,0.001375287,0.001421533,0.001463434,0.001457942,0.001598723,0.002053286,NA
AVPO,0.000372744,0.0007633,0.000535441,NA,0.001036109,0.000160418,0.000223448,0.000510568,0.000475483,0.000575141,0.000338615,0.000541685,0.000848875,0.000438749,0.000556196,0.000791426,0.000593989,0.000922068,0.000655151,NA,0.001293394,0.000664342,0.000605292,NA,0.000807351,0.000501793,0.000422718,0.000731208,NA,0.000487022,NA,0.000511348,0.000917349,0.000617131,0.000929418,0.000585808,0.000878501,0.000875406,0.002213918,0.000409433
AVPV,0.000308469,0.000656254,0.000359299,NA,0.001316525,1.65E-05,0.000188081,0.000351522,NA,0.000542504,0.000258522,0.000471249,0.000519095,0.000225833,0.000370577,0.000489481,0.00034185,0.000857408,0.000613226,NA,0.001033945,0.00078472,0.000562697,0.000692572,0.00159684,0.000358277,0.000476572,0.000465521,0.00046636,0.000459703,0.000424239,0.000431225,0.0005657,0.000472723,0.000571157,0.000368641,0.000380272,0.000680244,0.001662607,0.000464658
DMH,0.000489201,0.000934793,0.001624298,0.001100649,0.000952251,0.000324992,0.000739331,0.000365963,0.000499063,0.000970073,0.000892816,0.001169979,0.000492851,0.000615441,0.000813886,0.001095401,0.001264142,0.001754675,0.001556797,0.000651575,0.001406257,0.001388901,0.000922004,NA,0.000694304,0.00050418,0.000940455,0.000604417,0.000666181,0.000464547,NA,0.000664174,0.001554801,0.000970093,NA,0.000847092,0.000744577,0.001179371,0.00330515,0.001453745
MePO,0.00061841,0.000796646,0.000416669,0.000245695,0.000893664,0.000252405,0.000461766,0.00030882,0.00065569,0.000900855,0.000470631,0.001096198,0.000827519,0.000578902,0.00052216,0.000821249,0.000871031,0.001396551,0.000991914,0.001268643,0.001436634,0.001243492,0.000705797,0.001942986,0.000995665,0.001048624,0.000268926,0.000688427,0.000272599,0.000484015,NA,0.000732677,0.00143086,0.000933423,0.000774981,0.000853659,0.00076601,0.001203822,0.001414823,0.002285505
MPA,0.000340843,0.000820405,0.000391981,0.000547927,0.00084629,0.000284801,0.00047335,0.000505448,0.000550651,0.000677432,0.00042647,0.000699292,0.000769928,0.000552978,0.000578449,0.000735536,0.000637382,0.000921409,0.000634487,0.000944862,0.001207974,0.000939913,0.00051786,0.001016264,0.000721951,0.000484912,0.000532893,0.000880835,0.000721304,0.000456589,0.000291704,0.000579258,0.001009694,0.000791513,0.000742574,0.000592136,0.000662464,0.000942276,0.001927606,0.000711193
PSN,0.000364238,0.001074776,0.000637411,NA,0.001070118,0.000385445,0.000673885,0.000593158,0.000753322,0.000835825,0.000578758,0.000715488,0.000714118,0.000509977,0.000789458,0.000724514,0.000976418,0.001568851,0.00107969,NA,0.001721485,0.001304979,0.000540252,NA,0.000851858,0.000575939,0.000568968,0.001209434,NA,0.000575781,NA,0.000833594,0.00145922,0.001031064,0.000945543,0.000862914,0.000838428,0.001067068,0.002163943,0.001046469
SPZ,0.00134454,0.001254694,0.000982592,0.001826998,0.001291896,0.000441524,0.000941167,0.000613311,0.000769097,0.001145038,0.000979639,NA,0.000449474,0.000654989,0.0007766,0.001232281,0.000615027,0.001495535,0.00050781,0.001761735,0.001337937,NA,0.000666186,0.002100129,0.000869821,0.000570958,0.001061111,0.000711833,0.001225872,0.00047524,0.000685465,0.000944285,0.001936508,0.001369882,0.000811979,0.000764862,0.00051015,NA,0.002853449,0.001450749
SCN,0.001052823,0.001665064,0.001078209,0.002806482,0.00229824,6.91E-05,0.000527484,0.0001819,0.0006804,0.001366523,NA,NA,0.000235441,0.001814259,0.000962212,0.002317214,0.000107494,0.001786382,0.000684619,0.000513572,0.001124399,NA,0.0010744,NA,0.000532706,0.000441632,0.002274961,0.001363211,0.001601017,0.000637285,NA,0.000140795,0.002664016,0.001954434,NA,0.00053594,0.000346067,NA,0.003973699,0.001170739
AHN,0.000509294,0.000636615,0.000420917,0.00072795,0.000893707,0.000386302,0.00059071,0.000603567,0.000586151,0.000730737,0.000779983,0.000568233,0.000457698,0.000706236,0.000623118,0.000705549,0.000551387,0.000870637,0.000361532,0.000909305,0.001136466,NA,0.000626302,0.000948239,0.000580397,0.00036618,0.000725591,0.000731173,0.000778937,0.000410224,NA,0.000699145,0.001072758,0.000828967,0.000587088,0.000492867,0.000639389,0.001249116,0.002042651,0.000702999
SMN,0.000160374,0.000896609,0.000731854,0.000933341,0.00096713,NA,NA,0.000408017,0.000599875,NA,0.000703563,0.000524478,0.000451582,0.000570677,0.000459369,NA,0.000797627,0.000682828,0.00098923,0.001052973,0.000836275,0.000935789,NA,0.001471674,0.000381312,0.000561727,0.001055024,0.000801624,0.000711663,0.00046452,NA,0.000580174,0.001429594,0.000703338,0.000692733,0.000270161,0.001015888,0.000827952,NA,NA
MPO,0.000275142,0.000495158,0.000354248,0.000434635,0.000618696,0.000190729,0.000512671,0.000369214,0.00051137,0.000709428,0.000435853,0.000604571,0.000539531,0.000463512,0.000492392,0.000637456,0.000370933,0.000531946,0.000419637,0.000905258,0.001031741,NA,0.000444207,0.00085723,0.000382654,0.000201777,0.000428073,0.000738881,0.000633945,0.000300655,NA,0.000464335,0.000955949,0.000779219,0.000613083,0.000417728,0.000501597,0.000823261,0.001654959,0.000547845
VMHn,0.00022483,0.00050166,0.000519419,0.000556206,0.000995912,0.000119813,0.000313801,0.000409093,0.000333845,0.000539375,0.000304756,0.000418715,0.000539011,0.000508938,0.000338981,0.000512614,0.00023965,0.000371736,0.000419076,0.000283624,0.000702012,0.000490528,0.000200676,NA,0.000619714,0.000219061,0.000503791,0.000401772,0.000395299,0.000312358,NA,0.000277965,0.000389578,0.000280492,NA,0.000164305,0.000654439,0.000657479,0.002085773,0.000212483
PHn,0.000735115,0.00077714,0.00134904,0.001247917,0.001308383,0.00048118,NA,0.000400276,0.00054691,0.000941151,0.001089825,0.000996757,0.000461011,0.000930381,0.000830599,0.000984072,0.001224603,0.001508037,0.001444575,0.001111102,0.001498146,0.001518238,0.001058546,0.00178445,0.000900815,0.000778485,0.001232331,0.000970747,0.00109534,0.000648969,0.000681033,0.001042296,0.001625967,0.001211191,0.000894063,0.000810735,0.001022442,0.001268912,0.00296128,0.001289251
LHA,0.000287097,0.000547615,0.000578697,0.000529991,0.00064422,0.000304685,0.000446456,0.000612488,0.00046983,0.000482935,0.00042663,0.000574321,0.000374579,0.000612936,0.000486334,0.000487837,0.00055898,0.000669199,0.000482898,0.00042488,0.000722357,0.000750436,0.000450626,0.001048592,0.000424545,0.00033315,0.000487632,0.000691977,0.000700368,0.000455919,0.000346608,0.000490254,0.000757189,0.000670446,0.000444976,0.00040106,0.000608301,0.000980051,0.002088524,0.000494327
LPO,0.000194307,0.000610022,0.000434622,0.000391083,0.000557809,0.000215711,0.000403582,0.000444274,0.000524879,0.000580433,0.000323505,0.000454491,0.000676019,0.000522685,0.000460346,0.000603347,0.000484749,0.000682802,0.000504727,0.000734185,0.000901691,0.000467219,0.000372727,0.0010333,0.000399857,0.00037728,0.000444615,0.000829307,0.000700762,0.000428303,0.000175891,0.00047962,0.000833082,0.000768952,0.000470186,0.000551877,0.000716744,0.000949476,0.001750771,0.000547932
PSTN,0.000334152,0.000695247,0.000821667,0.00048912,0.000792304,0.0003229,NA,0.000427955,0.000450173,0.000453326,0.000362693,0.000633104,0.000329083,0.000682234,0.000427759,NA,0.000647951,0.000621785,0.000570134,0.000411963,0.000746542,0.001002369,0.000720439,0.000947772,0.000423739,0.0003896,0.000596963,0.000815874,0.000756519,0.000596385,0.000420672,0.000527373,0.00089743,0.000765646,0.00066019,0.000395611,0.000628199,0.000883145,0.002024214,0.000758925
STN,0.000218808,0.000478012,0.000558035,0.000242259,0.000675425,8.97E-05,0.000124265,0.000463686,0.000281472,0.000425974,0.00020254,0.001004984,0.000296464,0.000626318,0.000177318,0.000630876,0.000532972,0.000516593,0.000414568,0.00017415,0.000722299,0.000858317,0.000355174,NA,0.000329064,0.000313501,0.000625842,0.000842907,0.000785785,0.000421274,0.000223493,0.000204003,0.001088895,0.000779407,NA,0.000503132,0.000563324,0.000877521,0.001175344,0.001257919
TN ,0.00011574,0.000213764,0.00036769,0.000331311,0.000611903,0.000125418,0.000236169,NA,0.000233255,0.000445065,0.000225864,0.000371585,0.00027229,0.000341918,0.000256295,0.000450471,0.000124418,0.000320364,0.00038475,0.000200794,0.000525223,0.000357815,NA,NA,0.000258642,0.000130169,0.000356171,0.000412216,0.000312632,0.000203446,NA,0.000182326,0.000350658,0.000149508,NA,0.000141602,0.000401459,0.000484342,0.001264073,0.000158526
ZI ,0.000517776,0.000712612,0.000488585,0.000561221,0.000755996,0.000351029,0.000649447,0.000325254,0.000370921,0.000551022,0.000401815,0.000584725,0.000349153,0.000726368,0.000431748,0.000551906,0.000583864,0.000705222,0.000528038,0.000431797,0.000701175,0.000522055,0.000619107,0.001096597,0.000460906,0.000356659,0.000434042,0.000748495,0.000689152,0.000562748,0.000408728,0.000606562,0.000815879,0.000830202,0.000378951,0.000513229,0.000496769,0.001004736,0.001821536,0.000695084
FF,0.000386239,0.000561039,0.000398264,0.000566627,0.000582344,0.000145842,NA,0.000253322,0.00030033,0.000329953,0.000202527,0.000594483,0.000265375,0.000639055,0.000464307,NA,0.000362085,0.000526338,0.000430552,0.000539281,0.000365654,NA,0.000684044,NA,0.000313304,0.00024687,0.000428197,0.000728205,0.000622786,0.000609207,0.000277337,0.00052064,0.000815247,0.000850604,0.000263665,0.000339191,0.000608608,0.000905492,NA,0.000675774
SCO,0.000131165,0.000284667,6.15E-05,0.00010161,0.001215203,1.78E-05,NA,2.19E-05,9.31E-05,0,0.000153922,5.08E-05,9.93E-05,0.000201061,8.14E-05,NA,4.50E-05,9.93E-05,0.000421552,0.000116563,1.38E-05,0.000343135,0.000279894,NA,0.00021565,0.000169878,0.000149295,0.000221127,3.20E-05,0.000163165,NA,7.92E-05,2.97E-05,7.38E-05,0.000154626,5.14E-05,0.000124652,0.000135289,0.000258599,0.000188281
reSN,1.11E-05,0.000224611,0.000120155,0.000120572,0.000390967,0.000104372,7.78E-05,0.000190901,0.000137485,0.000446691,6.98E-05,0.000119474,0.000332849,0.000422048,0.000175984,9.36E-05,0.000398293,0.000365916,0.000346397,0.000123852,0.000268718,0.000120868,0.000111034,0.000457889,0.000138566,8.06E-05,0.000190223,0.000440296,0.000197749,0.00014808,0.000181525,8.78E-05,0.000225698,0.0002235,6.22E-05,3.29E-05,0.000495252,0.000242389,0.00117995,NA
VTA,7.83E-05,0.00047571,0.000359797,0.000400303,0.000654357,0.000205298,0.000175525,0.000111267,0.000270449,0.000388708,0.000185958,0.001305857,0.000337234,0.000760835,0.000280982,0.00022821,0.000353142,0.00042312,0.00071172,0.000227341,0.000322852,0.000416365,0.000423961,0.000787523,0.000242572,0.000174952,0.000380963,0.000594795,0.000308167,0.00029662,NA,0.00028753,0.000418549,0.000136578,8.60E-05,7.98E-05,0.000768299,0.000496312,0.001839838,NA
PAG,0.000643398,0.000700739,0.000699565,0.000662035,0.001004644,0.000372907,0.000637441,0.000320209,0.000359706,0.000711859,0.000515706,0.000584991,0.00041923,0.000926748,0.000661266,NA,0.000766068,0.00085596,0.000783192,0.001021386,0.000913732,0.00078061,NA,0.001067982,0.000500747,0.000536952,0.000988214,0.000835715,0.000806966,0.000525838,NA,0.000790926,0.000877812,NA,0.000437708,0.000523168,0.001031098,0.001110585,0.001709962,0.000985726
PreCN,0.000801691,0.000921593,0.000573729,0.000836054,0.001112493,0.000474026,NA,0.000358839,0.000390252,0.000408249,0.000544276,0.00045629,0.000338709,0.000702337,0.000444488,NA,NA,0.000337735,0.000950081,0.000627805,0.001238814,0.001264203,0.00099519,NA,0.000553893,0.000513378,0.000526763,0.000775057,0.000664733,0.000386026,0.000705312,0.000577529,0.000773904,0.000784457,0.00072637,0.000630454,0.000556807,0.00084419,0.001392195,0.000577052
APTN,0.000259279,0.000525241,0.000404131,0.000268613,0.000393196,9.45E-05,NA,0.000179779,0.000205403,0.000428213,0.000166485,0.000359623,0.000420316,0.000776359,0.000431593,0.000288559,0.000285227,0.000460321,0.000329603,0.000341611,0.000418708,0.000361378,0.000546086,0.000967992,0.000233702,0.000217529,0.000298885,0.000532126,0.000610277,0.000531146,NA,0.000442326,0.000713781,0.000547917,0.000192894,0.000279336,0.000802111,0.001014855,0.001957149,0.000515891
cSN,2.26E-05,0.0002988,0.000173432,0.000387084,0.000406525,5.38E-05,0.000130305,0.000137069,0.000126529,0.000431087,0.000144058,0.000292243,0.000379591,0.000528579,0.000130333,0.000151927,0.000466289,0.0003693,0.000478493,0.000224391,0.000296469,0.000231625,0.000153735,0.00059743,0.000141487,0.000150447,0.000228776,0.000661813,0.000230364,0.000235533,0.00019183,0.000191658,0.000268521,0.000251987,7.44E-05,5.92E-05,0.000606624,0.00040603,0.001646603,NA
